id,text,incident_description,label,scam_type,scenario,source,language,risk_level,authority_impersonated,communication_channel,source_url,source_name,source_publication_date,collection_timestamp,source_country,verified,needs_human_review
1,,"<a href=""https://news.google.com/rss/articles/CBMizwFBVV95cUxPenZPU0h2VXRHMmNmdlBZNDJLTm1sZmwxNm9Gb2VDUlhYaS1MN1h1ZzBKRkFuclF2YjBwWTQ2SVJCNHNVcFRiN1JYRWxFcDI4R09aeGdrS2U1ckJaUlZBSXVIRUE4TlduUlVRRGxDQUtqN29hVGsyeXRWX0cxeVNVRDZYR1ROVmlVNGlQVjc4dXlxNUp2elo1WjBlVTZkeDgtM0FJbGdMZ1c1dXRLWGxvM0N1bnVqZFB5Qm9Xb181MGVlVXNiTmFOU3ZPU1VoSjTSAdYBQVVfeXFMTkxNVHhBM25KMXIwbENVMXJEa0gtUDZqZUVXb1dReTN6Tk9MZGYyOERJSGlJSm9OU0ZqWUU4akxpbXdvbVhNeDhRdmNQZkgtck54bUlRRGNVT3BKTC1XQnpDVUZFM3lzZllfdnljMC1UYllzSFhiSnljQzdTWDBMZzhNNXlTMGIydDN5THhSZjZpUkZCY1ZRbHFIVHl6VXYxbkxPTmlUN1dKcUF5MS1xQm0zb2I2MXhKM2ZBQUhVX3V5d2M4U2s3VExMRl90d1VfUEIyR0cxQQ?oc=5"" target=""_blank"">Digital arrest scams: What has the Supreme Court directed to protect victims?</a>&nbsp;&nbsp;<font color=""#6f6f6f"">The Hindu</font>",1,Digital Arrest,,News Report,English,High,Supreme Court,Unknown,https://news.google.com/rss/articles/CBMizwFBVV95cUxPenZPU0h2VXRHMmNmdlBZNDJLTm1sZmwxNm9Gb2VDUlhYaS1MN1h1ZzBKRkFuclF2YjBwWTQ2SVJCNHNVcFRiN1JYRWxFcDI4R09aeGdrS2U1ckJaUlZBSXVIRUE4TlduUlVRRGxDQUtqN29hVGsyeXRWX0cxeVNVRDZYR1ROVmlVNGlQVjc4dXlxNUp2elo1WjBlVTZkeDgtM0FJbGdMZ1c1dXRLWGxvM0N1bnVqZFB5Qm9Xb181MGVlVXNiTmFOU3ZPU1VoSjTSAdYBQVVfeXFMTkxNVHhBM25KMXIwbENVMXJEa0gtUDZqZUVXb1dReTN6Tk9MZGYyOERJSGlJSm9OU0ZqWUU4akxpbXdvbVhNeDhRdmNQZkgtck54bUlRRGNVT3BKTC1XQnpDVUZFM3lzZllfdnljMC1UYllzSFhiSnljQzdTWDBMZzhNNXlTMGIydDN5THhSZjZpUkZCY1ZRbHFIVHl6VXYxbkxPTmlUN1dKcUF5MS1xQm0zb2I2MXhKM2ZBQUhVX3V5d2M4U2s3VExMRl90d1VfUEIyR0cxQQ?oc=5,Google News RSS,"Tue, 11 Aug 2026 12:38:13 GMT",2026-08-14T08:48:04.339112,India,0,1
2,,"<a href=""https://news.google.com/rss/articles/CBMiogFBVV95cUxPMkpiWDZjdS10OVMtd2tDUFktT1d2d1ptenIyYXJ4U09PRUZsNjhqV195MVpaOEFkbDdzcUEwaHlfb09JMGVMQXVYSEpTclYtSFBMVmpoZ3ZYcTlvOVFnTkJjRnphVXJ0YjlnZ3hnQ0tuZm81cGMzbWUwMWgycVUxd1RMUEIzaEhrQXhMNUs2QlRtQkRtcnU3aERVY0N2QkQ0alE?oc=5"" target=""_blank"">From RBI SOPs to a Call “Kill Switch”: SC’s Plan Against Digital Arrest Scams</a>&nbsp;&nbsp;<font color=""#6f6f6f"">SCC Online</font>",1,Digital Arrest,,News Report,English,High,RBI,Unknown,https://news.google.com/rss/articles/CBMiogFBVV95cUxPMkpiWDZjdS10OVMtd2tDUFktT1d2d1ptenIyYXJ4U09PRUZsNjhqV195MVpaOEFkbDdzcUEwaHlfb09JMGVMQXVYSEpTclYtSFBMVmpoZ3ZYcTlvOVFnTkJjRnphVXJ0YjlnZ3hnQ0tuZm81cGMzbWUwMWgycVUxd1RMUEIzaEhrQXhMNUs2QlRtQkRtcnU3aERVY0N2QkQ0alE?oc=5,Google News RSS,"Mon, 10 Aug 2026 13:00:27 GMT",2026-08-14T08:48:06.617316,India,0,1
3,,"<a href=""https://news.google.com/rss/articles/CBMi4AFBVV95cUxPRFdsdEJqUWktdlVlbjQ3NTd0T2NlaDdJNUMzZTRvamZJb0VlUS1FSVJSQ3RQUjNKb1pNR1Rwb19XTjZBWXJKLTU4bTlRUFpJQ0VqZWNwUWJkeDRWLTk4aDNCb1hjb1lvbzFmd1NxVGZMaU9OZUlTRl82TUE4b05fX3FDNWtfckFWLW91VFVJNWIxeDY4WXNuellpd0VlZy1DWk11ZERzcWs5RUU3X1BkM1hVdEZTUGt6VXhBTzdjWk9UVlA3a1NtS0pDWTdZbG44RUFWckJMM3A3NEZHWGVEa9IB5gFBVV95cUxPMG92a3JHOVVMWlptQkx6UklJUEMxcUpmYnFTLUpjcW5lZ0dyVndweU1PMURfWmlJRjBscDBGMTM3TFpsZTJKeXRHb2RJdDlwZ2JtcnQ0Zk1LamUyYWJZWjJuZFFTX1Nzd3JtWExlWHliUktzRU4yZ3lITVZ5SW1Qb05oX0FKM0tQb0EtUDhXbWlCVVhOWTdPblYtT1FJa2twZjc3S1M3V1dMcEtmQlAyQlF2VnJaRjRKWmUtS3M4NzNNWUM4SmNkYUM0UzNld2E5b2lRb2hXOG1INXctUXNSaFhLOVZFZw?oc=5"" target=""_blank"">Govt panel wants CBI to probe more digital arrest scams, wants Rs 10 crore threshold cut to Rs 1 crore</a>&nbsp;&nbsp;<font color=""#6f6f6f"">ThePrint</font>",1,Digital Arrest,,News Report,English,Critical,CBI,Unknown,https://news.google.com/rss/articles/CBMi4AFBVV95cUxPRFdsdEJqUWktdlVlbjQ3NTd0T2NlaDdJNUMzZTRvamZJb0VlUS1FSVJSQ3RQUjNKb1pNR1Rwb19XTjZBWXJKLTU4bTlRUFpJQ0VqZWNwUWJkeDRWLTk4aDNCb1hjb1lvbzFmd1NxVGZMaU9OZUlTRl82TUE4b05fX3FDNWtfckFWLW91VFVJNWIxeDY4WXNuellpd0VlZy1DWk11ZERzcWs5RUU3X1BkM1hVdEZTUGt6VXhBTzdjWk9UVlA3a1NtS0pDWTdZbG44RUFWckJMM3A3NEZHWGVEa9IB5gFBVV95cUxPMG92a3JHOVVMWlptQkx6UklJUEMxcUpmYnFTLUpjcW5lZ0dyVndweU1PMURfWmlJRjBscDBGMTM3TFpsZTJKeXRHb2RJdDlwZ2JtcnQ0Zk1LamUyYWJZWjJuZFFTX1Nzd3JtWExlWHliUktzRU4yZ3lITVZ5SW1Qb05oX0FKM0tQb0EtUDhXbWlCVVhOWTdPblYtT1FJa2twZjc3S1M3V1dMcEtmQlAyQlF2VnJaRjRKWmUtS3M4NzNNWUM4SmNkYUM0UzNld2E5b2lRb2hXOG1INXctUXNSaFhLOVZFZw?oc=5,Google News RSS,"Mon, 10 Aug 2026 15:25:17 GMT",2026-08-14T08:48:08.799168,India,0,1
4,,"<a href=""https://news.google.com/rss/articles/CBMiswFBVV95cUxPTFByaWFkNjBVWlN4aHh4MVdfWjl5M3UxWUFvWEt0TldLMktjdlJRRlg5RVFJZVZHVDZ4R0FyX2U4N2RQbmt4SmhZRkxxcUxqeldWbUdXU3VPSFNXeDlXM0xkY2hGbEUydEhKU0R5dVNyTUduakFubmxiRFY0TUFfRTZrVmcxS0FaUnFKdnpORWZZd0lSS0RuLW91S21HdGpOWTJfb0VoN1NUejIxeUFQeXJnRdIBuwFBVV95cUxNZl9CNWRWNEpvNWZZUGNrVGVqclVuejRsU25YaWZ3UVRaV0sxdnZFeU1SSVNJVG1RQ1Frd1AxbFBkTGhGMFg4THI4Wndxa1lWRm1JMV9rRGxyVFBWVkhrX3YzbGFzb3hWTzVrZ3E3S0xwVTJBcDZmUjRsQTQwQzFnSVpoUElobFNTMy1qRy1Lay1ZYzhfdEhoTWRiYlQ2aHZxYXVSNS1KV0dVM1Bmby05RzJGWTU2SU4tSHZB?oc=5"" target=""_blank"">Ex-Judge, 90, Duped Of Rs 2.5 Crore In 'Digital Arrest' Cyber Scam In Jaipur</a>&nbsp;&nbsp;<font color=""#6f6f6f"">NDTV</font>",1,Digital Arrest,,News Report,English,Critical,,Unknown,https://news.google.com/rss/articles/CBMiswFBVV95cUxPTFByaWFkNjBVWlN4aHh4MVdfWjl5M3UxWUFvWEt0TldLMktjdlJRRlg5RVFJZVZHVDZ4R0FyX2U4N2RQbmt4SmhZRkxxcUxqeldWbUdXU3VPSFNXeDlXM0xkY2hGbEUydEhKU0R5dVNyTUduakFubmxiRFY0TUFfRTZrVmcxS0FaUnFKdnpORWZZd0lSS0RuLW91S21HdGpOWTJfb0VoN1NUejIxeUFQeXJnRdIBuwFBVV95cUxNZl9CNWRWNEpvNWZZUGNrVGVqclVuejRsU25YaWZ3UVRaV0sxdnZFeU1SSVNJVG1RQ1Frd1AxbFBkTGhGMFg4THI4Wndxa1lWRm1JMV9rRGxyVFBWVkhrX3YzbGFzb3hWTzVrZ3E3S0xwVTJBcDZmUjRsQTQwQzFnSVpoUElobFNTMy1qRy1Lay1ZYzhfdEhoTWRiYlQ2aHZxYXVSNS1KV0dVM1Bmby05RzJGWTU2SU4tSHZB?oc=5,Google News RSS,"Thu, 13 Aug 2026 10:07:45 GMT",2026-08-14T08:48:11.029563,India,0,1
5,,"<a href=""https://news.google.com/rss/articles/CBMisAFBVV95cUxNV092ZWFIS3BfXzlNUlpyallyNUNQb3JQcGxSMEEyX1ZNUmprUEpwMGNRZmo5eE5DWWhmOTFuamhFRWUzWnE0RFpGN0lCWDBXVHY0b0JOMTB0alVmZnM0Y0FLQTNNV3VsblBoMGJaQ0ZnS05Zc1lKaU9RdkxyS0xNTUZmcHVvS0JwNjYyWVpGUE5IcmtkelZlcThlSXdfRm5GUWZWT2wyX1VySW9WSFFBRtIBtwFBVV95cUxOUWZfb1ZWTThEY2NqdWpwNGNZN0tLUnpLTjRfT09IMjJvZFJfREFYUFVyWTBETWw1emV5ZXlVUjZ0RF9sM29sZFNDeGtaNWJwZFMtcXJ1YTdGVXlMdE4xVG15cXZFQU9NLXFwYmZSOTZpTUFfaHFBR1lzSFFKbkIxZ2pBYzE3Q1YwSkZVWjhPX1VlVlZwY3VrdHBhTlFGMExPX0VHX2xPY0l6SWk4d0I3aHlLWmQtdWs?oc=5"" target=""_blank"">Digital arrest: How a maze of 5,436 accounts was used to funnel Rs 10.7 crore siphoned from Pune senior citizen</a>&nbsp;&nbsp;<font color=""#6f6f6f"">The Indian Express</font>",1,Digital Arrest,,News Report,English,Critical,,Unknown,https://news.google.com/rss/articles/CBMisAFBVV95cUxNV092ZWFIS3BfXzlNUlpyallyNUNQb3JQcGxSMEEyX1ZNUmprUEpwMGNRZmo5eE5DWWhmOTFuamhFRWUzWnE0RFpGN0lCWDBXVHY0b0JOMTB0alVmZnM0Y0FLQTNNV3VsblBoMGJaQ0ZnS05Zc1lKaU9RdkxyS0xNTUZmcHVvS0JwNjYyWVpGUE5IcmtkelZlcThlSXdfRm5GUWZWT2wyX1VySW9WSFFBRtIBtwFBVV95cUxOUWZfb1ZWTThEY2NqdWpwNGNZN0tLUnpLTjRfT09IMjJvZFJfREFYUFVyWTBETWw1emV5ZXlVUjZ0RF9sM29sZFNDeGtaNWJwZFMtcXJ1YTdGVXlMdE4xVG15cXZFQU9NLXFwYmZSOTZpTUFfaHFBR1lzSFFKbkIxZ2pBYzE3Q1YwSkZVWjhPX1VlVlZwY3VrdHBhTlFGMExPX0VHX2xPY0l6SWk4d0I3aHlLWmQtdWs?oc=5,Google News RSS,"Wed, 12 Aug 2026 16:48:44 GMT",2026-08-14T08:48:12.858148,India,0,1
6,,"<a href=""https://news.google.com/rss/articles/CBMixAFBVV95cUxQeVAtVkNrSWpfNmhpSHFfRmhlRlpJQU10Y1pRM2FMb21WZkZ5aU9mWUY2U2hPNVJMUGdQdnN1aERveTBXSTZhVDJidnVwVmhmSnM3VDFZWnAxRk02WGx3a2RUaFJuSlhxczhTQzJCQ0k4OU9lMTVXbUZ6Z0pZODdvQ0J4MFpkWml5U2JqYXFfTG4tdjNleGE2YTBScHdfOXBQN21DUWIxVzE5aUF0OENySWktVk1jeWp3eExXSDYxOXZBVXUx0gHSAUFVX3lxTE94VFpRa3lucnhEbnlwSnBqQW9yTzJpSDBWSnByNWpIQnozYkdFdG9pdDlycGR0aFBHLTI3dnFxQzB6WTgybVhvU015eFB6TXNfVTZmMUxWR3dSbHpfSm1DUnVscGM2ZExZZjZvdkhrS0V5UzZKZm9WX1Z1YUlocWdsQS1USGtWRkRja1RoOUFuTG1qT3ZYQmZ6eEpsTHE2MkZtMWlOdnAyakE0V1c2VWhHWlJMeDlGLVk4VDVyVEhrVTR6aE5KRFNWdEJNRjQ4d1ZKUQ?oc=5"" target=""_blank"">Digital Arrest Scam: Retired Judge Duped Of Rs 2.50 Crore, Alert SBI Manager Stops PPF Transfer</a>&nbsp;&nbsp;<font color=""#6f6f6f"">Outlook Money</font>",1,Digital Arrest,,News Report,English,Critical,,Unknown,https://news.google.com/rss/articles/CBMixAFBVV95cUxQeVAtVkNrSWpfNmhpSHFfRmhlRlpJQU10Y1pRM2FMb21WZkZ5aU9mWUY2U2hPNVJMUGdQdnN1aERveTBXSTZhVDJidnVwVmhmSnM3VDFZWnAxRk02WGx3a2RUaFJuSlhxczhTQzJCQ0k4OU9lMTVXbUZ6Z0pZODdvQ0J4MFpkWml5U2JqYXFfTG4tdjNleGE2YTBScHdfOXBQN21DUWIxVzE5aUF0OENySWktVk1jeWp3eExXSDYxOXZBVXUx0gHSAUFVX3lxTE94VFpRa3lucnhEbnlwSnBqQW9yTzJpSDBWSnByNWpIQnozYkdFdG9pdDlycGR0aFBHLTI3dnFxQzB6WTgybVhvU015eFB6TXNfVTZmMUxWR3dSbHpfSm1DUnVscGM2ZExZZjZvdkhrS0V5UzZKZm9WX1Z1YUlocWdsQS1USGtWRkRja1RoOUFuTG1qT3ZYQmZ6eEpsTHE2MkZtMWlOdnAyakE0V1c2VWhHWlJMeDlGLVk4VDVyVEhrVTR6aE5KRFNWdEJNRjQ4d1ZKUQ?oc=5,Google News RSS,"Thu, 13 Aug 2026 12:31:42 GMT",2026-08-14T08:48:14.768284,India,0,1
7,,"<a href=""https://news.google.com/rss/articles/CBMi2gFBVV95cUxQUDFUR05ycEEtVS1lUFhZa0h1TDdlSkNvNmRqZURnMHc4N1lVZmdYTHlyQVdDX0U1V1M1WnlFa21PNGVrQ0FQM0d5SzFCMHdwVEVQY01NOENNSVlHS1kzS1llQ3pNYUY4Q0EzSmpOVHNHWHg1YmtSb0tYX1dGSmhzd0pzNXN1N3hVOHVhbmNnVzdiRTlRX0xMc1BqQ2hMQm16MW0wQ0lfUU53LVVrV3VSeUpuOWhHdVVsQ3p2RXhJMUJTaWVLQTkzSVh1NlJsUDVZakw0cG5kX3ZOQdIB3wFBVV95cUxNY1RGXzFnc0ZrU1BhckstMmlvSTF6Y3hpOUI5T3o0S0hpbkYtcS1KRVN5OEhpNTJxRWpyM3lxd2tOV1JJUS01aTZ3MlBtZTdCYlMtMXBBLWtTUzRGNzFrdm45ZVhLWXNzM0RRbTFBS2J3aWxyLWxvOEE0NjFMYzVrc2FpaTRDS0h6eHJINDFRNGtjTDh0TVBGTGV4M05SR1FuSk9nNVhQN19YWXNHTmppcTJUS2JLaWM0RmVFcjg4cF9SM1BTSDh4LTNDNXVFOUlTVXktazJNTUhVY0Ztei00?oc=5"" target=""_blank"">Digital arrest scam: Pune influencer held for supplying mule accounts to fraudsters</a>&nbsp;&nbsp;<font color=""#6f6f6f"">The Times of India</font>",1,Digital Arrest,,News Report,English,High,,Unknown,https://news.google.com/rss/articles/CBMi2gFBVV95cUxQUDFUR05ycEEtVS1lUFhZa0h1TDdlSkNvNmRqZURnMHc4N1lVZmdYTHlyQVdDX0U1V1M1WnlFa21PNGVrQ0FQM0d5SzFCMHdwVEVQY01NOENNSVlHS1kzS1llQ3pNYUY4Q0EzSmpOVHNHWHg1YmtSb0tYX1dGSmhzd0pzNXN1N3hVOHVhbmNnVzdiRTlRX0xMc1BqQ2hMQm16MW0wQ0lfUU53LVVrV3VSeUpuOWhHdVVsQ3p2RXhJMUJTaWVLQTkzSVh1NlJsUDVZakw0cG5kX3ZOQdIB3wFBVV95cUxNY1RGXzFnc0ZrU1BhckstMmlvSTF6Y3hpOUI5T3o0S0hpbkYtcS1KRVN5OEhpNTJxRWpyM3lxd2tOV1JJUS01aTZ3MlBtZTdCYlMtMXBBLWtTUzRGNzFrdm45ZVhLWXNzM0RRbTFBS2J3aWxyLWxvOEE0NjFMYzVrc2FpaTRDS0h6eHJINDFRNGtjTDh0TVBGTGV4M05SR1FuSk9nNVhQN19YWXNHTmppcTJUS2JLaWM0RmVFcjg4cF9SM1BTSDh4LTNDNXVFOUlTVXktazJNTUhVY0Ztei00?oc=5,Google News RSS,"Wed, 12 Aug 2026 18:56:00 GMT",2026-08-14T08:48:16.825796,India,0,1
8,,"<a href=""https://news.google.com/rss/articles/CBMi0AFBVV95cUxObXl3dmstZGRvQW54LVZJZnRYU2dwTW9maGROYkVkUHRHUGZiaWxsTmh6STNlQnhsbG9EQVk1YjdjZmNFTkwtV2NLWkdiV2ZHSVg1ekU5SG00WjdfdjZ3V19GTG9zaFNadFVQVHk5ZDRNVktWOFJYRFdlVEJxSVFjcWhvUmRjUGFhQ0ZqaGsydzVDdjI1dnZ3Z29nSU0xU21XR042cXhkZUV6RzcyNlhQQVVMYWNRQ1ZCMU5vWmJNZ0xDaFRwVm5HLUluTnJVT09k?oc=5"" target=""_blank"">Social media influencer held in digital arrest scam</a>&nbsp;&nbsp;<font color=""#6f6f6f"">Rediff</font>",1,Digital Arrest,,News Report,English,High,,Unknown,https://news.google.com/rss/articles/CBMi0AFBVV95cUxObXl3dmstZGRvQW54LVZJZnRYU2dwTW9maGROYkVkUHRHUGZiaWxsTmh6STNlQnhsbG9EQVk1YjdjZmNFTkwtV2NLWkdiV2ZHSVg1ekU5SG00WjdfdjZ3V19GTG9zaFNadFVQVHk5ZDRNVktWOFJYRFdlVEJxSVFjcWhvUmRjUGFhQ0ZqaGsydzVDdjI1dnZ3Z29nSU0xU21XR042cXhkZUV6RzcyNlhQQVVMYWNRQ1ZCMU5vWmJNZ0xDaFRwVm5HLUluTnJVT09k?oc=5,Google News RSS,"Thu, 13 Aug 2026 15:30:29 GMT",2026-08-14T08:48:18.680260,India,0,1
9,,"<a href=""https://news.google.com/rss/articles/CBMiigFBVV95cUxNM3F0aWFUSFdFenZrVGRwLU9sdTNObGJVUkVMODJNVFJQdVdtN3VJZ0VPV3VMbkg3N1VTdlVZV01MZzRFRUp0ekxSTVdMNFpBbFVXLVRvNURlakplU1VMbnBFS05EUTYxTXJQdDF2aTZnanBvcC1QZURlczZRNkRRekNKM2hqU0htRmc?oc=5"" target=""_blank"">Andhra woman loses Rs 1.43 crore in digital arrest scam</a>&nbsp;&nbsp;<font color=""#6f6f6f"">telanganatoday.com</font>",1,Digital Arrest,,News Report,English,Critical,,Unknown,https://news.google.com/rss/articles/CBMiigFBVV95cUxNM3F0aWFUSFdFenZrVGRwLU9sdTNObGJVUkVMODJNVFJQdVdtN3VJZ0VPV3VMbkg3N1VTdlVZV01MZzRFRUp0ekxSTVdMNFpBbFVXLVRvNURlakplU1VMbnBFS05EUTYxTXJQdDF2aTZnanBvcC1QZURlczZRNkRRekNKM2hqU0htRmc?oc=5,Google News RSS,"Fri, 07 Aug 2026 08:01:14 GMT",2026-08-14T08:48:20.595999,India,0,1
10,,"<a href=""https://news.google.com/rss/articles/CBMisgFBVV95cUxQSDVrekpmcnlJYlMtSXlIQXQ3Zk1vQTVkQmNTbEsxOXRhanhoQ29KdEJfVkdqVURLREJUd09remhLNlByWWFlZ0FSVDVrcGxDd1NkcVlwc25DRkZlTEVwUGxndlltVlNRLU11Vjd2bTdQaVdHTlFSWDhpVmN6QVk5LURYMnVWMzdBVWMzZVVad3FRQzFVQUZtSHVlWXFqZ0Zlb3dZdWhJZ1Q4c1Vvak5UTjhB0gG4AUFVX3lxTE5WNFhiN2ZiSjFZMmd1QWcyM2xvZHhHelc2dFBHckpGWnRWdFZlZ0lKRDFfSVJWbE1RaTl3ZnB3RV8xUTducjJSclBMMkRkSHBmS0pLUVNWM2xPRFh0NWhpQmxVLTRwbGhGWHAyOExReGRmbHB3cGtpS3ZmX0JTYWRnVklMRjJlSE5QR2hhQXRNQURtNTFVaDBSZmtWX1lucnJlXzRPbUcyY0hoaml0LXRONDlHdzFYVU8?oc=5"" target=""_blank"">63-year-old digital arrest victim seeks CBI probe</a>&nbsp;&nbsp;<font color=""#6f6f6f"">The Hindu</font>",1,Digital Arrest,,News Report,English,High,CBI,Unknown,https://news.google.com/rss/articles/CBMisgFBVV95cUxQSDVrekpmcnlJYlMtSXlIQXQ3Zk1vQTVkQmNTbEsxOXRhanhoQ29KdEJfVkdqVURLREJUd09remhLNlByWWFlZ0FSVDVrcGxDd1NkcVlwc25DRkZlTEVwUGxndlltVlNRLU11Vjd2bTdQaVdHTlFSWDhpVmN6QVk5LURYMnVWMzdBVWMzZVVad3FRQzFVQUZtSHVlWXFqZ0Zlb3dZdWhJZ1Q4c1Vvak5UTjhB0gG4AUFVX3lxTE5WNFhiN2ZiSjFZMmd1QWcyM2xvZHhHelc2dFBHckpGWnRWdFZlZ0lKRDFfSVJWbE1RaTl3ZnB3RV8xUTducjJSclBMMkRkSHBmS0pLUVNWM2xPRFh0NWhpQmxVLTRwbGhGWHAyOExReGRmbHB3cGtpS3ZmX0JTYWRnVklMRjJlSE5QR2hhQXRNQURtNTFVaDBSZmtWX1lucnJlXzRPbUcyY0hoaml0LXRONDlHdzFYVU8?oc=5,Google News RSS,"Fri, 07 Aug 2026 20:19:36 GMT",2026-08-14T08:48:22.526635,India,0,1
11,,"<a href=""https://news.google.com/rss/articles/CBMivgFBVV95cUxNaVlFVW03eks2V194UDY1Z00zdHdNU3d0X3lkSFJpM0dRakVfUnJFVFU5OF9vZk43MnlZWnBqYVh1YzNlU3hRelBCajhyQU5TZ2UwWEtiTzFxaHBfal9rRGxhZ3VNZTJvUlVLcnQtZkdFbkJSWjVKZkRjTHJxUEI1TVNfcDhEaUt0aEkwVFFFNU1NTUdQQy1IbmJLV2RQM2prcmJXOW5HbVU5Z0xBcEJhTXJub0dtMGZYei1sUFd3?oc=5"" target=""_blank"">From RBI SOPs to a Call “Kill Switch”: SC’s Plan Against Digital Arrest Scams</a>&nbsp;&nbsp;<font color=""#6f6f6f"">SCC Online</font>",1,Digital Arrest,,News Report,English,High,RBI,Unknown,https://news.google.com/rss/articles/CBMivgFBVV95cUxNaVlFVW03eks2V194UDY1Z00zdHdNU3d0X3lkSFJpM0dRakVfUnJFVFU5OF9vZk43MnlZWnBqYVh1YzNlU3hRelBCajhyQU5TZ2UwWEtiTzFxaHBfal9rRGxhZ3VNZTJvUlVLcnQtZkdFbkJSWjVKZkRjTHJxUEI1TVNfcDhEaUt0aEkwVFFFNU1NTUdQQy1IbmJLV2RQM2prcmJXOW5HbVU5Z0xBcEJhTXJub0dtMGZYei1sUFd3?oc=5,Google News RSS,"Mon, 10 Aug 2026 13:35:39 GMT",2026-08-14T08:48:24.348791,India,0,1
12,,"<a href=""https://news.google.com/rss/articles/CBMi1gFBVV95cUxNN0VaQnhWRHF0UlZnYU9kR1pwNWxFY2ZlWHZ5dlB1elliVGcwQW9HY09xM2ptblRCR0RlcTVicGpHeWpYVzdLa2I5QW1PRWticDVQU0hZbUNJVEgxRHFDRVBHcmJUVm5iSlBuWThXMW1STnE4ZkU2Yzh6SG9xQ0tPMXk0TFpsNkRCNTVqWmZYcVYzLW8xSXo4T1pUQURCTHAxbTc3emJkcUdGMVV2al9nMHl5Qlo1alF6NGg2dV91YUZyekd4d2dfQ09wdmVxS0NWZEJHQkpR0gHcAUFVX3lxTE92UkNSOTdPbzZVUkpjcklOSXhiWEszMGpFUGJfUURZMXBQTk92aXlXR1ktYWY3QXd6ZElKRVF4VmFLczJYNW5Pb0trajRIY002Z2tuUUpiemFfZi1HWHpWZ0pMZHFzbjZOOHpPdXNXZ1BJa3R2eTRKaDRIc3N5SThleWU0RGlOamU0bmdYT2M3elhjeGhpdi1MU1luYWRIOXk4TVFCVHVWMFFDa2Z0ZkRveVRmUFp3R2pITUVfYTYxZm80THU5enZJZy1XTGhiaTFNZlF3NjhlQmhfV28?oc=5"" target=""_blank"">Pune social media influencer held for cheating Rs 10.7 crore in digital arrest scam</a>&nbsp;&nbsp;<font color=""#6f6f6f"">The Indian Express</font>",1,Digital Arrest,,News Report,English,Critical,,Unknown,https://news.google.com/rss/articles/CBMi1gFBVV95cUxNN0VaQnhWRHF0UlZnYU9kR1pwNWxFY2ZlWHZ5dlB1elliVGcwQW9HY09xM2ptblRCR0RlcTVicGpHeWpYVzdLa2I5QW1PRWticDVQU0hZbUNJVEgxRHFDRVBHcmJUVm5iSlBuWThXMW1STnE4ZkU2Yzh6SG9xQ0tPMXk0TFpsNkRCNTVqWmZYcVYzLW8xSXo4T1pUQURCTHAxbTc3emJkcUdGMVV2al9nMHl5Qlo1alF6NGg2dV91YUZyekd4d2dfQ09wdmVxS0NWZEJHQkpR0gHcAUFVX3lxTE92UkNSOTdPbzZVUkpjcklOSXhiWEszMGpFUGJfUURZMXBQTk92aXlXR1ktYWY3QXd6ZElKRVF4VmFLczJYNW5Pb0trajRIY002Z2tuUUpiemFfZi1HWHpWZ0pMZHFzbjZOOHpPdXNXZ1BJa3R2eTRKaDRIc3N5SThleWU0RGlOamU0bmdYT2M3elhjeGhpdi1MU1luYWRIOXk4TVFCVHVWMFFDa2Z0ZkRveVRmUFp3R2pITUVfYTYxZm80THU5enZJZy1XTGhiaTFNZlF3NjhlQmhfV28?oc=5,Google News RSS,"Wed, 12 Aug 2026 07:30:27 GMT",2026-08-14T08:48:26.257693,India,0,1
13,,"<a href=""https://news.google.com/rss/articles/CBMiwwFBVV95cUxOZTBZM1g2SmtKTllYU3M5VzRvRDA4eE9BX0ZDcGwwVWZzMnpKeDdkUkxjNUpra0s4bE83VlNtT3VKeDBuZS1iN1p5NDNpQWJRc21HMllrUUlkZjhxdDRKaTh2RzJqc3RBVko5Q0dTQnF4QVhlVmVEaVZOUWZOcGVwMUt1V0hWeGlxSlhpSVdnTG9ZN2R5c0ltYU1NS29zM2Z0NGVTRjA4WHRxTVNNWjhEOFMyWjhXeG1HQ2ZNaUJrQ0g3XzDSAcgBQVVfeXFMTl9QMGNFemVEdlJzQXdGYUNaNzQ4dzktQlQzOFZsM2VOSElYWjlBT3NibUNvNHNnSkJRaldBWGEwemdmSklXUkpXVWwyVXQ3NTNES1ZabEtWUkZfT0NfWjlKSGFjYjlUb0Noai1ubFpyYzZVVjhHS3VkTWxDVlFGZWNpeWFQOHhDZG95akFVRFNHQmVpNUNRWHFuN0FBZ0lmRGFYZE5LZ2RhZDJ3OVNPbFhvSVJJcGxudVdmX0NNUEoxVlIxRkRUQ04?oc=5"" target=""_blank"">Why telcos are opposing SIM blocking within 2-3 hours in digital arrests & other cyber fraud</a>&nbsp;&nbsp;<font color=""#6f6f6f"">ThePrint</font>",1,Digital Arrest,,News Report,English,High,,Unknown,https://news.google.com/rss/articles/CBMiwwFBVV95cUxOZTBZM1g2SmtKTllYU3M5VzRvRDA4eE9BX0ZDcGwwVWZzMnpKeDdkUkxjNUpra0s4bE83VlNtT3VKeDBuZS1iN1p5NDNpQWJRc21HMllrUUlkZjhxdDRKaTh2RzJqc3RBVko5Q0dTQnF4QVhlVmVEaVZOUWZOcGVwMUt1V0hWeGlxSlhpSVdnTG9ZN2R5c0ltYU1NS29zM2Z0NGVTRjA4WHRxTVNNWjhEOFMyWjhXeG1HQ2ZNaUJrQ0g3XzDSAcgBQVVfeXFMTl9QMGNFemVEdlJzQXdGYUNaNzQ4dzktQlQzOFZsM2VOSElYWjlBT3NibUNvNHNnSkJRaldBWGEwemdmSklXUkpXVWwyVXQ3NTNES1ZabEtWUkZfT0NfWjlKSGFjYjlUb0Noai1ubFpyYzZVVjhHS3VkTWxDVlFGZWNpeWFQOHhDZG95akFVRFNHQmVpNUNRWHFuN0FBZ0lmRGFYZE5LZ2RhZDJ3OVNPbFhvSVJJcGxudVdmX0NNUEoxVlIxRkRUQ04?oc=5,Google News RSS,"Fri, 07 Aug 2026 07:34:57 GMT",2026-08-14T08:48:28.077990,India,0,1
14,,"<a href=""https://news.google.com/rss/articles/CBMingJBVV95cUxPeVdDb2xyZFNCNTk1NGE5WWRybU5FTHhsM3RPT2dnM3BkTVlvVXhqUnRFek13clpsc01GekRmdTZQbkJUN05FajVyUzVWMUVLb2pCLTFmLWlFOTN0REM4SnpyRlNnc01PbUVmZW92TDJkLV9SemF1UWdlcjFZT3p1LXNxYmNXem1vVnA3ckpJRHFaUm4wWDl1VVIwbTV2ZHBramVpT2lWMUpsQ1lJN2FyTUFjazltWE1HcjA4TWFjd2lON01ZdUs2M2hyTWUtcXAxXzhkbE80YWZDaXNJTklYSTVXT2c0czJMbG4xSHVwa0pkU3V5TEt1UXhuSkRNUUhLY3dQZzUzaS1vMU15WUhpaUUzUS1sSTFhbHo0WUh30gGkAkFVX3lxTFBGb2J5OUR0MF9RcmJUQmM0Q2VYRzdhTk9mLVRfNC1ua3pidzBmVllGRm1scEZ3cGpiVTc4eXJRUUZ5b1E4RlNaY0x5YXVlQWdKQWtESmwyMHQ0eGZVc2VrTDl5WmthOXZwVzE4Q055bk5RUGFWSXR4dWdjRVQ5WW5IdXFSeWMwUzJJZzFsQk9OSkZKaTRyYkJzQ1RkbWwtbDhXblotdHpGUUxoZjV6VzlWakFUQk9rLVppYmZzSEUybnBSMmI1NFFPMG8xWW1HUWZQbDF4eGgteUdLM0hmM0hMRDRyc3VFbW16ZVhGV0xGeFY4UWF3WTNIVHc0QU9pNWw0ZHZqSDJWX2lfTmRsWWdtR2VtUGRQWjhRczFZY2tmQktCbDg?oc=5"" target=""_blank"">International location, multiple mule accounts and a physical property sale: police report on hybrid digital arrest scam in Delhi HC</a>&nbsp;&nbsp;<font color=""#6f6f6f"">The Hindu</font>",1,Digital Arrest,,News Report,English,High,Police,Unknown,https://news.google.com/rss/articles/CBMingJBVV95cUxPeVdDb2xyZFNCNTk1NGE5WWRybU5FTHhsM3RPT2dnM3BkTVlvVXhqUnRFek13clpsc01GekRmdTZQbkJUN05FajVyUzVWMUVLb2pCLTFmLWlFOTN0REM4SnpyRlNnc01PbUVmZW92TDJkLV9SemF1UWdlcjFZT3p1LXNxYmNXem1vVnA3ckpJRHFaUm4wWDl1VVIwbTV2ZHBramVpT2lWMUpsQ1lJN2FyTUFjazltWE1HcjA4TWFjd2lON01ZdUs2M2hyTWUtcXAxXzhkbE80YWZDaXNJTklYSTVXT2c0czJMbG4xSHVwa0pkU3V5TEt1UXhuSkRNUUhLY3dQZzUzaS1vMU15WUhpaUUzUS1sSTFhbHo0WUh30gGkAkFVX3lxTFBGb2J5OUR0MF9RcmJUQmM0Q2VYRzdhTk9mLVRfNC1ua3pidzBmVllGRm1scEZ3cGpiVTc4eXJRUUZ5b1E4RlNaY0x5YXVlQWdKQWtESmwyMHQ0eGZVc2VrTDl5WmthOXZwVzE4Q055bk5RUGFWSXR4dWdjRVQ5WW5IdXFSeWMwUzJJZzFsQk9OSkZKaTRyYkJzQ1RkbWwtbDhXblotdHpGUUxoZjV6VzlWakFUQk9rLVppYmZzSEUybnBSMmI1NFFPMG8xWW1HUWZQbDF4eGgteUdLM0hmM0hMRDRyc3VFbW16ZVhGV0xGeFY4UWF3WTNIVHc0QU9pNWw0ZHZqSDJWX2lfTmRsWWdtR2VtUGRQWjhRczFZY2tmQktCbDg?oc=5,Google News RSS,"Thu, 13 Aug 2026 21:23:31 GMT",2026-08-14T08:48:29.973593,India,0,1
15,,"<a href=""https://news.google.com/rss/articles/CBMi1gFBVV95cUxNNnk3cHc4dkJyZGlfMnVBdkFrb0xCT0xyY0pqN2MxRVAwTWQ1R2w3RHJWSzl6OFFSRmc3dmNyRERGRFlGV2JZNnMxQzlxRVhFdndEQTZSbWVmSFVjM09DNEhGUm84VG1Jb1BSYVhfNnBiQnNGcUVHSVR2WTA1VkJhU2pfR19DMFN0TnVrbTZ6UWVSWjRsZTQ0eWpqV2JvLXlseW1IMHlzTG9KdFpyRURqY3hIVFkyT084TXpjaFotSU5sZEtRNkR0blRfNGlTMTNMTEVKTFVB0gHcAUFVX3lxTE1rT05ld2tESkFvZTBHbXlUVkl6RzBQU0tfZHB2TlljQjJMWlNSRzZocUdSUDlDNkxWRFZjLUtiTXF0VTEzR204eElVbVhkb1E1YkpmcU4yQ0xTZElpeFUwd290eEgxSUZST0EzTlRTNHI0RWg5RXBXUThhVkM0NE85RzdIQVBDZDNmVGRQTE1zOE5zRnYzbVE5Rk45MVBSaXNRZnBuVlBRSXFBQ0t1cGcweWstTFluMWJRTUotSnJ3WWdqQ0I4QjVQeTFvSjZ2Y05rU0stVmRkQkF4R0w?oc=5"" target=""_blank"">Digital Arrest Scams Explained: Tactics, Warning Signs, and Protection</a>&nbsp;&nbsp;<font color=""#6f6f6f"">The Indian Express</font>",1,Digital Arrest,,News Report,English,High,,Unknown,https://news.google.com/rss/articles/CBMi1gFBVV95cUxNNnk3cHc4dkJyZGlfMnVBdkFrb0xCT0xyY0pqN2MxRVAwTWQ1R2w3RHJWSzl6OFFSRmc3dmNyRERGRFlGV2JZNnMxQzlxRVhFdndEQTZSbWVmSFVjM09DNEhGUm84VG1Jb1BSYVhfNnBiQnNGcUVHSVR2WTA1VkJhU2pfR19DMFN0TnVrbTZ6UWVSWjRsZTQ0eWpqV2JvLXlseW1IMHlzTG9KdFpyRURqY3hIVFkyT084TXpjaFotSU5sZEtRNkR0blRfNGlTMTNMTEVKTFVB0gHcAUFVX3lxTE1rT05ld2tESkFvZTBHbXlUVkl6RzBQU0tfZHB2TlljQjJMWlNSRzZocUdSUDlDNkxWRFZjLUtiTXF0VTEzR204eElVbVhkb1E1YkpmcU4yQ0xTZElpeFUwd290eEgxSUZST0EzTlRTNHI0RWg5RXBXUThhVkM0NE85RzdIQVBDZDNmVGRQTE1zOE5zRnYzbVE5Rk45MVBSaXNRZnBuVlBRSXFBQ0t1cGcweWstTFluMWJRTUotSnJ3WWdqQ0I4QjVQeTFvSjZ2Y05rU0stVmRkQkF4R0w?oc=5,Google News RSS,"Tue, 11 Aug 2026 08:35:46 GMT",2026-08-14T08:48:31.896324,India,0,1
16,,"<a href=""https://news.google.com/rss/articles/CBMisAFBVV95cUxPQy1ESGhpbTdfMVlvT2dsUUpkajBDUFFUakhpVWdOYnU4UU0yVFFxNVNVMGpSRWk2SXdHbTZIWWU1N1l5UlNtc1hDQzZjMi1KbFBDSjc4MnVjQzM1c01NUTF5STlIU3pmdUJxSWEzZm1yakYxVG1kbWgyUUNYV2lrNEZVdGFDV1M0QzNtVVdaWkFpUUlVUGZCelE3cG1zdWxxNi0yLU5nZEE1QllTV3hDadIBtwFBVV95cUxNaFc5TnVGVVhoQkg0Y2s3OXo4YUVDdVBwekQyYkhGa2VValBJbWN4ZFJYOVBTNVRnOFoxMmRTbXpqWUJrLUFZWmZFNkpBeUdIdlVaZlF6YzBOLUp0MlRJUlhweVVkcE5rUVM0WTc5TnV0eHpwdGs1cFFEMzQ1LUE1eUZYcm45UHRTUVB3cnhyNnpIQ3dnVXRRVlFKbzYxcTMxMkxZTVNiLW1QdnNJRGZZQk9CcDBUNVU?oc=5"" target=""_blank"">19, 7, 1.8: Crores Gujarat lost to ‘digital arrests’, and what cops are doing</a>&nbsp;&nbsp;<font color=""#6f6f6f"">The Indian Express</font>",1,Digital Arrest,,News Report,English,Critical,,Unknown,https://news.google.com/rss/articles/CBMisAFBVV95cUxPQy1ESGhpbTdfMVlvT2dsUUpkajBDUFFUakhpVWdOYnU4UU0yVFFxNVNVMGpSRWk2SXdHbTZIWWU1N1l5UlNtc1hDQzZjMi1KbFBDSjc4MnVjQzM1c01NUTF5STlIU3pmdUJxSWEzZm1yakYxVG1kbWgyUUNYV2lrNEZVdGFDV1M0QzNtVVdaWkFpUUlVUGZCelE3cG1zdWxxNi0yLU5nZEE1QllTV3hDadIBtwFBVV95cUxNaFc5TnVGVVhoQkg0Y2s3OXo4YUVDdVBwekQyYkhGa2VValBJbWN4ZFJYOVBTNVRnOFoxMmRTbXpqWUJrLUFZWmZFNkpBeUdIdlVaZlF6YzBOLUp0MlRJUlhweVVkcE5rUVM0WTc5TnV0eHpwdGs1cFFEMzQ1LUE1eUZYcm45UHRTUVB3cnhyNnpIQ3dnVXRRVlFKbzYxcTMxMkxZTVNiLW1QdnNJRGZZQk9CcDBUNVU?oc=5,Google News RSS,"Thu, 13 Aug 2026 12:34:00 GMT",2026-08-14T08:48:36.795190,India,0,1
17,,"<a href=""https://news.google.com/rss/articles/CBMiugFBVV95cUxORXlXQzJnRE9YT1NGbXVQMWEwaEpWejJRN1RDWmRoYUQyNWZETEFNdGRxYXBSMGp0MzFTQzVrSkROSUVrRFhWVXcxdEVBNXV4T19hMU5hdzVLWE12M2JqcXVQam9IM2l2NGVaVkVqV3JmNDdjWFh6RjByd1NYSU5UWG9MMEo1WEpiQlRmWlRfSWxCQ083M2wwaE9UcVdsdk9OSENfT2dndjhGQmV5TWl2TjVYcDFQUWlXWXfSAcABQVVfeXFMTUhJLVpnUUc4UTFOV3FndjhNSS1kSmZPeHAyS0RvaERmRTR5ZWNfUkdfTmZVMmZPVHhMcW1YOTJJd3o1ZXh2NUl2QlFuR09RLUdwY0xsU3Q5QVg0U2ZKSExxYldQcTlSclBCUzR1aVVPUWMtaVluRkFyQmU3R2FwYzBPM0hiR3lsQnRLYzZ2eWFPUVhhRmptOUl4dGRNWkJxV3Rmbk1qeS0yMVpPYWhneWJfWDZCWXRwejBWVmRCX2cw?oc=5"" target=""_blank"">Jaipur ex-district judge held under 15-day ‘digital arrest’, loses Rs 2.5 crore</a>&nbsp;&nbsp;<font color=""#6f6f6f"">The Indian Express</font>",1,Digital Arrest,,News Report,English,Critical,,Unknown,https://news.google.com/rss/articles/CBMiugFBVV95cUxORXlXQzJnRE9YT1NGbXVQMWEwaEpWejJRN1RDWmRoYUQyNWZETEFNdGRxYXBSMGp0MzFTQzVrSkROSUVrRFhWVXcxdEVBNXV4T19hMU5hdzVLWE12M2JqcXVQam9IM2l2NGVaVkVqV3JmNDdjWFh6RjByd1NYSU5UWG9MMEo1WEpiQlRmWlRfSWxCQ083M2wwaE9UcVdsdk9OSENfT2dndjhGQmV5TWl2TjVYcDFQUWlXWXfSAcABQVVfeXFMTUhJLVpnUUc4UTFOV3FndjhNSS1kSmZPeHAyS0RvaERmRTR5ZWNfUkdfTmZVMmZPVHhMcW1YOTJJd3o1ZXh2NUl2QlFuR09RLUdwY0xsU3Q5QVg0U2ZKSExxYldQcTlSclBCUzR1aVVPUWMtaVluRkFyQmU3R2FwYzBPM0hiR3lsQnRLYzZ2eWFPUVhhRmptOUl4dGRNWkJxV3Rmbk1qeS0yMVpPYWhneWJfWDZCWXRwejBWVmRCX2cw?oc=5,Google News RSS,"Thu, 13 Aug 2026 11:27:57 GMT",2026-08-14T08:48:38.765276,India,0,1
18,,"<a href=""https://news.google.com/rss/articles/CBMi3gFBVV95cUxNN0tsZzNKZTYzQXNsUDFWRU9va0gxcXYtS0IyQ2Mxby1BM2V3TURnM3NNck9Sb0tseXZnbFI5QVJqd1BPQ3N1R0F4MHNlSUtJbXlUeDhYaVBrZzFJaE1HcnRtUWpiNVAwY1RPSmxWZ0MycEpyWkw4ZUIzVFplaUFVSjZidFduVTlFX053OXBtVE1uSlBDM0VJOVl3RjdOS1Q4MFBWVG04eERxMXUyM2RCaExGRm9MMzB6SDBvRGw0Mnh1WUhuRnAtZkxDaVZBWW15ZENtTFVQRTE0d0xxLXfSAeMBQVVfeXFMTTVJQ21MamZfZWw4dkNwUHpHdGd5M3NnOU5fdkxXWnFlX3ptakV6emVudnptaXRSc3hVWExUNFN5aTlwNXJKTU1aUGNveXVUdVZSeXZRblNQWUszMlZUX0hBUzhOOGFDb3MyMEg4Y1AwQ1cyQkY4ck41Ni1CNWlQRXVLSHpjMnNxclduc05MaTJxOVFwLTRESzFSM190N2ZUNG1id1hsNEU3V0NfWGJVaXo0dEZsdVFBS2xwU2tSRXFTTGZ0SzM3LTVCOHRDWEdzMWl0dDRjMl9GLWx0WEp5T0dCek0?oc=5"" target=""_blank"">Retired professor couple duped of Rs 1 crore in 'digital arrest’ scam</a>&nbsp;&nbsp;<font color=""#6f6f6f"">The Times of India</font>",1,Digital Arrest,,News Report,English,Critical,,Unknown,https://news.google.com/rss/articles/CBMi3gFBVV95cUxNN0tsZzNKZTYzQXNsUDFWRU9va0gxcXYtS0IyQ2Mxby1BM2V3TURnM3NNck9Sb0tseXZnbFI5QVJqd1BPQ3N1R0F4MHNlSUtJbXlUeDhYaVBrZzFJaE1HcnRtUWpiNVAwY1RPSmxWZ0MycEpyWkw4ZUIzVFplaUFVSjZidFduVTlFX053OXBtVE1uSlBDM0VJOVl3RjdOS1Q4MFBWVG04eERxMXUyM2RCaExGRm9MMzB6SDBvRGw0Mnh1WUhuRnAtZkxDaVZBWW15ZENtTFVQRTE0d0xxLXfSAeMBQVVfeXFMTTVJQ21MamZfZWw4dkNwUHpHdGd5M3NnOU5fdkxXWnFlX3ptakV6emVudnptaXRSc3hVWExUNFN5aTlwNXJKTU1aUGNveXVUdVZSeXZRblNQWUszMlZUX0hBUzhOOGFDb3MyMEg4Y1AwQ1cyQkY4ck41Ni1CNWlQRXVLSHpjMnNxclduc05MaTJxOVFwLTRESzFSM190N2ZUNG1id1hsNEU3V0NfWGJVaXo0dEZsdVFBS2xwU2tSRXFTTGZ0SzM3LTVCOHRDWEdzMWl0dDRjMl9GLWx0WEp5T0dCek0?oc=5,Google News RSS,"Fri, 07 Aug 2026 16:48:00 GMT",2026-08-14T08:48:41.672628,India,0,1
19,,"<a href=""https://news.google.com/rss/articles/CBMi3wFBVV95cUxNWkZscm5KcUo2VWFaZy10N2loT3JHRFJjeXpISFFLMkYzY01WeTRtaDNsdE1iTzFTUGFUczh4V3BFRElMcUh2ZVNYS3FNZ3lHd0pnanpCLTNPcFhYX3BlV1Ytc0FJX3kwUkk2OUk4ejlrbUp6ZTF0Qjk4a1JCWTRFUTlqZEtiWGdZbTg0Q3Q5MVR1T0ZWUTlKcjJrWlU4dWVwSkpJZmlpQVhnSnZmdDNzZS1IamtVNUJWckdnVlFBZjZ2aTVGVGFIanQxaXJweUU3eE1DOGhzTzU1cHJkRV9R0gHkAUFVX3lxTE94QnlreFhMTlJrUTBRNUJJZURxZ19HdFJ3ZXZsQXhlUjVkU3lsa3d2QVBWVXVXalFRY3laZWVHeXB1SXM0by1zaXNBME9rMGxMM2IzbVJ2VzdTRzdjdHhMNUFFRHdzd1diaWdqMWtpN3ZsTUI1WmFtQ0VnM1JfN01lYnprQkw0bUR4aTJmQWhqNHViVVN0YnZvZmEyVHloYnBKemtLX0ktNWtOODRHTFFtSTM3TWNZTURwOC1YUXMxUHJjeTNEeTlETnFWcHlLMUVaTFo3cU5lbDhsT2tpdnJyTzRFaQ?oc=5"" target=""_blank"">Mumbai Police Arrest Man in Digital Arrest Scam Targeting Senior Citizen</a>&nbsp;&nbsp;<font color=""#6f6f6f"">The Times of India</font>",1,Digital Arrest,,News Report,English,High,Mumbai Police,Unknown,https://news.google.com/rss/articles/CBMi3wFBVV95cUxNWkZscm5KcUo2VWFaZy10N2loT3JHRFJjeXpISFFLMkYzY01WeTRtaDNsdE1iTzFTUGFUczh4V3BFRElMcUh2ZVNYS3FNZ3lHd0pnanpCLTNPcFhYX3BlV1Ytc0FJX3kwUkk2OUk4ejlrbUp6ZTF0Qjk4a1JCWTRFUTlqZEtiWGdZbTg0Q3Q5MVR1T0ZWUTlKcjJrWlU4dWVwSkpJZmlpQVhnSnZmdDNzZS1IamtVNUJWckdnVlFBZjZ2aTVGVGFIanQxaXJweUU3eE1DOGhzTzU1cHJkRV9R0gHkAUFVX3lxTE94QnlreFhMTlJrUTBRNUJJZURxZ19HdFJ3ZXZsQXhlUjVkU3lsa3d2QVBWVXVXalFRY3laZWVHeXB1SXM0by1zaXNBME9rMGxMM2IzbVJ2VzdTRzdjdHhMNUFFRHdzd1diaWdqMWtpN3ZsTUI1WmFtQ0VnM1JfN01lYnprQkw0bUR4aTJmQWhqNHViVVN0YnZvZmEyVHloYnBKemtLX0ktNWtOODRHTFFtSTM3TWNZTURwOC1YUXMxUHJjeTNEeTlETnFWcHlLMUVaTFo3cU5lbDhsT2tpdnJyTzRFaQ?oc=5,Google News RSS,"Sat, 08 Aug 2026 16:25:00 GMT",2026-08-14T08:48:43.751563,India,0,1
20,,"<a href=""https://news.google.com/rss/articles/CBMi0gFBVV95cUxNZm5Ed2ZzODFkOXBxLTM3Q0JZbjFGRUtxV256d2Q2T241SzIzNUlwbU5WeG9ndlZ2RGVxSERPOWUwWFZ6VzFDV0Ywc0R1Z3FzMUUxMVE3U0o0dlhrR1VQNHI2d3NZbWZPWFllcmZLNm1YZEFfLUNhenVmdGpwTWtFU0dpWXVWenpzT1ZnejdQY0FTcnVMVE45eVdDeEFhUjVreDFLRTUxUWVGTHhYdnNpamVMNjNXOU1vbEF6bnlUYlZMYUF1dDZjR0VyRXlkZGpkTFHSAdcBQVVfeXFMT1FzdVdNSk9RODk1dUhIMEo2bS1fRWw0M3JlUmtZVnRoUElmc2RNM2Eya01xUjRHZnRROVNqaXhDZEMxSU5qQjkxTHgzazVZYVg5OVBFdXl4SXFuQ2FtUmE3RmtoV2JRMzI1RWZOTHhpNE1wYndNMTA2TWgtYWNvbnlzQUZWaG56RU9PVTBxbTFhblVmZVpmVnFtMG51b252Z25YbzF5RDktQkNiWFUyWjF5ejNOUzI3VWlRRzJHcTI4aEl5N0dOTFB3MkRNc0hid3dmVjljWEk?oc=5"" target=""_blank"">Septuagenarian Retired Officer Loses ₹16.16 Lakh In Digital Arrest Fraud</a>&nbsp;&nbsp;<font color=""#6f6f6f"">Deccan Chronicle</font>",1,Digital Arrest,,News Report,English,Critical,,Unknown,https://news.google.com/rss/articles/CBMi0gFBVV95cUxNZm5Ed2ZzODFkOXBxLTM3Q0JZbjFGRUtxV256d2Q2T241SzIzNUlwbU5WeG9ndlZ2RGVxSERPOWUwWFZ6VzFDV0Ywc0R1Z3FzMUUxMVE3U0o0dlhrR1VQNHI2d3NZbWZPWFllcmZLNm1YZEFfLUNhenVmdGpwTWtFU0dpWXVWenpzT1ZnejdQY0FTcnVMVE45eVdDeEFhUjVreDFLRTUxUWVGTHhYdnNpamVMNjNXOU1vbEF6bnlUYlZMYUF1dDZjR0VyRXlkZGpkTFHSAdcBQVVfeXFMT1FzdVdNSk9RODk1dUhIMEo2bS1fRWw0M3JlUmtZVnRoUElmc2RNM2Eya01xUjRHZnRROVNqaXhDZEMxSU5qQjkxTHgzazVZYVg5OVBFdXl4SXFuQ2FtUmE3RmtoV2JRMzI1RWZOTHhpNE1wYndNMTA2TWgtYWNvbnlzQUZWaG56RU9PVTBxbTFhblVmZVpmVnFtMG51b252Z25YbzF5RDktQkNiWFUyWjF5ejNOUzI3VWlRRzJHcTI4aEl5N0dOTFB3MkRNc0hid3dmVjljWEk?oc=5,Google News RSS,"Wed, 12 Aug 2026 17:11:16 GMT",2026-08-14T08:48:45.957562,India,0,1
21,,"<a href=""https://news.google.com/rss/articles/CBMi5gFBVV95cUxPX0R5djlHSnRYVl9VRDdyZWtxTVNsU1lyTjJpNi1Ra1pwMnk2aF9kZjFyd08wQWlqVXVaQnBfbnNxOEZKWUNoWVE5SjhmOFpyTWd4Q3JZdjMzdUtSaDVWZmU1Q2NKQnZjM0Q3dWkzOEw1dWcxZ0Eta0M2TjVYREFka3JLZklzTlU4anVSb18yeU4zbW9vUGRfTlAzM3A1Q292NWs2WHNIYWcxdGRXOFpBSnlxYloyMFd5WjR3ZEM5WW93TG81bFFuQk1ycHJiUFdnVUIweGNRa0ppTFJDajY2VTFpMW11Zw?oc=5"" target=""_blank"">Ahmedabad cyber crime: two held from Jodhpur for ₹44 lakh ‘digital arrest’ fraud</a>&nbsp;&nbsp;<font color=""#6f6f6f"">english.gujaratsamachar.com</font>",1,Digital Arrest,,News Report,English,Critical,,Unknown,https://news.google.com/rss/articles/CBMi5gFBVV95cUxPX0R5djlHSnRYVl9VRDdyZWtxTVNsU1lyTjJpNi1Ra1pwMnk2aF9kZjFyd08wQWlqVXVaQnBfbnNxOEZKWUNoWVE5SjhmOFpyTWd4Q3JZdjMzdUtSaDVWZmU1Q2NKQnZjM0Q3dWkzOEw1dWcxZ0Eta0M2TjVYREFka3JLZklzTlU4anVSb18yeU4zbW9vUGRfTlAzM3A1Q292NWs2WHNIYWcxdGRXOFpBSnlxYloyMFd5WjR3ZEM5WW93TG81bFFuQk1ycHJiUFdnVUIweGNRa0ppTFJDajY2VTFpMW11Zw?oc=5,Google News RSS,"Sat, 08 Aug 2026 13:11:38 GMT",2026-08-14T08:48:47.857280,India,0,1
22,,"<a href=""https://news.google.com/rss/articles/CBMi5gFBVV95cUxNQnhtOG1odFY4WXlPREs3b3NVMkRkcWNVYy03UVJ6dGl0VThsQmlsemV5VGtoZlFBcXpCNUowaFpkV05zX1lSeGE1Wi1jRHNRZFlZUHpkcUFlTlBFY2wwR0NyQk45ME5EYTQxY2w0V2NaTlM4eVNtbGVtSTVCYS1oejR1dTVZaVNkekZKUWZpT3FqRXFGU2dYcGxNcFlCNEZoQklHdWNpRlljNzhiZ1NIT0dkczlGdXBXblotRll1ZXdvTlJVWGpBTmlybVI5aUozU1NHY0tfck5DZ0hGdXJWUkZONUwyQdIB5gFBVV95cUxNQnhtOG1odFY4WXlPREs3b3NVMkRkcWNVYy03UVJ6dGl0VThsQmlsemV5VGtoZlFBcXpCNUowaFpkV05zX1lSeGE1Wi1jRHNRZFlZUHpkcUFlTlBFY2wwR0NyQk45ME5EYTQxY2w0V2NaTlM4eVNtbGVtSTVCYS1oejR1dTVZaVNkekZKUWZpT3FqRXFGU2dYcGxNcFlCNEZoQklHdWNpRlljNzhiZ1NIT0dkczlGdXBXblotRll1ZXdvTlJVWGpBTmlybVI5aUozU1NHY0tfck5DZ0hGdXJWUkZONUwyQQ?oc=5"" target=""_blank"">90-year-old Jaipur ex-judge held under 15-day digital arrest, loses Rs 2.5 crore</a>&nbsp;&nbsp;<font color=""#6f6f6f"">India Today</font>",1,Digital Arrest,,News Report,English,Critical,,Unknown,https://news.google.com/rss/articles/CBMi5gFBVV95cUxNQnhtOG1odFY4WXlPREs3b3NVMkRkcWNVYy03UVJ6dGl0VThsQmlsemV5VGtoZlFBcXpCNUowaFpkV05zX1lSeGE1Wi1jRHNRZFlZUHpkcUFlTlBFY2wwR0NyQk45ME5EYTQxY2w0V2NaTlM4eVNtbGVtSTVCYS1oejR1dTVZaVNkekZKUWZpT3FqRXFGU2dYcGxNcFlCNEZoQklHdWNpRlljNzhiZ1NIT0dkczlGdXBXblotRll1ZXdvTlJVWGpBTmlybVI5aUozU1NHY0tfck5DZ0hGdXJWUkZONUwyQdIB5gFBVV95cUxNQnhtOG1odFY4WXlPREs3b3NVMkRkcWNVYy03UVJ6dGl0VThsQmlsemV5VGtoZlFBcXpCNUowaFpkV05zX1lSeGE1Wi1jRHNRZFlZUHpkcUFlTlBFY2wwR0NyQk45ME5EYTQxY2w0V2NaTlM4eVNtbGVtSTVCYS1oejR1dTVZaVNkekZKUWZpT3FqRXFGU2dYcGxNcFlCNEZoQklHdWNpRlljNzhiZ1NIT0dkczlGdXBXblotRll1ZXdvTlJVWGpBTmlybVI5aUozU1NHY0tfck5DZ0hGdXJWUkZONUwyQQ?oc=5,Google News RSS,"Thu, 13 Aug 2026 08:24:08 GMT",2026-08-14T08:48:49.790501,India,0,1
23,,"<a href=""https://news.google.com/rss/articles/CBMi1AFBVV95cUxOZlhqdzVHMXMyLU1LT2hZek8wM2R1S2NheGUyLWFKTV9WUHAzTmU5dVJ5Z3lyejZ4UFV0VzJlUEwyWmU5UjFZLUdjYWdnLUgycmQxcGZaeF9XWEQ2ejdQU3huMjAyU3E5NE9PUTBqYUR3ZjZvZTQ2RDV5MjUxZlY4RTdzZFFydnFBeHkzODlzYTd3UExWSFlDdGtLdE1zS1NGN1RjeFl4VFZKWE9acnJYNkNLN0tBSXhNZ0tieDRUQThNRlhRTktvaFFhYk4yTEhMMDc2cw?oc=5"" target=""_blank"">Pune Influencer Arrested In ₹10.74 Crore ‘Digital Arrest’ F…</a>&nbsp;&nbsp;<font color=""#6f6f6f"">english.gujaratsamachar.com</font>",1,Digital Arrest,,News Report,English,Critical,,Unknown,https://news.google.com/rss/articles/CBMi1AFBVV95cUxOZlhqdzVHMXMyLU1LT2hZek8wM2R1S2NheGUyLWFKTV9WUHAzTmU5dVJ5Z3lyejZ4UFV0VzJlUEwyWmU5UjFZLUdjYWdnLUgycmQxcGZaeF9XWEQ2ejdQU3huMjAyU3E5NE9PUTBqYUR3ZjZvZTQ2RDV5MjUxZlY4RTdzZFFydnFBeHkzODlzYTd3UExWSFlDdGtLdE1zS1NGN1RjeFl4VFZKWE9acnJYNkNLN0tBSXhNZ0tieDRUQThNRlhRTktvaFFhYk4yTEhMMDc2cw?oc=5,Google News RSS,"Thu, 13 Aug 2026 09:38:15 GMT",2026-08-14T08:48:51.623175,India,0,1
24,,"<a href=""https://news.google.com/rss/articles/CBMihgJBVV95cUxPSnBncU5ETXI2d0R6VnpGcU9EZ0psaXdLUmJaQThsUkYwT2M1cXNmbHdlNzB4VGRCQXVZQTY2V1VreWlJVDFnQ3N0eUhud3A5aFNSV3JucjJ1WnJPeTNWc2RjT3BLQTBwcFJDUXhhTjVraXNoejlycjZoRXZMQk5YYVMwVXlPOWhfTklmUXNsQjRoMkJTUzRJVTNlRzAtQ282d0o3a1NlaVphSEJoVjlqREM3SFZZYndsQTlrTGpHY0hnMlBUU1o3cU9KRmtybFdkMHZxZjRXUXdjZVF6ZUY0TXdXcUJ2YWdFUEgwYm0zSHJXdnhWak5NcVNrUnBtY2tCOWw0MEhB0gGLAkFVX3lxTFBJcFpKSFF6RHNWcDRkUnFzdUVCdUI3elR1dzdtZlZrYzlnWVJWRDhRcjc1QjZXZXdIWGctMTFKREtCcVVyMVF2UmdVTm5zcFNGQVY3b1ozSWxsLWtka0Q3V2djaW01ZXNsSnowYU5YcTJicnpGTHJ6QjY5MWN1V2ItX2o5VnVsSy1aM1BpWVlyY1hITTZqRkZPRG9lMVlmbDdDQTg1al9qMDh3OG9TVFZwWGw3eUppX3E1dUxaVVhFTkotS1NVQjF1UFkwMlI1UU5GdDdiaFVtckUzSGdJajNvTDREeHl5OEVxMEl6SkhJLTcyZlVRV0tXVXVwTVgybTJtMGVZR0ZJUXNURQ?oc=5"" target=""_blank"">‘Raped, whipped, 20 knife wounds’: Teen keeps Nagpur girl under ‘digital arrest’ for 3 months before assa</a>&nbsp;&nbsp;<font color=""#6f6f6f"">The Times of India</font>",1,Digital Arrest,,News Report,English,High,,Unknown,https://news.google.com/rss/articles/CBMihgJBVV95cUxPSnBncU5ETXI2d0R6VnpGcU9EZ0psaXdLUmJaQThsUkYwT2M1cXNmbHdlNzB4VGRCQXVZQTY2V1VreWlJVDFnQ3N0eUhud3A5aFNSV3JucjJ1WnJPeTNWc2RjT3BLQTBwcFJDUXhhTjVraXNoejlycjZoRXZMQk5YYVMwVXlPOWhfTklmUXNsQjRoMkJTUzRJVTNlRzAtQ282d0o3a1NlaVphSEJoVjlqREM3SFZZYndsQTlrTGpHY0hnMlBUU1o3cU9KRmtybFdkMHZxZjRXUXdjZVF6ZUY0TXdXcUJ2YWdFUEgwYm0zSHJXdnhWak5NcVNrUnBtY2tCOWw0MEhB0gGLAkFVX3lxTFBJcFpKSFF6RHNWcDRkUnFzdUVCdUI3elR1dzdtZlZrYzlnWVJWRDhRcjc1QjZXZXdIWGctMTFKREtCcVVyMVF2UmdVTm5zcFNGQVY3b1ozSWxsLWtka0Q3V2djaW01ZXNsSnowYU5YcTJicnpGTHJ6QjY5MWN1V2ItX2o5VnVsSy1aM1BpWVlyY1hITTZqRkZPRG9lMVlmbDdDQTg1al9qMDh3OG9TVFZwWGw3eUppX3E1dUxaVVhFTkotS1NVQjF1UFkwMlI1UU5GdDdiaFVtckUzSGdJajNvTDREeHl5OEVxMEl6SkhJLTcyZlVRV0tXVXVwTVgybTJtMGVZR0ZJUXNURQ?oc=5,Google News RSS,"Wed, 12 Aug 2026 01:44:00 GMT",2026-08-14T08:48:53.502507,India,0,1
25,,"<a href=""https://news.google.com/rss/articles/CBMi0gFBVV95cUxPU3ZadzZueXgtekdlbjl4UTBRZ1Q0M294SmJBWk1sZUxKMjByczVtRHNqcFBiQW5ydWgzNVJ6cEw4bGFwUS1RU2NIYWtsZl9ZeWxnRjZfR0tXUThhX0I3b2stSjVLOXhoVG9icDVnSkx2M25HWFM2dkRHZ0lyUUJWTE1BSjJNcHlZbTVNM0VQLUF0SThwYndBWmdTYVI2cHFzb3JsRVI0WnI5ZmpRTDBDcUlwTlJZTy1PWVd1ZHdlS1ZoSVc0UThXcWpBTGdZNUVsZ3fSAdcBQVVfeXFMT2pTQWxyZC1Yb05uTW5ZLUVMUUw2c0NWdDh3Qk90LUZEZGx3QnNxc1NLeXlaYW1tWWFyQ3NVWWl4NDZybXpUYWdEdmlvUWVHY28wNGtUZExKSmxaTVRrNEQtWTRKX3A2WExaeUFuMTFVaEhBZjhTWGxvR2tXVU5DLUJ5UlBpUmpKVktFa3pYS25rRE9LZnVrdDlsU3BFWTVrWWZBVDZRYnlUaDBqaXJ6N3hvc3pxYVJqY2g3eFUyeTZhZEpjd19iRUhoczFmTDhTOFE5aW9HdlU?oc=5"" target=""_blank"">Ex-district judge, 90, kept under ‘digital arrest’, cheated of ₹2.5 cr in Jaipur | India News</a>&nbsp;&nbsp;<font color=""#6f6f6f"">Hindustan Times</font>",1,Digital Arrest,,News Report,English,High,,Unknown,https://news.google.com/rss/articles/CBMi0gFBVV95cUxPU3ZadzZueXgtekdlbjl4UTBRZ1Q0M294SmJBWk1sZUxKMjByczVtRHNqcFBiQW5ydWgzNVJ6cEw4bGFwUS1RU2NIYWtsZl9ZeWxnRjZfR0tXUThhX0I3b2stSjVLOXhoVG9icDVnSkx2M25HWFM2dkRHZ0lyUUJWTE1BSjJNcHlZbTVNM0VQLUF0SThwYndBWmdTYVI2cHFzb3JsRVI0WnI5ZmpRTDBDcUlwTlJZTy1PWVd1ZHdlS1ZoSVc0UThXcWpBTGdZNUVsZ3fSAdcBQVVfeXFMT2pTQWxyZC1Yb05uTW5ZLUVMUUw2c0NWdDh3Qk90LUZEZGx3QnNxc1NLeXlaYW1tWWFyQ3NVWWl4NDZybXpUYWdEdmlvUWVHY28wNGtUZExKSmxaTVRrNEQtWTRKX3A2WExaeUFuMTFVaEhBZjhTWGxvR2tXVU5DLUJ5UlBpUmpKVktFa3pYS25rRE9LZnVrdDlsU3BFWTVrWWZBVDZRYnlUaDBqaXJ6N3hvc3pxYVJqY2g3eFUyeTZhZEpjd19iRUhoczFmTDhTOFE5aW9HdlU?oc=5,Google News RSS,"Thu, 13 Aug 2026 10:10:52 GMT",2026-08-14T08:48:55.355810,India,0,1
26,,"<a href=""https://news.google.com/rss/articles/CBMihAFBVV95cUxPaHlhTDJiWDdNR3ZEZzZpbEtTaURIbU9TRE8xWHJaaXhXUFdQY0laR3BQWU5NZEFoQnFFVWhReWE4ejNiUEl5TEF5VDdlVjN5VUhUeEREMVplT2RIWGVYV3doTFh0djg4YUNVeEFFRGllN1ltSUxMVXlVU2R4aGhsamZHbm4?oc=5"" target=""_blank"">Digital Arrest Trap: 82-Year-Old Pune Businessman Cheated of ₹10.74 Crore, Social Media Influencer Arrested</a>&nbsp;&nbsp;<font color=""#6f6f6f"">The420.in</font>",1,Digital Arrest,,News Report,English,Critical,,Unknown,https://news.google.com/rss/articles/CBMihAFBVV95cUxPaHlhTDJiWDdNR3ZEZzZpbEtTaURIbU9TRE8xWHJaaXhXUFdQY0laR3BQWU5NZEFoQnFFVWhReWE4ejNiUEl5TEF5VDdlVjN5VUhUeEREMVplT2RIWGVYV3doTFh0djg4YUNVeEFFRGllN1ltSUxMVXlVU2R4aGhsamZHbm4?oc=5,Google News RSS,"Wed, 12 Aug 2026 13:56:58 GMT",2026-08-14T08:48:57.247427,India,0,1
27,,"<a href=""https://news.google.com/rss/articles/CBMi4AFBVV95cUxQM1E0RzFYNWZqQ0ZUM3U5OHZqcHFIQkVJOTZQWEI2d0NQWU1icE5sSXBIOWw4S3RkRE9wUnZ1dHZoY294Y3cyd1BoWkxkM0UzVndNQUpvMVhjcjExQjJaMkdBRHA2UlNfczR3Y3ZRN2FrTkdoU00wV3FLMUNLMlo3ZmdrUW1GZkhMR3VFSlhPdUstSGsyRWUtYTdCMmpQeFB0bXIzTUtxRGhSOXUtR3lZXzVfdzZfMTY5RHA2ay1YNkJwMzgxSnZzdUtPLVBOaFZYZEh5LVE2WDdHV2RkUXlfcNIB5wFBVV95cUxOSFJTc09qTnFWSDZucmhGdXZkRlVnQ2NzUnVjbFRON213RWR6NGJJUnhDclA2RXJNdGJUVEJhelFHX1B5LVJCM3hvUVdRLUJVQXlRbnpENDk1b2pwOFNvbUt4Y1hqUURHR0J1UTVSSnVZOUQwSlFRNTYxajBWeEs3U3ZrdTZPWE5TNWZnUnk0TXNsNU4wdy1tajVMMnNpdURRcWRHbzYzSThScmR0S3hyaXdHVkItTDBzWnpvWVNvdG9LR1JkRGxBUEtrb1RCZlBCR3VtTlNvNWFVMWZsSFJ0UGZiaGVoRE0?oc=5"" target=""_blank"">SC mandates SOPs, mechanisms to curb ‘digital arrests’, facilitate timebound refunds</a>&nbsp;&nbsp;<font color=""#6f6f6f"">BusinessLine</font>",1,Digital Arrest,,News Report,English,High,,Unknown,https://news.google.com/rss/articles/CBMi4AFBVV95cUxQM1E0RzFYNWZqQ0ZUM3U5OHZqcHFIQkVJOTZQWEI2d0NQWU1icE5sSXBIOWw4S3RkRE9wUnZ1dHZoY294Y3cyd1BoWkxkM0UzVndNQUpvMVhjcjExQjJaMkdBRHA2UlNfczR3Y3ZRN2FrTkdoU00wV3FLMUNLMlo3ZmdrUW1GZkhMR3VFSlhPdUstSGsyRWUtYTdCMmpQeFB0bXIzTUtxRGhSOXUtR3lZXzVfdzZfMTY5RHA2ay1YNkJwMzgxSnZzdUtPLVBOaFZYZEh5LVE2WDdHV2RkUXlfcNIB5wFBVV95cUxOSFJTc09qTnFWSDZucmhGdXZkRlVnQ2NzUnVjbFRON213RWR6NGJJUnhDclA2RXJNdGJUVEJhelFHX1B5LVJCM3hvUVdRLUJVQXlRbnpENDk1b2pwOFNvbUt4Y1hqUURHR0J1UTVSSnVZOUQwSlFRNTYxajBWeEs3U3ZrdTZPWE5TNWZnUnk0TXNsNU4wdy1tajVMMnNpdURRcWRHbzYzSThScmR0S3hyaXdHVkItTDBzWnpvWVNvdG9LR1JkRGxBUEtrb1RCZlBCR3VtTlNvNWFVMWZsSFJ0UGZiaGVoRE0?oc=5,Google News RSS,"Sat, 08 Aug 2026 07:00:00 GMT",2026-08-14T08:48:59.022484,India,0,1
28,,"<a href=""https://news.google.com/rss/articles/CBMif0FVX3lxTE1LeUxjVkozYS14SmJaTmk4MTU2OGVHY3hWTkxnZTREU0lMY3VyZzFnY2JOMDRlelQ3UU1fYkllLVlyVlJxT0JuWTZDNk9MbHpkMW1oZW9pZ01MdUVWb25YblJua3l0YXQ4dWppNGxoc2lhaVB4UmV3WjF3LWt3NDQ?oc=5"" target=""_blank"">Supreme Court Tightens Grip on Digital Arrest Scams, Directs Banks to Block Mule Accounts</a>&nbsp;&nbsp;<font color=""#6f6f6f"">The420.in</font>",1,Digital Arrest,,News Report,English,High,Supreme Court,Unknown,https://news.google.com/rss/articles/CBMif0FVX3lxTE1LeUxjVkozYS14SmJaTmk4MTU2OGVHY3hWTkxnZTREU0lMY3VyZzFnY2JOMDRlelQ3UU1fYkllLVlyVlJxT0JuWTZDNk9MbHpkMW1oZW9pZ01MdUVWb25YblJua3l0YXQ4dWppNGxoc2lhaVB4UmV3WjF3LWt3NDQ?oc=5,Google News RSS,"Wed, 12 Aug 2026 06:32:17 GMT",2026-08-14T08:49:00.922769,India,0,1
29,,"<a href=""https://news.google.com/rss/articles/CBMi_gFBVV95cUxQWE9YY25OVWdJZU5hMW5LbEhwRnNVV0h2MVg0ZGFOV3FsLU5zQ19jV0xOWlFIMkUyNEd0OHdKY1AxOERaMHRES0R4eldHc2NfdVVKUGlLLXNrdDRHdkxNOGJMSGg5WllDV1Zuc3g0OFVnNXU4N1l2WkowZzQxRG5heE9zeFRhelRrWEZpdk00eVRPOEwzRW1iVkJ1STB6d1l6eWlGMTRSM3JXQU42MVVFMUF2UXM1LXA1cWhvOW5ncEdRdHFZZTlDMk8taFhSOE56VkpMUWNIYzlrNTJuUWdGdTJOOUZmQm5NbWxCQ0tDaEs3aXd6amRzeWpjNjFPUdIBgwJBVV95cUxQaXU2cjF6UDQ4TXNmNFRsZnZnQnBDWUJNZEhPbGQyUzdXNUVDQzBrWk8ydDhtcmpnOVhZQTQ4enpKT3hrZk9vbm0ySl9lSzdIMEMyeHVVT0NvQnVzYkYtU3U2ZGVvbUZvQnNCd1FxMlpKdUZ3c0M0WGdLbGZ0TWlZSXhXNERkMlFJRkZpVGZXV005MHQyN0REVjEzbW45cXlNV0p1eEpoVUV4N3d4VGgyMzZEeDRNWFQ0MUhPa01INmlrR1ZDai1xaWRIVl95RHl5d01wa1Mxb3h6cmdXcG1mMHprbU1EX1lEX3QtRDV3T2plTlE2TGdEMG5nWTVWRXlwZ1Uw?oc=5"" target=""_blank"">69-year-old lawyer cheated of Rs 70 lakh by online fraudsters threatening her with digital arrest</a>&nbsp;&nbsp;<font color=""#6f6f6f"">The Times of India</font>",1,Digital Arrest,,News Report,English,Critical,,Unknown,https://news.google.com/rss/articles/CBMi_gFBVV95cUxQWE9YY25OVWdJZU5hMW5LbEhwRnNVV0h2MVg0ZGFOV3FsLU5zQ19jV0xOWlFIMkUyNEd0OHdKY1AxOERaMHRES0R4eldHc2NfdVVKUGlLLXNrdDRHdkxNOGJMSGg5WllDV1Zuc3g0OFVnNXU4N1l2WkowZzQxRG5heE9zeFRhelRrWEZpdk00eVRPOEwzRW1iVkJ1STB6d1l6eWlGMTRSM3JXQU42MVVFMUF2UXM1LXA1cWhvOW5ncEdRdHFZZTlDMk8taFhSOE56VkpMUWNIYzlrNTJuUWdGdTJOOUZmQm5NbWxCQ0tDaEs3aXd6amRzeWpjNjFPUdIBgwJBVV95cUxQaXU2cjF6UDQ4TXNmNFRsZnZnQnBDWUJNZEhPbGQyUzdXNUVDQzBrWk8ydDhtcmpnOVhZQTQ4enpKT3hrZk9vbm0ySl9lSzdIMEMyeHVVT0NvQnVzYkYtU3U2ZGVvbUZvQnNCd1FxMlpKdUZ3c0M0WGdLbGZ0TWlZSXhXNERkMlFJRkZpVGZXV005MHQyN0REVjEzbW45cXlNV0p1eEpoVUV4N3d4VGgyMzZEeDRNWFQ0MUhPa01INmlrR1ZDai1xaWRIVl95RHl5d01wa1Mxb3h6cmdXcG1mMHprbU1EX1lEX3QtRDV3T2plTlE2TGdEMG5nWTVWRXlwZ1Uw?oc=5,Google News RSS,"Mon, 10 Aug 2026 18:42:00 GMT",2026-08-14T08:49:02.848846,India,0,1
30,,"<a href=""https://news.google.com/rss/articles/CBMigAJBVV95cUxOTHdGNU1tSG1IX1pUeFkxMm83aGU2Q28xMFlhOHMzMEVfUmlNUjlWa1R3Q3UzZjV6cEltb25hNDV3dDFQS00zWXVsV1Y3eGc4Q2hCOGl6MUUyTXhtTUhIb2hUSE93c3phQXBUN0RmMnVyYVpKRTVnSnJZRm41Mk1UQlhVNThadUp6cEljOVpCUXFuRUlVX0tLc1hPR2Y0LXNnZ0F3UXRRakRMNE02MmNNekR3YTZxdzJwdzVYcUM4SVFEUmk1ZnRiZXdEZU51NTBCSmttVHRsODc5X2VyTk1XZ0NCdGp1aE9GSlN6MDc5eXBLcUlfTmpJME9YLTNhWXBs0gGGAkFVX3lxTE1MT0JoTjN1RC1laWJyMTBtWFJOc3NoT0FzU1Y2Sk12d0ZzMWdjaFZsMy1yWTF0N21WX2VhTDNXWnlRREVZeS0zcXZDUXZhNnYxSXFsOGZRRkhmWndXMEFNcWgybVFFT0ZLZFBmWHVnMUVPUG1kbWViV3c2WjhadWJQS3IwS3hMcjJVNkRNanVOa1BlVllPOTlwODZGei1IQkNfeFpJYW1hQmswZm9Kb3FON2FPa2Fld2h6d2dNc19Pc29kT1o0ZlppaDJ3d1BvblB4TkozbnlzQThEeGF3Zlhlc0FrbDlwczNtZnZrTzdlVV8yWWpZcEJ1QlI1NlI2WjNIcjVKeVE?oc=5"" target=""_blank"">Rs 2 lakh sought, Rs 201 sent: 70-year-old from Ahmedabad flips script on ‘digital arrest’ callers</a>&nbsp;&nbsp;<font color=""#6f6f6f"">The Times of India</font>",1,Digital Arrest,,News Report,English,Critical,,Unknown,https://news.google.com/rss/articles/CBMigAJBVV95cUxOTHdGNU1tSG1IX1pUeFkxMm83aGU2Q28xMFlhOHMzMEVfUmlNUjlWa1R3Q3UzZjV6cEltb25hNDV3dDFQS00zWXVsV1Y3eGc4Q2hCOGl6MUUyTXhtTUhIb2hUSE93c3phQXBUN0RmMnVyYVpKRTVnSnJZRm41Mk1UQlhVNThadUp6cEljOVpCUXFuRUlVX0tLc1hPR2Y0LXNnZ0F3UXRRakRMNE02MmNNekR3YTZxdzJwdzVYcUM4SVFEUmk1ZnRiZXdEZU51NTBCSmttVHRsODc5X2VyTk1XZ0NCdGp1aE9GSlN6MDc5eXBLcUlfTmpJME9YLTNhWXBs0gGGAkFVX3lxTE1MT0JoTjN1RC1laWJyMTBtWFJOc3NoT0FzU1Y2Sk12d0ZzMWdjaFZsMy1yWTF0N21WX2VhTDNXWnlRREVZeS0zcXZDUXZhNnYxSXFsOGZRRkhmWndXMEFNcWgybVFFT0ZLZFBmWHVnMUVPUG1kbWViV3c2WjhadWJQS3IwS3hMcjJVNkRNanVOa1BlVllPOTlwODZGei1IQkNfeFpJYW1hQmswZm9Kb3FON2FPa2Fld2h6d2dNc19Pc29kT1o0ZlppaDJ3d1BvblB4TkozbnlzQThEeGF3Zlhlc0FrbDlwczNtZnZrTzdlVV8yWWpZcEJ1QlI1NlI2WjNIcjVKeVE?oc=5,Google News RSS,"Mon, 10 Aug 2026 18:41:00 GMT",2026-08-14T08:49:04.815803,India,0,1
31,,"<a href=""https://news.google.com/rss/articles/CBMifkFVX3lxTE5EOTBCZmRsNm5RNklEV1dYSmc5VmptVEpoU0lHVHk0eXpWX2NqWEdpWk5Pb0RVeXJIREEwNUtXVjc4SnFsV0RMNGlkMmtZWHNLSmhUdmFKNGxJS29uWU1BZ1Ytb3RpdG51VzBfZnAxMlpfV3h6RFB0NjRHQU91UQ?oc=5"" target=""_blank"">Trading and Digital Arrest Scams Cost Hyderabad Elderly ₹87.81 Crore</a>&nbsp;&nbsp;<font color=""#6f6f6f"">The420.in</font>",1,Digital Arrest,,News Report,English,Critical,,Unknown,https://news.google.com/rss/articles/CBMifkFVX3lxTE5EOTBCZmRsNm5RNklEV1dYSmc5VmptVEpoU0lHVHk0eXpWX2NqWEdpWk5Pb0RVeXJIREEwNUtXVjc4SnFsV0RMNGlkMmtZWHNLSmhUdmFKNGxJS29uWU1BZ1Ytb3RpdG51VzBfZnAxMlpfV3h6RFB0NjRHQU91UQ?oc=5,Google News RSS,"Sun, 09 Aug 2026 15:31:52 GMT",2026-08-14T08:49:06.672141,India,0,1
32,,"<a href=""https://news.google.com/rss/articles/CBMi3gFBVV95cUxOTlVwRmJmSmptRGMwWFBHMU9QbXFPYkhzSWZFYTJlOUN0ZWY4QTVxVWhtYXNyOFRGc2FBQTh2SnhacTYyY0ZSRVBGc05abGk1cUEtQ1lCVHJQYzdyck5LMzBaTG1yb0l5d2FENW1lUDFGUzQzSlQyd2FoVmptY3Z1MUJyX1VZUl9VREtlcngyUVFkQmRqS0dCSVFuWTBHWGNmeUZZMGhOS0Y5Z3h3eEkwZmpkX3VWc2FuMVNoeHpEMklyVVNidkRwVjMyaHFMbER0OXlkeUhFQ21TbW00WXfSAeMBQVVfeXFMTzEzbWhBOV9vR1hVSWlRZ2ZJb3MyUFFMMWpoQzhkT1Rsc2JFQUo2Y2JNcWVWRHVwSnBLbTRyMkdxOWQxcmNuMzR5aEhEOHdRZGV0N1hIYmtBbDZZUklObUxaV3hjOG5XWndXTWlHMW9GN19LX05jVEQtNTRRSkw5a2g0TlI1MjR0Z2dxeC1wYmp0YVIxSmdBVWN6N3kyWEQ4MjdoUDdfRnN5ekNBWGRGeURYNFpxMWdpRks0VXJmMVZUTWN1SENxbHVzZ0xrTkpERThHQjNrdDY3X0RSUjgzS3hmTlU?oc=5"" target=""_blank"">Mumbai Police bust Rs 1.67 crore 'digital arrest' scam, seven held</a>&nbsp;&nbsp;<font color=""#6f6f6f"">Mid-Day</font>",1,Digital Arrest,,News Report,English,Critical,Mumbai Police,Unknown,https://news.google.com/rss/articles/CBMi3gFBVV95cUxOTlVwRmJmSmptRGMwWFBHMU9QbXFPYkhzSWZFYTJlOUN0ZWY4QTVxVWhtYXNyOFRGc2FBQTh2SnhacTYyY0ZSRVBGc05abGk1cUEtQ1lCVHJQYzdyck5LMzBaTG1yb0l5d2FENW1lUDFGUzQzSlQyd2FoVmptY3Z1MUJyX1VZUl9VREtlcngyUVFkQmRqS0dCSVFuWTBHWGNmeUZZMGhOS0Y5Z3h3eEkwZmpkX3VWc2FuMVNoeHpEMklyVVNidkRwVjMyaHFMbER0OXlkeUhFQ21TbW00WXfSAeMBQVVfeXFMTzEzbWhBOV9vR1hVSWlRZ2ZJb3MyUFFMMWpoQzhkT1Rsc2JFQUo2Y2JNcWVWRHVwSnBLbTRyMkdxOWQxcmNuMzR5aEhEOHdRZGV0N1hIYmtBbDZZUklObUxaV3hjOG5XWndXTWlHMW9GN19LX05jVEQtNTRRSkw5a2g0TlI1MjR0Z2dxeC1wYmp0YVIxSmdBVWN6N3kyWEQ4MjdoUDdfRnN5ekNBWGRGeURYNFpxMWdpRks0VXJmMVZUTWN1SENxbHVzZ0xrTkpERThHQjNrdDY3X0RSUjgzS3hmTlU?oc=5,Google News RSS,"Mon, 10 Aug 2026 14:05:00 GMT",2026-08-14T08:49:10.488559,India,0,1
33,,"<a href=""https://news.google.com/rss/articles/CBMiekFVX3lxTE9xRVhJU1BTSVBjbWxOajV4ZHhLVjhiaWNMR0xPcGVZTEFWc2RVVU9FVWJDRTVySDlURFJfS1dPQ0xfUW43dTBseTFhZ2ppd0Y4S0JqMDFoQkJXcE1YZ19mU3JPRkM4UnVFQzhEZmZJeFUxT3d3anpsVWhR?oc=5"" target=""_blank"">Maha: Mumbai Police bust interstate ‘digital arrest’ gang; 7 held for duping man of 1.67 crore</a>&nbsp;&nbsp;<font color=""#6f6f6f"">UNITED NEWS OF INDIA</font>",1,Digital Arrest,,News Report,English,Critical,Mumbai Police,Unknown,https://news.google.com/rss/articles/CBMiekFVX3lxTE9xRVhJU1BTSVBjbWxOajV4ZHhLVjhiaWNMR0xPcGVZTEFWc2RVVU9FVWJDRTVySDlURFJfS1dPQ0xfUW43dTBseTFhZ2ppd0Y4S0JqMDFoQkJXcE1YZ19mU3JPRkM4UnVFQzhEZmZJeFUxT3d3anpsVWhR?oc=5,Google News RSS,"Mon, 10 Aug 2026 15:29:00 GMT",2026-08-14T08:49:14.447637,India,0,1
34,,"<a href=""https://news.google.com/rss/articles/CBMiekFVX3lxTE1rWlN4TkV2WC1ZVTdoVDlhNFhoWGo4MVVjeHYyMENPWWxEQXJpNkI0ZDRZNjhvMlBQVkhiWkFHZjFnZ2xDZXgwbGpMQ1FqWUhmQUNJbXVRNF9LakVkNjVKS29oUGw0VVUtUXR4OGRwOWZrSnNTNE9mc0JR?oc=5"" target=""_blank"">Machilipatnam Woman Duped of ₹1.43 Crore in Elaborate Digital Arrest Scam</a>&nbsp;&nbsp;<font color=""#6f6f6f"">The420.in</font>",1,Digital Arrest,,News Report,English,Critical,,Unknown,https://news.google.com/rss/articles/CBMiekFVX3lxTE1rWlN4TkV2WC1ZVTdoVDlhNFhoWGo4MVVjeHYyMENPWWxEQXJpNkI0ZDRZNjhvMlBQVkhiWkFHZjFnZ2xDZXgwbGpMQ1FqWUhmQUNJbXVRNF9LakVkNjVKS29oUGw0VVUtUXR4OGRwOWZrSnNTNE9mc0JR?oc=5,Google News RSS,"Fri, 07 Aug 2026 13:09:33 GMT",2026-08-14T08:49:16.361002,India,0,1
35,,"<a href=""https://news.google.com/rss/articles/CBMiekFVX3lxTE5YS3plM1B4eFRVQXJqUGlKeXNVbUhkdzJSZTBPQ21QWXlCaFpEOEtVNTQwY2dJalJGeElXQnhUZ0Y2WnM1bFNVU3FCcWk3OWRBZU9JVmtJc3c3MUY0NmJrMlFHdEVQY0k3QWhJN1I5VldmbS1kdWRMVkhR?oc=5"" target=""_blank"">Noida Elderly Couple Lose ₹1.62 Crore in Three-Month Digital Arrest Scam</a>&nbsp;&nbsp;<font color=""#6f6f6f"">The420.in</font>",1,Digital Arrest,,News Report,English,Critical,,Unknown,https://news.google.com/rss/articles/CBMiekFVX3lxTE5YS3plM1B4eFRVQXJqUGlKeXNVbUhkdzJSZTBPQ21QWXlCaFpEOEtVNTQwY2dJalJGeElXQnhUZ0Y2WnM1bFNVU3FCcWk3OWRBZU9JVmtJc3c3MUY0NmJrMlFHdEVQY0k3QWhJN1I5VldmbS1kdWRMVkhR?oc=5,Google News RSS,"Fri, 07 Aug 2026 14:14:13 GMT",2026-08-14T08:49:18.251801,India,0,1
36,,"<a href=""https://news.google.com/rss/articles/CBMizgFBVV95cUxQQVFqdUJBVVhrMkR1T21BMDdHcm94RkRWOE1lVEFnN0UxTmZScl9vNkgxdmdGTlJxMzQ2TXBxZ29odTZLNW5FbXF1akNUWWJrUDZPbjExeHNGQWpfNnhNNDlLM2ZaUGNEQmdwMk8zbjB3UzdzNGU0ckFDYWVIWUJpWXZ1akNpbzlNVDlQYll5a3dhUWVtNF9KV1dlZFpjeHgtQTJJRDhJVEZ5M1VPdXo3UzhMT1RIMWNUWHRtV1RGME5uMFlhbTYtOEFlempxUdIB0wFBVV95cUxPd1dRUFNDMUwteVBhUExVM2NEOWgtallhVHZsLThPY2xDM0NsVEYtUktHX3p0enFlQ04yWlVXOGRNRTlLZi1zTUFTb0V2dTRtVWRld1ZLTWU0bkM3Mk5pYk1ycFF5UW1aaDNXdmFXeEJ1dVVWbWJQRjlIOEJmUFhvUVBOVnRKUTREaW5nZWhqeHZtd0Fnb1hLYXRjb2FGUE1Iamo4bk5OLU9HNHktbmdyNlE5OWo3LVpvcmxpNmluYXBNWjZ3dlRFdm1JclIxSnAtQ1lB?oc=5"" target=""_blank"">Fake Cops Put Mumbai Woman Under 'Digital Arrest', Cheat Her Of Rs 4.5 Lakh</a>&nbsp;&nbsp;<font color=""#6f6f6f"">News18</font>",1,Digital Arrest,,News Report,English,Critical,,Unknown,https://news.google.com/rss/articles/CBMizgFBVV95cUxQQVFqdUJBVVhrMkR1T21BMDdHcm94RkRWOE1lVEFnN0UxTmZScl9vNkgxdmdGTlJxMzQ2TXBxZ29odTZLNW5FbXF1akNUWWJrUDZPbjExeHNGQWpfNnhNNDlLM2ZaUGNEQmdwMk8zbjB3UzdzNGU0ckFDYWVIWUJpWXZ1akNpbzlNVDlQYll5a3dhUWVtNF9KV1dlZFpjeHgtQTJJRDhJVEZ5M1VPdXo3UzhMT1RIMWNUWHRtV1RGME5uMFlhbTYtOEFlempxUdIB0wFBVV95cUxPd1dRUFNDMUwteVBhUExVM2NEOWgtallhVHZsLThPY2xDM0NsVEYtUktHX3p0enFlQ04yWlVXOGRNRTlLZi1zTUFTb0V2dTRtVWRld1ZLTWU0bkM3Mk5pYk1ycFF5UW1aaDNXdmFXeEJ1dVVWbWJQRjlIOEJmUFhvUVBOVnRKUTREaW5nZWhqeHZtd0Fnb1hLYXRjb2FGUE1Iamo4bk5OLU9HNHktbmdyNlE5OWo3LVpvcmxpNmluYXBNWjZ3dlRFdm1JclIxSnAtQ1lB?oc=5,Google News RSS,"Sat, 08 Aug 2026 11:50:11 GMT",2026-08-14T08:49:20.138096,India,0,1
37,,"<a href=""https://news.google.com/rss/articles/CBMikgFBVV95cUxOSnVITGZBOU5lcGIxUV82cTBuOUs3WXk0YWRPTllBR3ctdnFuQlVXRzh2Y29uZ0h2LXpiVDZJOWFkdnVuTHdQU0hVV0wtNVN1WE1RNkltU3F4alhCeGxHQWZLNF9OVlhsbUUxUnM5X19aRC1sWTJwd3dKWUUxMXlVbTRtc3ZOTU1rQUVNd2pQcnBOUQ?oc=5"" target=""_blank"">Gujarat Police Arrest Barpeta Road Youth in Digital Arrest Cybercrime Case</a>&nbsp;&nbsp;<font color=""#6f6f6f"">Hindusthan Samachar English</font>",1,Digital Arrest,,News Report,English,High,Police,Unknown,https://news.google.com/rss/articles/CBMikgFBVV95cUxOSnVITGZBOU5lcGIxUV82cTBuOUs3WXk0YWRPTllBR3ctdnFuQlVXRzh2Y29uZ0h2LXpiVDZJOWFkdnVuTHdQU0hVV0wtNVN1WE1RNkltU3F4alhCeGxHQWZLNF9OVlhsbUUxUnM5X19aRC1sWTJwd3dKWUUxMXlVbTRtc3ZOTU1rQUVNd2pQcnBOUQ?oc=5,Google News RSS,"Wed, 12 Aug 2026 10:24:53 GMT",2026-08-14T08:49:22.577445,India,0,1
38,,"<a href=""https://news.google.com/rss/articles/CBMijAFBVV95cUxPbkp3NUw4WklZOFVxS3JpTzd1N0RzQ3k1aklvN2lCQjNSRlJodE9jeVVCekgtc2tGdlFPck9Rb2J5TExERzJkTkJVcFFXYXhHSXA2cjllQWdHRWFTLWJtR3BMZEZYdlNDSmdzcVRqbzdSaFN4alZ0ZzdEeVFZaGRLWWs0RU1RN0FiOVFkWQ?oc=5"" target=""_blank"">No Bail for Mule Account Holder in ₹2 Crore Digital Arrest Fraud, CBI Court Rejects Plea</a>&nbsp;&nbsp;<font color=""#6f6f6f"">The420.in</font>",1,Digital Arrest,,News Report,English,Critical,CBI,Unknown,https://news.google.com/rss/articles/CBMijAFBVV95cUxPbkp3NUw4WklZOFVxS3JpTzd1N0RzQ3k1aklvN2lCQjNSRlJodE9jeVVCekgtc2tGdlFPck9Rb2J5TExERzJkTkJVcFFXYXhHSXA2cjllQWdHRWFTLWJtR3BMZEZYdlNDSmdzcVRqbzdSaFN4alZ0ZzdEeVFZaGRLWWs0RU1RN0FiOVFkWQ?oc=5,Google News RSS,"Sat, 08 Aug 2026 07:22:07 GMT",2026-08-14T08:49:24.487092,India,0,1
39,,"<a href=""https://news.google.com/rss/articles/CBMiqAFBVV95cUxOVHhLd25IbGUzLVNhRW1WdWZOYmpYdEo4cV9PQjd5NnZHMnZkd0lwOXBmVUNKdjdrVlo3M19KdUlZM1ZORWk0S21zMjFlS1hRTzdDOTNLVE5xZGxFQTQzeHotdFN0Z2NaTkltSVNZR2QzWnBzTUVOMlpxSUFKQ3pia0xzbnFWYlRRN3pScldwTTlobmJBbno5akRyS21hRlA0akZLenZSelo?oc=5"" target=""_blank"">Andhra CM calls for tech-driven policing to tackle cyber crime, digital arrests</a>&nbsp;&nbsp;<font color=""#6f6f6f"">telanganatoday.com</font>",1,Digital Arrest,,News Report,English,High,,Unknown,https://news.google.com/rss/articles/CBMiqAFBVV95cUxOVHhLd25IbGUzLVNhRW1WdWZOYmpYdEo4cV9PQjd5NnZHMnZkd0lwOXBmVUNKdjdrVlo3M19KdUlZM1ZORWk0S21zMjFlS1hRTzdDOTNLVE5xZGxFQTQzeHotdFN0Z2NaTkltSVNZR2QzWnBzTUVOMlpxSUFKQ3pia0xzbnFWYlRRN3pScldwTTlobmJBbno5akRyS21hRlA0akZLenZSelo?oc=5,Google News RSS,"Thu, 13 Aug 2026 04:39:38 GMT",2026-08-14T08:49:30.045395,India,0,1
40,,"<a href=""https://news.google.com/rss/articles/CBMigwFBVV95cUxNT19ad3hkQThwRUN0NE5JTlVmMmQtOU1POUJLbHhuR2pqLUdmZVRGZUpzNG94S3dGekI5dEozVlpPM0xQWTBxUWJKenNtcExINzFjMWlUaVJOS0dEQlRpTXZrZVlDSWZ2c1FOa3lFRmIxQl9KR2tta3N2OGdLZWxjT3o5Zw?oc=5"" target=""_blank"">Former Judge Put Under ‘Digital Arrest’, Duped of ₹2.50 Crore in Jaipur</a>&nbsp;&nbsp;<font color=""#6f6f6f"">The420.in</font>",1,Digital Arrest,,News Report,English,Critical,,Unknown,https://news.google.com/rss/articles/CBMigwFBVV95cUxNT19ad3hkQThwRUN0NE5JTlVmMmQtOU1POUJLbHhuR2pqLUdmZVRGZUpzNG94S3dGekI5dEozVlpPM0xQWTBxUWJKenNtcExINzFjMWlUaVJOS0dEQlRpTXZrZVlDSWZ2c1FOa3lFRmIxQl9KR2tta3N2OGdLZWxjT3o5Zw?oc=5,Google News RSS,"Fri, 14 Aug 2026 03:14:19 GMT",2026-08-14T08:49:35.670066,India,0,1
41,,"<a href=""https://news.google.com/rss/articles/CBMixAFBVV95cUxPemNRYTMtc1dUd3NldVE1b2hpZnhkZG9VVGVpNDhwRmlVZ2lUZlV0bTBaUVZyYk9ma0RYOWVLbHR6ajhuM3hyR3VwV2IzNHJUdWJ0WHIzbWZOamRYZVNUMzNqSVY4WmtwWUxXSEZlX3RIUzhsczJuc0hTb1ROYV9randMZnAtc3lmSWNWM0xBc0NJbkFQWEVnQy1oSzdHblBkemRpWDNLaHdiR2NZRmRNLUhrWFBybHdSZXRVQXhzVUpfRWpR0gHEAUFVX3lxTE96Y1FhMy1zV1R3c2V1UTVvaGlmeGRkb1VUZWk0OHBGaVVnaVRmVXRtMFpRVnJiT2ZrRFg5ZUtsdHpqOG4zeHJHdXBXYjM0clR1YnRYcjNtZk5qZFhlU1QzM2pJVjhaa3BZTFdIRmVfdEhTOGxzMm5zSFNvVE5hX2tqd0xmcC1zeWZJY1YzTEFzQ0luQVBYRWdDLWhLN0duUGR6ZGlYM0tod2JHY1lGZE0tSGtYUHJsd1JldFVBeHNVSl9FalE?oc=5"" target=""_blank"">Reel creator held in ₹10.74 crore ‘digital arrest’ fraud | Hindustan Times</a>&nbsp;&nbsp;<font color=""#6f6f6f"">Hindustan Times</font>",1,Digital Arrest,,News Report,English,Critical,,Unknown,https://news.google.com/rss/articles/CBMixAFBVV95cUxPemNRYTMtc1dUd3NldVE1b2hpZnhkZG9VVGVpNDhwRmlVZ2lUZlV0bTBaUVZyYk9ma0RYOWVLbHR6ajhuM3hyR3VwV2IzNHJUdWJ0WHIzbWZOamRYZVNUMzNqSVY4WmtwWUxXSEZlX3RIUzhsczJuc0hTb1ROYV9randMZnAtc3lmSWNWM0xBc0NJbkFQWEVnQy1oSzdHblBkemRpWDNLaHdiR2NZRmRNLUhrWFBybHdSZXRVQXhzVUpfRWpR0gHEAUFVX3lxTE96Y1FhMy1zV1R3c2V1UTVvaGlmeGRkb1VUZWk0OHBGaVVnaVRmVXRtMFpRVnJiT2ZrRFg5ZUtsdHpqOG4zeHJHdXBXYjM0clR1YnRYcjNtZk5qZFhlU1QzM2pJVjhaa3BZTFdIRmVfdEhTOGxzMm5zSFNvVE5hX2tqd0xmcC1zeWZJY1YzTEFzQ0luQVBYRWdDLWhLN0duUGR6ZGlYM0tod2JHY1lGZE0tSGtYUHJsd1JldFVBeHNVSl9FalE?oc=5,Google News RSS,"Thu, 13 Aug 2026 02:30:30 GMT",2026-08-14T08:49:43.139137,India,0,1
42,,"<a href=""https://news.google.com/rss/articles/CBMi7AFBVV95cUxPQldkQ0lvYmdaLVJRLXpnanRhcnU1ZXJiYXU4R3BJclV6SlYtUnRPNXE3eGJ1VEZza2hORTVEdHNtX1pzWkhLelpic1RreTRJRTk4aGM1TlgzSGJYMTVxVGJfdjU0c0ZWY2FpWVo5WTlyT2s3bFhzU3VlV05vc1FZcHBjUHZBLWJDNldGbFlCNE9xcnZ3M2RiUkVLLVowMTJFZVRXRDVmSHlfcnNxY0dXdlphOGc1d0w3eUgtNjllMnRDX2RIdlVIV3owVlRMcTZnS0p1aHRBX2dkcHp1bTRlc2JNZTVOd01HZVhIR9IB8gFBVV95cUxPQ1NnYjZBTmpnR3hYamdjaEdwbFYya3owZGZwR254X0hORUV6emFXX0VWaXN1WXhoWHlKVmx5MW51dzhXUl8yckh0YTVyNk1tMnVlM2dRalBDSmtEMGhaNjJicXlsLUVlaXRwczUtYkRRemE0VFlqdzVRVHBiUF9McmJQZ0JKNkJwSTdxSW9uV3phNExZYUdrMzZaSTQydS1mMUtWLVpxdHJRQlNTV0NvQlBBdnRCdzdQM2h5S2pwXzU4bE4yM3FNaG9uZ2EyTjBoc2ZJWFJuVkktd1dhR0N4bnY0NnBkeXZTXzZZRThvVTlQUQ?oc=5"" target=""_blank"">CBI court denies bail to mule account holder in ₹2-crore digital arrest fraud case | Hindustan Times</a>&nbsp;&nbsp;<font color=""#6f6f6f"">Hindustan Times</font>",1,Digital Arrest,,News Report,English,Critical,CBI,Unknown,https://news.google.com/rss/articles/CBMi7AFBVV95cUxPQldkQ0lvYmdaLVJRLXpnanRhcnU1ZXJiYXU4R3BJclV6SlYtUnRPNXE3eGJ1VEZza2hORTVEdHNtX1pzWkhLelpic1RreTRJRTk4aGM1TlgzSGJYMTVxVGJfdjU0c0ZWY2FpWVo5WTlyT2s3bFhzU3VlV05vc1FZcHBjUHZBLWJDNldGbFlCNE9xcnZ3M2RiUkVLLVowMTJFZVRXRDVmSHlfcnNxY0dXdlphOGc1d0w3eUgtNjllMnRDX2RIdlVIV3owVlRMcTZnS0p1aHRBX2dkcHp1bTRlc2JNZTVOd01HZVhIR9IB8gFBVV95cUxPQ1NnYjZBTmpnR3hYamdjaEdwbFYya3owZGZwR254X0hORUV6emFXX0VWaXN1WXhoWHlKVmx5MW51dzhXUl8yckh0YTVyNk1tMnVlM2dRalBDSmtEMGhaNjJicXlsLUVlaXRwczUtYkRRemE0VFlqdzVRVHBiUF9McmJQZ0JKNkJwSTdxSW9uV3phNExZYUdrMzZaSTQydS1mMUtWLVpxdHJRQlNTV0NvQlBBdnRCdzdQM2h5S2pwXzU4bE4yM3FNaG9uZ2EyTjBoc2ZJWFJuVkktd1dhR0N4bnY0NnBkeXZTXzZZRThvVTlQUQ?oc=5,Google News RSS,"Fri, 07 Aug 2026 20:25:18 GMT",2026-08-14T08:49:47.158269,India,0,1
43,,"<a href=""https://news.google.com/rss/articles/CBMisgFBVV95cUxQYzRadnM3cWJhTnBjOHVGWG53dXByTE9mWmIxb08zNTNGM3VrSjc5cHZWOUo4MzR4b3ROaXZTN2NBTVdQelhzNVZBVlJPZktwbDhVRFYyUTI3T3Rmbnk5cDhmTXBVWFR4U25tSjFCb25WNFdmUkR6RmQxWjBidUVDNW9BVzdIQ1NIU3lvakljZXJDQU5tRUNTMzV0N2lHS3J4SGhQSV9zRExKZUZXTFZMV2JR0gGyAUFVX3lxTFBjNFp2czdxYmFOcGM4dUZYbnd1cHJMT2ZaYjFvTzM1M0YzdWtKNzlwdlY5SjgzNHhvdE5pdlM3Y0FNV1B6WHM1VkFWUk9mS3BsOFVEVjJRMjdPdGZueTlwOGZNcFVYVHhTbm1KMUJvblY0V2ZSRHpGZDFaMGJ1RUM1b0FXN0hDU0hTeW9qSWNlckNBTm1FQ1MzNXQ3aUdLcnhIaFBJX3NETEplRldMVkxXYlE?oc=5"" target=""_blank"">90-year-old ex-judge cheated of ₹2.5 crore in digital arrest scam | A case was registered in Jaipur | Inshorts</a>&nbsp;&nbsp;<font color=""#6f6f6f"">Inshorts</font>",1,Digital Arrest,,News Report,English,Critical,,Unknown,https://news.google.com/rss/articles/CBMisgFBVV95cUxQYzRadnM3cWJhTnBjOHVGWG53dXByTE9mWmIxb08zNTNGM3VrSjc5cHZWOUo4MzR4b3ROaXZTN2NBTVdQelhzNVZBVlJPZktwbDhVRFYyUTI3T3Rmbnk5cDhmTXBVWFR4U25tSjFCb25WNFdmUkR6RmQxWjBidUVDNW9BVzdIQ1NIU3lvakljZXJDQU5tRUNTMzV0N2lHS3J4SGhQSV9zRExKZUZXTFZMV2JR0gGyAUFVX3lxTFBjNFp2czdxYmFOcGM4dUZYbnd1cHJMT2ZaYjFvTzM1M0YzdWtKNzlwdlY5SjgzNHhvdE5pdlM3Y0FNV1B6WHM1VkFWUk9mS3BsOFVEVjJRMjdPdGZueTlwOGZNcFVYVHhTbm1KMUJvblY0V2ZSRHpGZDFaMGJ1RUM1b0FXN0hDU0hTeW9qSWNlckNBTm1FQ1MzNXQ3aUdLcnhIaFBJX3NETEplRldMVkxXYlE?oc=5,Google News RSS,"Thu, 13 Aug 2026 11:44:31 GMT",2026-08-14T08:49:49.025375,India,0,1
44,,"<a href=""https://news.google.com/rss/articles/CBMi0AFBVV95cUxPU2NudllFTGZid0FPcy14OW1BemxHd3c2SzRlNjA5YUxUZmo3SS1rVkxvRm5vSks5OHlEX2pLN2hUbXFBYTQzT0Y0RllCaGROd0VSbkF1dGRNVWJjakFFU1hxb245NnFidzdQeVhKZ0ZxRWJzZ01FU2tid3o5QkkxSVdNOU1FODVpQ0xaUTZNd0sxeHBOZ1pEazRiVkQwTGRnVWMwUU1UMGZsandkMnJ1YllYbFlzVnQ3WEFfZi1VbDdOOXVmMjg5V2tPMXJQaWRx0gHQAUFVX3lxTE9TY252WUVMZmJ3QU9zLXg5bUF6bEd3dzZLNGU2MDlhTFRmajdJLWtWTG9Gbm9KSzk4eURfaks3aFRtcUFhNDNPRjRGWUJoZE53RVJuQXV0ZE1VYmNqQUVTWHFvbjk2cWJ3N1B5WEpnRnFFYnNnTUVTa2J3ejlCSTFJV005TUU4NWlDTFpRNk13SzF4cE5nWkRrNGJWRDBMZGdVYzBRTVQwZmxqd2QycnViWVhsWXNWdDdYQV9mLVVsN045dWYyODlXa08xclBpZHE?oc=5"" target=""_blank"">Chandigarh Court dismisses bail plea of accused in over Rs 2 crore digital arrest case</a>&nbsp;&nbsp;<font color=""#6f6f6f"">The Tribune</font>",1,Digital Arrest,,News Report,English,Critical,,Unknown,https://news.google.com/rss/articles/CBMi0AFBVV95cUxPU2NudllFTGZid0FPcy14OW1BemxHd3c2SzRlNjA5YUxUZmo3SS1rVkxvRm5vSks5OHlEX2pLN2hUbXFBYTQzT0Y0RllCaGROd0VSbkF1dGRNVWJjakFFU1hxb245NnFidzdQeVhKZ0ZxRWJzZ01FU2tid3o5QkkxSVdNOU1FODVpQ0xaUTZNd0sxeHBOZ1pEazRiVkQwTGRnVWMwUU1UMGZsandkMnJ1YllYbFlzVnQ3WEFfZi1VbDdOOXVmMjg5V2tPMXJQaWRx0gHQAUFVX3lxTE9TY252WUVMZmJ3QU9zLXg5bUF6bEd3dzZLNGU2MDlhTFRmajdJLWtWTG9Gbm9KSzk4eURfaks3aFRtcUFhNDNPRjRGWUJoZE53RVJuQXV0ZE1VYmNqQUVTWHFvbjk2cWJ3N1B5WEpnRnFFYnNnTUVTa2J3ejlCSTFJV005TUU4NWlDTFpRNk13SzF4cE5nWkRrNGJWRDBMZGdVYzBRTVQwZmxqd2QycnViWVhsWXNWdDdYQV9mLVVsN045dWYyODlXa08xclBpZHE?oc=5,Google News RSS,"Wed, 12 Aug 2026 10:11:28 GMT",2026-08-14T08:49:52.844708,India,0,1
45,,"<a href=""https://news.google.com/rss/articles/CBMi_wFBVV95cUxORUNqOS1YS3M3a3lHcDFGSUVSdEhEeHg3bGh5bnBrM0dkS2hSVnJRaHd6dzlqTkhLeDgza2lYc2lWemhVaWpYX3hhY3M3VnNqcjJ3ejhkNkpzZ0xQaE5SZEFBOTVsbUg1MFl4TzNXZVdVdHJNb3pRRVdjRmhZbDFMY255dGN3b0JZOHBkd1NobE1zRnRPUmxhTDE2Ukl3M1laM1VmMWlxcVlvUWRubVZJOUsxOTBsbm84U1g2Yld2bV9Gc3ZpRUxyZTR0SjZrQTlvXzV6NlB0aU1WZnJRYjd5bmJGQVpSTTNwaElqdGdaOWxKMUY5OU1mQ21xcjFKMk3SAf8BQVVfeXFMTkVDajktWEtzN2t5R3AxRklFUnRIRHh4N2xoeW5wazNHZEtoUlZyUWh3enc5ak5IS3g4M2tpWHNpVnpoVWlqWF94YWNzN1ZzanIyd3o4ZDZKc2dMUGhOUmRBQTk1bG1INTBZeE8zV2VXVXRyTW96UUVXY0ZoWWwxTGNueXRjd29CWThwZHdTaGxNc0Z0T1JsYUwxNlJJdzNZWjNVZjFpcXFZb1Fkbm1WSTlLMTkwbG5vOFNYNmJXdm1fRnN2aUVMcmU0dEo2a0E5b181ejZQdGlNVmZyUWI3eW5iRkFaUk0zcGhJanRnWjlsSjFGOTlNZkNtcXIxSjJN?oc=5"" target=""_blank"">Rs 58 cr 'digital arrest' case: International network linked to China, other countries found</a>&nbsp;&nbsp;<font color=""#6f6f6f"">Mid-Day</font>",1,Digital Arrest,,News Report,English,High,,Unknown,https://news.google.com/rss/articles/CBMi_wFBVV95cUxORUNqOS1YS3M3a3lHcDFGSUVSdEhEeHg3bGh5bnBrM0dkS2hSVnJRaHd6dzlqTkhLeDgza2lYc2lWemhVaWpYX3hhY3M3VnNqcjJ3ejhkNkpzZ0xQaE5SZEFBOTVsbUg1MFl4TzNXZVdVdHJNb3pRRVdjRmhZbDFMY255dGN3b0JZOHBkd1NobE1zRnRPUmxhTDE2Ukl3M1laM1VmMWlxcVlvUWRubVZJOUsxOTBsbm84U1g2Yld2bV9Gc3ZpRUxyZTR0SjZrQTlvXzV6NlB0aU1WZnJRYjd5bmJGQVpSTTNwaElqdGdaOWxKMUY5OU1mQ21xcjFKMk3SAf8BQVVfeXFMTkVDajktWEtzN2t5R3AxRklFUnRIRHh4N2xoeW5wazNHZEtoUlZyUWh3enc5ak5IS3g4M2tpWHNpVnpoVWlqWF94YWNzN1ZzanIyd3o4ZDZKc2dMUGhOUmRBQTk1bG1INTBZeE8zV2VXVXRyTW96UUVXY0ZoWWwxTGNueXRjd29CWThwZHdTaGxNc0Z0T1JsYUwxNlJJdzNZWjNVZjFpcXFZb1Fkbm1WSTlLMTkwbG5vOFNYNmJXdm1fRnN2aUVMcmU0dEo2a0E5b181ejZQdGlNVmZyUWI3eW5iRkFaUk0zcGhJanRnWjlsSjFGOTlNZkNtcXIxSjJN?oc=5,Google News RSS,"Wed, 12 Aug 2026 11:37:22 GMT",2026-08-14T08:50:02.421568,India,0,1
46,,"<a href=""https://news.google.com/rss/articles/CBMihwFBVV95cUxPRHFyZ0otUUFxelZDalRDcFNHcjE2cFhIb3lNRGpSbXdDbU9NOUl4WEdaWEVFbUY0Q2txRXhSY3pWcFJUelNheVFZNlR2VjFSY3cxWlg2Mlk2RlNvSWxBVnktRkNmMWgxZmNNQ09KVGZrRlhIUGRJWWZfWXg4VGZWclRwVVBmNG8?oc=5"" target=""_blank"">Digital Arrest News | वृद्धाला डिजिटल अरेस्टची धमकी, 10 कोटी लुटले |</a>&nbsp;&nbsp;<font color=""#6f6f6f"">News18 Marathi</font>",1,Digital Arrest,,News Report,English,High,,Unknown,https://news.google.com/rss/articles/CBMihwFBVV95cUxPRHFyZ0otUUFxelZDalRDcFNHcjE2cFhIb3lNRGpSbXdDbU9NOUl4WEdaWEVFbUY0Q2txRXhSY3pWcFJUelNheVFZNlR2VjFSY3cxWlg2Mlk2RlNvSWxBVnktRkNmMWgxZmNNQ09KVGZrRlhIUGRJWWZfWXg4VGZWclRwVVBmNG8?oc=5,Google News RSS,"Thu, 13 Aug 2026 17:57:09 GMT",2026-08-14T08:50:04.393811,India,0,1
47,,"<a href=""https://news.google.com/rss/articles/CBMimwFBVV95cUxOUENQMl9lemtpSTViWnJrSGs4Wm1PMDlrSktEazA3Zmp1Rnh4MzhiZE83cGxEcEJJczd5ZHBBSndiaGp2NzZQY2psRko2M21Pd3d2c1I4a1c5dHF6NWdkVk42MEgtS002eTBEZDQzWGFhUlVzTktXbUZ4S2huN0ZTTzVaSnpEbzdRQjloX21oSHdRMWRTb0FWLWMyQQ?oc=5"" target=""_blank"">Digital Arrest News | 'डिजिटल अरेस्टच्या नावाखाली 10 कोटी लुटले | Special Report</a>&nbsp;&nbsp;<font color=""#6f6f6f"">News18 Marathi</font>",1,Digital Arrest,,News Report,English,High,,Unknown,https://news.google.com/rss/articles/CBMimwFBVV95cUxOUENQMl9lemtpSTViWnJrSGs4Wm1PMDlrSktEazA3Zmp1Rnh4MzhiZE83cGxEcEJJczd5ZHBBSndiaGp2NzZQY2psRko2M21Pd3d2c1I4a1c5dHF6NWdkVk42MEgtS002eTBEZDQzWGFhUlVzTktXbUZ4S2huN0ZTTzVaSnpEbzdRQjloX21oSHdRMWRTb0FWLWMyQQ?oc=5,Google News RSS,"Thu, 13 Aug 2026 17:30:35 GMT",2026-08-14T08:50:08.201203,India,0,1
48,,"<a href=""https://news.google.com/rss/articles/CBMimwFBVV95cUxNbWN2eTdxZm9Cd21Hb05sVTU5QW5qOHVndURJUGx5ZmxLN3hLb05ZY2R6WXFxdktadVpQeEFYNXNhMVdEakQtMmpKb2NzZXB0M05QMzRsSjRsckxLa2tfS1FhVXNrek5yV2JLQXpVMDQ0ZGJmVElVR3BtS3Z0aF80SVlpRDBadTBLQWlnR2NfRGFIbjdDeUt6U0xhaw?oc=5"" target=""_blank"">Digital Arrest News | 'डिजिटल अरेस्टच्या नावाखाली 10 कोटी लुटले | Special Report</a>&nbsp;&nbsp;<font color=""#6f6f6f"">News18 Marathi</font>",1,Digital Arrest,,News Report,English,High,,Unknown,https://news.google.com/rss/articles/CBMimwFBVV95cUxNbWN2eTdxZm9Cd21Hb05sVTU5QW5qOHVndURJUGx5ZmxLN3hLb05ZY2R6WXFxdktadVpQeEFYNXNhMVdEakQtMmpKb2NzZXB0M05QMzRsSjRsckxLa2tfS1FhVXNrek5yV2JLQXpVMDQ0ZGJmVElVR3BtS3Z0aF80SVlpRDBadTBLQWlnR2NfRGFIbjdDeUt6U0xhaw?oc=5,Google News RSS,"Thu, 13 Aug 2026 17:30:35 GMT",2026-08-14T08:50:15.567385,India,0,1
49,,"<a href=""https://news.google.com/rss/articles/CBMisgFBVV95cUxPdVhNczk4dnNxX3Q2YThJNm51X1ItSTQ1NzdLSi1MelRyTDBZODJUWGFhUmI5VGNrc1Z6QVhiaVhYZTFXWWtxVThMUTJQQl9CUEtWMHVyNG1FZGk4MmpaQktFZDZUOHdtWlNUdHBCclNWUFlXc1p4M1pOYTQyTEtxUUVIT1BFemtuM2tQU245cHlxMTVBR0RDWjFGaEcyRUFIQUMxZmJDQ3lMNFhlMlNYYzZ3?oc=5"" target=""_blank"">Retired Professor Couple Lose Rs 1 Crore In 15-Day Digital Arrest Scam</a>&nbsp;&nbsp;<font color=""#6f6f6f"">News Mobile</font>",1,Digital Arrest,,News Report,English,Critical,,Unknown,https://news.google.com/rss/articles/CBMisgFBVV95cUxPdVhNczk4dnNxX3Q2YThJNm51X1ItSTQ1NzdLSi1MelRyTDBZODJUWGFhUmI5VGNrc1Z6QVhiaVhYZTFXWWtxVThMUTJQQl9CUEtWMHVyNG1FZGk4MmpaQktFZDZUOHdtWlNUdHBCclNWUFlXc1p4M1pOYTQyTEtxUUVIT1BFemtuM2tQU245cHlxMTVBR0RDWjFGaEcyRUFIQUMxZmJDQ3lMNFhlMlNYYzZ3?oc=5,Google News RSS,"Wed, 12 Aug 2026 08:03:47 GMT",2026-08-14T08:50:19.313869,India,0,1
50,,"<a href=""https://news.google.com/rss/articles/CBMipgFBVV95cUxQTjZ1RmtvbEM1T1FDUU1WeGNyeWxCRGZvVGlvS3p2NFVjQXFsbzJtV3J0Zngwak9ZQzMyMVNLRlFwQzFBaWZaT3dOMTJna3Y4cXVhbTJocWxTTzhjZGpoaWUwYm9NZm1YVUh6WXJkTERkbGxndWN3ZnlLTUtJanhtYlVwcVZ5Tkl4dU0xRnFvR2VVWXhoT0l1cF9ibXE4M2Vrei0yVGJB?oc=5"" target=""_blank"">Andhra Woman Loses Rs 1.43 Crore In Digital Arrest Scam</a>&nbsp;&nbsp;<font color=""#6f6f6f"">News Mobile</font>",1,Digital Arrest,,News Report,English,Critical,,Unknown,https://news.google.com/rss/articles/CBMipgFBVV95cUxQTjZ1RmtvbEM1T1FDUU1WeGNyeWxCRGZvVGlvS3p2NFVjQXFsbzJtV3J0Zngwak9ZQzMyMVNLRlFwQzFBaWZaT3dOMTJna3Y4cXVhbTJocWxTTzhjZGpoaWUwYm9NZm1YVUh6WXJkTERkbGxndWN3ZnlLTUtJanhtYlVwcVZ5Tkl4dU0xRnFvR2VVWXhoT0l1cF9ibXE4M2Vrei0yVGJB?oc=5,Google News RSS,"Wed, 12 Aug 2026 07:34:41 GMT",2026-08-14T08:50:22.192878,India,0,1
51,,"<a href=""https://news.google.com/rss/articles/CBMipAFBVV95cUxNbkFFTnV5M3BQTko4a3NVMm5NWGVkX1R6M3J2QUlCM241X0theDJiS0E1ZlhDZ2RKV2dKa0RRQ3M1UjFFTWFORHhHcnhXZmxsbWJnaEVRS0tQMzEtMllWT25BTDd0a29jRkNBNW1qYlRiUGI0aTdLNXRKRDRXSEFzaTNmdXYwR2p5RFJ2cFdFY0N4NXBJSklnUlNKMHJWSWRSUzY0eQ?oc=5"" target=""_blank"">Mumbai Man Held In Digital Arrest Scam Targeting 71-Year-Old</a>&nbsp;&nbsp;<font color=""#6f6f6f"">News Mobile</font>",1,Digital Arrest,,News Report,English,High,,Unknown,https://news.google.com/rss/articles/CBMipAFBVV95cUxNbkFFTnV5M3BQTko4a3NVMm5NWGVkX1R6M3J2QUlCM241X0theDJiS0E1ZlhDZ2RKV2dKa0RRQ3M1UjFFTWFORHhHcnhXZmxsbWJnaEVRS0tQMzEtMllWT25BTDd0a29jRkNBNW1qYlRiUGI0aTdLNXRKRDRXSEFzaTNmdXYwR2p5RFJ2cFdFY0N4NXBJSklnUlNKMHJWSWRSUzY0eQ?oc=5,Google News RSS,"Wed, 12 Aug 2026 07:09:34 GMT",2026-08-14T08:50:24.124460,India,0,1
52,,"<a href=""https://news.google.com/rss/articles/CBMioAFBVV95cUxQZS02M3BNT0d0aWVMYXQ4cU5zalJJT1N0OUJPVXZJOEV0b3hKWk9QMDNUQ01WLXJLMWtaRkZkQzNvcW9nOHhLWEp0MEUzN2hsRm9NQ3oxdGh6aDFGdHI0X19PN1lxLVNxa0JrVThkQ2Y1VmJ6cURqYkFUZWhZaXphMl9wMlRBX3NXVjQ4cU1mQ0pVd2JkSUVfaVVHeGlEVW1r0gGmAUFVX3lxTE40bnFEV01CSjRPY2psUzVGX0RGQlhPMWpOLXdqN0NvZlRZTjI3RUV1Rl8tTldtdmdvaWdTRGU0QnVHS2hHQm02QUQ0ZkJBQXdPaFBhNC1VWlhJb3pnU2N2TjBZT1hiRHIwQnNRM3NhaXh6VjlMMGotMEZBYkx3UGZHai1sd1NnbnZrcVZDam0wb2VqRjBvNjdodDVhNHUweG9nOXE1ZHc?oc=5"" target=""_blank"">5,436 accounts, ‘digital arrests’, ₹10.74 Cr scam: Reel star held</a>&nbsp;&nbsp;<font color=""#6f6f6f"">madhyamamonline.com</font>",1,Digital Arrest,,News Report,English,High,,Unknown,https://news.google.com/rss/articles/CBMioAFBVV95cUxQZS02M3BNT0d0aWVMYXQ4cU5zalJJT1N0OUJPVXZJOEV0b3hKWk9QMDNUQ01WLXJLMWtaRkZkQzNvcW9nOHhLWEp0MEUzN2hsRm9NQ3oxdGh6aDFGdHI0X19PN1lxLVNxa0JrVThkQ2Y1VmJ6cURqYkFUZWhZaXphMl9wMlRBX3NXVjQ4cU1mQ0pVd2JkSUVfaVVHeGlEVW1r0gGmAUFVX3lxTE40bnFEV01CSjRPY2psUzVGX0RGQlhPMWpOLXdqN0NvZlRZTjI3RUV1Rl8tTldtdmdvaWdTRGU0QnVHS2hHQm02QUQ0ZkJBQXdPaFBhNC1VWlhJb3pnU2N2TjBZT1hiRHIwQnNRM3NhaXh6VjlMMGotMEZBYkx3UGZHai1sd1NnbnZrcVZDam0wb2VqRjBvNjdodDVhNHUweG9nOXE1ZHc?oc=5,Google News RSS,"Thu, 13 Aug 2026 14:32:19 GMT",2026-08-14T08:50:25.984797,India,0,1
53,,"<a href=""https://news.google.com/rss/articles/CBMitgFBVV95cUxNdEFpUjVpd1pGOV9EQW52c0JhcjdtaFQwcjA0U3dzb0JiV2liR3ZaLXVNUnJfMmlLZ0VuLXIzS0VhLVdDOVdQY0hOM1QtUTVHaHlqTTc5azNDS2FmLWVDdzNIUzhIZWZxMzlMTUFoby0xbFZXbHFadkwyVXRBY2dBTE5WMTEwWEZzRDlSc0h4elV6c2syaVRNNVlmdVFjTzZZZ2lTYUlqQUhhTTFGeUd1SUVxT00td9IBwwFBVV95cUxNdWo4MTVGYTJXMF9RY3pna2tCWkctMVZmZk9DOF9OQ3E5ZmRYVWtqbDdUMFJRWXBXcjliZ1E1aTFmaWNhMEl6clNrVkdYVnlUdDhhcXFTSlh3UjZtcGlyWGI4dnpjbzI5QWFQTzFlcEpCTmE1WnVfRXVJa3RSLURsUjNyT2M0OUZFSmlPVUN6cV9qSVFxUURPNFJ1Zjc0ZXNHZnVfZWdiT1dVRmxkaERDMGdxdTNGTzdhSFYwMmF1VUxGUzQ?oc=5"" target=""_blank"">Pune Senior Citizen Loses ₹10.74 Crore in Digital Arrest Scam; Fugitive Accused Arrested</a>&nbsp;&nbsp;<font color=""#6f6f6f"">The Bridge Chronicle</font>",1,Digital Arrest,,News Report,English,Critical,,Unknown,https://news.google.com/rss/articles/CBMitgFBVV95cUxNdEFpUjVpd1pGOV9EQW52c0JhcjdtaFQwcjA0U3dzb0JiV2liR3ZaLXVNUnJfMmlLZ0VuLXIzS0VhLVdDOVdQY0hOM1QtUTVHaHlqTTc5azNDS2FmLWVDdzNIUzhIZWZxMzlMTUFoby0xbFZXbHFadkwyVXRBY2dBTE5WMTEwWEZzRDlSc0h4elV6c2syaVRNNVlmdVFjTzZZZ2lTYUlqQUhhTTFGeUd1SUVxT00td9IBwwFBVV95cUxNdWo4MTVGYTJXMF9RY3pna2tCWkctMVZmZk9DOF9OQ3E5ZmRYVWtqbDdUMFJRWXBXcjliZ1E1aTFmaWNhMEl6clNrVkdYVnlUdDhhcXFTSlh3UjZtcGlyWGI4dnpjbzI5QWFQTzFlcEpCTmE1WnVfRXVJa3RSLURsUjNyT2M0OUZFSmlPVUN6cV9qSVFxUURPNFJ1Zjc0ZXNHZnVfZWdiT1dVRmxkaERDMGdxdTNGTzdhSFYwMmF1VUxGUzQ?oc=5,Google News RSS,"Wed, 12 Aug 2026 05:23:00 GMT",2026-08-14T08:50:27.840585,India,0,1
54,,"<a href=""https://news.google.com/rss/articles/CBMiwwFBVV95cUxOU0lSa2VBZVJWOUphN1FRSnV6OV9kQTNUeHE3dUJGcFRBZU4tbS1XM056R0NUWXVReEM1bno4Mm5UTEg4MHMtSGFEeTY5LW5JUHFxUkItcldIUlZjX0ZvaG84U1lPOE9RR1JNeUdaSU5MU2FTeVBvMjM3RF9ENE5Fa3dFTWc0QkdtUmJvcVZkU09HS1VYTXdCM0E1VHhYV0ZlaVBJNHRHZ2ZoQkZ5dGJOazdhQ3c3Z1FQcnh4dkNzOGVwSVk?oc=5"" target=""_blank"">Pune Cyber Police Arrest Local Reel Creator in Massive ₹10.74 Crore Digital Arrest Fraud</a>&nbsp;&nbsp;<font color=""#6f6f6f"">punemirror.com</font>",1,Digital Arrest,,News Report,English,Critical,Police,Unknown,https://news.google.com/rss/articles/CBMiwwFBVV95cUxOU0lSa2VBZVJWOUphN1FRSnV6OV9kQTNUeHE3dUJGcFRBZU4tbS1XM056R0NUWXVReEM1bno4Mm5UTEg4MHMtSGFEeTY5LW5JUHFxUkItcldIUlZjX0ZvaG84U1lPOE9RR1JNeUdaSU5MU2FTeVBvMjM3RF9ENE5Fa3dFTWc0QkdtUmJvcVZkU09HS1VYTXdCM0E1VHhYV0ZlaVBJNHRHZ2ZoQkZ5dGJOazdhQ3c3Z1FQcnh4dkNzOGVwSVk?oc=5,Google News RSS,"Thu, 13 Aug 2026 06:39:53 GMT",2026-08-14T08:50:29.789762,India,0,1
55,,"<a href=""https://news.google.com/rss/articles/CBMiiAFBVV95cUxOUi10Tm9QQ1FZRVBtN3dmWXNiY3NfYXpMSGtyTkhTaDgxdUdfVC1pUVNFNEN0TGVsSEhDbXJuOTVIdWdfRjhFaFhfV1hqLVJ4ekpBQ0ktcDBNSmhnLVAzbGJmT3d2a3NqeDR3Z2FqbnlZajVFczk2N3NVVXVOWVpZTW0xYWZXVmJ0?oc=5"" target=""_blank"">Mumbai Digital Arrest Fraud: Seven Held in ₹1.69 Crore Mumbai Cyber Scam.</a>&nbsp;&nbsp;<font color=""#6f6f6f"">Sprouts News</font>",1,Digital Arrest,,News Report,English,Critical,,Unknown,https://news.google.com/rss/articles/CBMiiAFBVV95cUxOUi10Tm9QQ1FZRVBtN3dmWXNiY3NfYXpMSGtyTkhTaDgxdUdfVC1pUVNFNEN0TGVsSEhDbXJuOTVIdWdfRjhFaFhfV1hqLVJ4ekpBQ0ktcDBNSmhnLVAzbGJmT3d2a3NqeDR3Z2FqbnlZajVFczk2N3NVVXVOWVpZTW0xYWZXVmJ0?oc=5,Google News RSS,"Tue, 11 Aug 2026 13:09:41 GMT",2026-08-14T08:50:31.627235,India,0,1
56,,"<a href=""https://news.google.com/rss/articles/CBMizwFBVV95cUxQM0NiMWZOOWJCdUxBUTU3b3NHekdheUNlVm1BR3JtNXdjbWc2X005azU5TlFqWWEzWXA0cG45bWw5NVI2SFRMQkZuZU9mQ29vekV6SC05cHNyYll2LXdHMHJ6T0xVdXNFbjJ3a2VoZ2xudTZXODl2cklzQ0M2R18tT2wwa0R4STVMMkJoeV9pUDdjYm9CQUNzRVNtSE5XRnlMTUR0emd4c1JDYmpQZzdqak1nTm5hZHVudlVvaUowMHIxZXZjZGl6STJHYXlKS2vSAdQBQVVfeXFMUGE0Z3I0SW4zQXFuSzI2LXBiMlduWnlhcFRmN3d0Z3d5QW1pY0pBbUtiQmhWcERVVEZHemdiQlBrRlVfYkN3dk44R2Q2VURuOFE0YlE0TW10UVdsQ1Q3Z2ZySXZtUjR4dlNSSGI5T25GZUk0MUVpYUY3eTJSZThBZmtTWFZfWHpXMThydC1Ec19CUnc2YmpQdWVJTThoMGZEcVdzZnJoVlpyMmFmTUsyUG9idlRxdlhsNnoyT0ZVV2tLR0JnRGo0ZkdnZHVDOWlWd3RaYmY?oc=5"" target=""_blank"">Mumbais West Cyber Police Bust Alleged ‘Digital Arrest’ Racket, Arrest 7; ₹1.67-Crore Fraud Unearthed</a>&nbsp;&nbsp;<font color=""#6f6f6f"">Free Press Journal</font>",1,Digital Arrest,,News Report,English,Critical,Police,Unknown,https://news.google.com/rss/articles/CBMizwFBVV95cUxQM0NiMWZOOWJCdUxBUTU3b3NHekdheUNlVm1BR3JtNXdjbWc2X005azU5TlFqWWEzWXA0cG45bWw5NVI2SFRMQkZuZU9mQ29vekV6SC05cHNyYll2LXdHMHJ6T0xVdXNFbjJ3a2VoZ2xudTZXODl2cklzQ0M2R18tT2wwa0R4STVMMkJoeV9pUDdjYm9CQUNzRVNtSE5XRnlMTUR0emd4c1JDYmpQZzdqak1nTm5hZHVudlVvaUowMHIxZXZjZGl6STJHYXlKS2vSAdQBQVVfeXFMUGE0Z3I0SW4zQXFuSzI2LXBiMlduWnlhcFRmN3d0Z3d5QW1pY0pBbUtiQmhWcERVVEZHemdiQlBrRlVfYkN3dk44R2Q2VURuOFE0YlE0TW10UVdsQ1Q3Z2ZySXZtUjR4dlNSSGI5T25GZUk0MUVpYUY3eTJSZThBZmtTWFZfWHpXMThydC1Ec19CUnc2YmpQdWVJTThoMGZEcVdzZnJoVlpyMmFmTUsyUG9idlRxdlhsNnoyT0ZVV2tLR0JnRGo0ZkdnZHVDOWlWd3RaYmY?oc=5,Google News RSS,"Mon, 10 Aug 2026 16:50:13 GMT",2026-08-14T08:50:36.612237,India,0,1
57,,"<a href=""https://news.google.com/rss/articles/CBMimgFBVV95cUxQOGI4ZGExWHUwd1FvSzF6V1BMMlJoQmlPWmZUMEFVcVhWejk2YWJQQVRfWmN6cHVXNE02MG5hYjNkUk1wMl9KaWIzY1k3VlNVWWo2UXlLNHlsUnJLUUFHaUJ2V1ZrLWRCZ0U5dkwtTGs2bXU5OVVlOWFBR2ZDQlFSVTZyT00zeWptQVRpQXVoLUlZQV9iWF93dHl30gGaAUFVX3lxTFA4YjhkYTFYdTB3UW9LMXpXUEwyUmhCaU9aZlQwQVVxWFZ6OTZhYlBBVF9aY3pwdVc0TTYwbmFiM2RSTXAyX0ppYjNjWTdWU1VZajZReUs0eWxScktRQUdpQnZXVmstZEJnRTl2TC1MazZtdTk5VWU5YUFHZkNCUVJVNnJPTTN5am1BVGlBdWgtSVlBX2JYX3d0eXc?oc=5"" target=""_blank"">Pune: ‘Reel Star’ Held In ₹10.74-Crore Digital Arrest Scam</a>&nbsp;&nbsp;<font color=""#6f6f6f"">Free Press Journal</font>",1,Digital Arrest,,News Report,English,Critical,,Unknown,https://news.google.com/rss/articles/CBMimgFBVV95cUxQOGI4ZGExWHUwd1FvSzF6V1BMMlJoQmlPWmZUMEFVcVhWejk2YWJQQVRfWmN6cHVXNE02MG5hYjNkUk1wMl9KaWIzY1k3VlNVWWo2UXlLNHlsUnJLUUFHaUJ2V1ZrLWRCZ0U5dkwtTGs2bXU5OVVlOWFBR2ZDQlFSVTZyT00zeWptQVRpQXVoLUlZQV9iWF93dHl30gGaAUFVX3lxTFA4YjhkYTFYdTB3UW9LMXpXUEwyUmhCaU9aZlQwQVVxWFZ6OTZhYlBBVF9aY3pwdVc0TTYwbmFiM2RSTXAyX0ppYjNjWTdWU1VZajZReUs0eWxScktRQUdpQnZXVmstZEJnRTl2TC1MazZtdTk5VWU5YUFHZkNCUVJVNnJPTTN5am1BVGlBdWgtSVlBX2JYX3d0eXc?oc=5,Google News RSS,"Wed, 12 Aug 2026 12:32:15 GMT",2026-08-14T08:50:38.556325,India,0,1
58,,"<a href=""https://news.google.com/rss/articles/CBMizgFBVV95cUxNWDRKck9pMDc0dlRnSHNMM1NxNlNwRTZYNFJ3bHVUVGsxQ2RNdFVzUDJrTVBNcm5rUENNcW1CSHdOWDlVWkpMX1ZPQnhwcFdYWXlWWXduYzl6c0EtYlpIYVZfS3lldWJxUkoya2xxa3NHd0tJOFFrY0FnZFE3UXpPUTE2eVdudzJpNE13UDZGMlZJWHcwNU9ienZTeC1VWkVFMWR3UTZncnFkek5tMzJmck9DLXYyZDdySXoyQzBtMXAzemhfb2RtUEtqQnk4Z9IB0wFBVV95cUxOLWRPMVJzTHN5c05VVGt1aFdVWWFHOTdRQ245M0NUc2NkVFc3X01DRkh4cktGT2hWS1B6SDZjWjRFM1d3YW5kWVFxZ1RtZ3ppMG5tbGw4WTJibUZhUDBtNDBQMlFxYVhkQVlyOEVEc1FVWS1zaHRCc2piWjZSdlRHQ01yYnNvLUdkb2pPaURweGcwNkpkTE5sM3NBS2NrVlA0ZWZzek9ibGdyakZOTVAya1MzQUQ0UFhkd2hrR29OT0o4alY4SE1GZkhhQzBzaXVUUVBF?oc=5"" target=""_blank"">Mumbai Cyber Crime: Seven Arrested for ₹1.67 Crore ‘Digital Arrest’ Fraud Against IT Consultant</a>&nbsp;&nbsp;<font color=""#6f6f6f"">lokmattimes.com</font>",1,Digital Arrest,,News Report,English,Critical,,Unknown,https://news.google.com/rss/articles/CBMizgFBVV95cUxNWDRKck9pMDc0dlRnSHNMM1NxNlNwRTZYNFJ3bHVUVGsxQ2RNdFVzUDJrTVBNcm5rUENNcW1CSHdOWDlVWkpMX1ZPQnhwcFdYWXlWWXduYzl6c0EtYlpIYVZfS3lldWJxUkoya2xxa3NHd0tJOFFrY0FnZFE3UXpPUTE2eVdudzJpNE13UDZGMlZJWHcwNU9ienZTeC1VWkVFMWR3UTZncnFkek5tMzJmck9DLXYyZDdySXoyQzBtMXAzemhfb2RtUEtqQnk4Z9IB0wFBVV95cUxOLWRPMVJzTHN5c05VVGt1aFdVWWFHOTdRQ245M0NUc2NkVFc3X01DRkh4cktGT2hWS1B6SDZjWjRFM1d3YW5kWVFxZ1RtZ3ppMG5tbGw4WTJibUZhUDBtNDBQMlFxYVhkQVlyOEVEc1FVWS1zaHRCc2piWjZSdlRHQ01yYnNvLUdkb2pPaURweGcwNkpkTE5sM3NBS2NrVlA0ZWZzek9ibGdyakZOTVAya1MzQUQ0UFhkd2hrR29OT0o4alY4SE1GZkhhQzBzaXVUUVBF?oc=5,Google News RSS,"Tue, 11 Aug 2026 07:35:15 GMT",2026-08-14T08:50:40.460414,India,0,1
59,,"<a href=""https://news.google.com/rss/articles/CBMivAFBVV95cUxNSHA0LVkteUtoNWFuM1Z4TGx5TnY0d284ZFdrMEEtWVhqRXYwS0JPdDdoM3hCMTl6WnJzTXpQdUpzUkphWHpzVnpCTU5qZ1RvUVdLNmdta3d2QWJ0bVpnZldDTFVYV0J4dUlZeEhYRkk1U1pWVVhvSDRHNVF2QUtDSTRHRkh1RFZYemhJWFZSb29FZC1fMXNhd0JOWk9ZSl94RDJNLWd5UFhtdUxaNGxfa29rSV9NNEN3ck1fYtIBvAFBVV95cUxNSHA0LVkteUtoNWFuM1Z4TGx5TnY0d284ZFdrMEEtWVhqRXYwS0JPdDdoM3hCMTl6WnJzTXpQdUpzUkphWHpzVnpCTU5qZ1RvUVdLNmdta3d2QWJ0bVpnZldDTFVYV0J4dUlZeEhYRkk1U1pWVVhvSDRHNVF2QUtDSTRHRkh1RFZYemhJWFZSb29FZC1fMXNhd0JOWk9ZSl94RDJNLWd5UFhtdUxaNGxfa29rSV9NNEN3ck1fYg?oc=5"" target=""_blank"">Jabalpur Senior Citizen Couple Loses ₹22 Lakh After 13-Day ‘Digital Arrest’ Scam</a>&nbsp;&nbsp;<font color=""#6f6f6f"">Free Press Journal</font>",1,Digital Arrest,,News Report,English,Critical,,Unknown,https://news.google.com/rss/articles/CBMivAFBVV95cUxNSHA0LVkteUtoNWFuM1Z4TGx5TnY0d284ZFdrMEEtWVhqRXYwS0JPdDdoM3hCMTl6WnJzTXpQdUpzUkphWHpzVnpCTU5qZ1RvUVdLNmdta3d2QWJ0bVpnZldDTFVYV0J4dUlZeEhYRkk1U1pWVVhvSDRHNVF2QUtDSTRHRkh1RFZYemhJWFZSb29FZC1fMXNhd0JOWk9ZSl94RDJNLWd5UFhtdUxaNGxfa29rSV9NNEN3ck1fYtIBvAFBVV95cUxNSHA0LVkteUtoNWFuM1Z4TGx5TnY0d284ZFdrMEEtWVhqRXYwS0JPdDdoM3hCMTl6WnJzTXpQdUpzUkphWHpzVnpCTU5qZ1RvUVdLNmdta3d2QWJ0bVpnZldDTFVYV0J4dUlZeEhYRkk1U1pWVVhvSDRHNVF2QUtDSTRHRkh1RFZYemhJWFZSb29FZC1fMXNhd0JOWk9ZSl94RDJNLWd5UFhtdUxaNGxfa29rSV9NNEN3ck1fYg?oc=5,Google News RSS,"Wed, 12 Aug 2026 13:42:55 GMT",2026-08-14T08:50:44.282287,India,0,1
60,,"<a href=""https://news.google.com/rss/articles/CBMiswFBVV95cUxPZF84SVRFTXJENEt6aWZ5X090dW1WSG5KZ3JtcVhKMndNMm5DV0UwRXVEcVFkV0U1S3RZLTZBLV9GaW0wZW5MMkFPLW0zYUY3ckVHV0c4dWI0Z3otaFRQR18zZ29iTmNpUk1WdzNsc3JPeVN1WHdvOXJ1N3pkTGJ3bDQ5d2RPYk1Bc3F0a0l3b21LRVNKbzI1OG1LOGRGZS1GMEdkejh5UG5URTFuRXUxdzFpaw?oc=5"" target=""_blank"">Supreme Court issues interim directions to curb digital arrest scams</a>&nbsp;&nbsp;<font color=""#6f6f6f"">NewsBytes</font>",1,Digital Arrest,,News Report,English,High,Supreme Court,Unknown,https://news.google.com/rss/articles/CBMiswFBVV95cUxPZF84SVRFTXJENEt6aWZ5X090dW1WSG5KZ3JtcVhKMndNMm5DV0UwRXVEcVFkV0U1S3RZLTZBLV9GaW0wZW5MMkFPLW0zYUY3ckVHV0c4dWI0Z3otaFRQR18zZ29iTmNpUk1WdzNsc3JPeVN1WHdvOXJ1N3pkTGJ3bDQ5d2RPYk1Bc3F0a0l3b21LRVNKbzI1OG1LOGRGZS1GMEdkejh5UG5URTFuRXUxdzFpaw?oc=5,Google News RSS,"Tue, 11 Aug 2026 13:40:56 GMT",2026-08-14T08:50:46.138665,India,0,1
61,,"<a href=""https://news.google.com/rss/articles/CBMiugFBVV95cUxQNFNURy1aVUhRTlk4a0p2cTZha0tKczZfLWtfUkt5NGF5RFZQWFBDVkk2QV95Y0Z1Y0FId1dCaDZIVlAyaWdWTW1oUlVwZEZnZnlVSm5DcExWMlIzelk2MVRmVm5LVGRPY0hUNHNtUU1VaVl2aUplTTRUWEZYZkRrYllHRkFwbXp1c1NMLVF2dzdCWWhZVkhmbllsTmt1N29YVTBFcF8tRDFnRTJqSDRKYlVweHRER3hiaHc?oc=5"" target=""_blank"">Rs 10.74 Crore Fraud, 5,436 Bank Accounts: Pune Police Arrest Key Digital Arrest Scam Accused</a>&nbsp;&nbsp;<font color=""#6f6f6f"">Punekar News</font>",1,Digital Arrest,,News Report,English,Critical,Police,Unknown,https://news.google.com/rss/articles/CBMiugFBVV95cUxQNFNURy1aVUhRTlk4a0p2cTZha0tKczZfLWtfUkt5NGF5RFZQWFBDVkk2QV95Y0Z1Y0FId1dCaDZIVlAyaWdWTW1oUlVwZEZnZnlVSm5DcExWMlIzelk2MVRmVm5LVGRPY0hUNHNtUU1VaVl2aUplTTRUWEZYZkRrYllHRkFwbXp1c1NMLVF2dzdCWWhZVkhmbllsTmt1N29YVTBFcF8tRDFnRTJqSDRKYlVweHRER3hiaHc?oc=5,Google News RSS,"Tue, 11 Aug 2026 17:40:46 GMT",2026-08-14T08:50:47.994635,India,0,1
62,,"<a href=""https://news.google.com/rss/articles/CBMi5wFBVV95cUxQbDR4cm5pVzh1VGktOHUxT3h2QXV6N2FtVnFkX2h1cGFhTzRaMmh4dENkbzYzSV8tRHVDQ3c5eTRLZGljVTBQcWpCVHRyRnhGY2lPMzFoSVdKS2Q5ek5ENy0zZVBwaHVmYk9ROWs0S1VhTHlOSnF4OFFIbk41eE5iQk40TVJvaUJ3RHdRUkwwVGRhWW9yQ215NDNEZndrYkdzSGxqdW53WnFuY211Y19iclAwOEVDcWhBSGVrVzZ0aHo5VlV1dmZfVC1MNGI0LTNQSF9fSmJxeFZRaC0zSzVTVkJWMkI4OU3SAewBQVVfeXFMT041WUVURE9ZbXNsQWYtZXNGQmhlOTVxN0V3b2FZNlB2X2poT3VoaU02QXI0UXRDQUNSUlB6Nms1UTlpOTdOR1BEdGY4M2tBSHBqT0dDSXJQYmNBV1Z3Z193b0ZOYUQ0M05LU2dkWExCcDVQZVRCTlpQdk5MaFMwWkxvQURnT24zaS13Y3AxMDlxTFNWZnlsYk9qWWhwdFBjN3ExOW14Rk1tWjFnOVNLdE1LRUtpSmhMeVk1WFl4Y0hZUVJweGZDazlQZ1YybFhBLTgwRUlJbk4tMnlZQ1VOSHhRU2NzQlY0b0JNM20?oc=5"" target=""_blank"">Major Twist In Nagpur Rape Case! 19-Year-Old Accused Allegedly Kept Minor Under Digital Arrest For Nearly 3</a>&nbsp;&nbsp;<font color=""#6f6f6f"">Free Press Journal</font>",1,Digital Arrest,,News Report,English,High,,Unknown,https://news.google.com/rss/articles/CBMi5wFBVV95cUxQbDR4cm5pVzh1VGktOHUxT3h2QXV6N2FtVnFkX2h1cGFhTzRaMmh4dENkbzYzSV8tRHVDQ3c5eTRLZGljVTBQcWpCVHRyRnhGY2lPMzFoSVdKS2Q5ek5ENy0zZVBwaHVmYk9ROWs0S1VhTHlOSnF4OFFIbk41eE5iQk40TVJvaUJ3RHdRUkwwVGRhWW9yQ215NDNEZndrYkdzSGxqdW53WnFuY211Y19iclAwOEVDcWhBSGVrVzZ0aHo5VlV1dmZfVC1MNGI0LTNQSF9fSmJxeFZRaC0zSzVTVkJWMkI4OU3SAewBQVVfeXFMT041WUVURE9ZbXNsQWYtZXNGQmhlOTVxN0V3b2FZNlB2X2poT3VoaU02QXI0UXRDQUNSUlB6Nms1UTlpOTdOR1BEdGY4M2tBSHBqT0dDSXJQYmNBV1Z3Z193b0ZOYUQ0M05LU2dkWExCcDVQZVRCTlpQdk5MaFMwWkxvQURnT24zaS13Y3AxMDlxTFNWZnlsYk9qWWhwdFBjN3ExOW14Rk1tWjFnOVNLdE1LRUtpSmhMeVk1WFl4Y0hZUVJweGZDazlQZ1YybFhBLTgwRUlJbk4tMnlZQ1VOSHhRU2NzQlY0b0JNM20?oc=5,Google News RSS,"Wed, 12 Aug 2026 07:36:40 GMT",2026-08-14T08:50:49.864224,India,0,1
63,,"<a href=""https://news.google.com/rss/articles/CBMiygFBVV95cUxQOE9kV1luZGRQQU4tUUJOaG1IWGNObnlBVHZieHc1ZVZpM0c3eWpwV2xLX1RXWlFySW4zcEhNRUpSdnlpNnRNWVFnZ3FDSnQwZkoxeWctak1ybHdIU0hQZ1YzcHJXUjFIRmhCLWh0OVRXeEdMRXJITEVKTU1aQWhxb3g5a29FYTVzSmVORjkzdVV0bmRIbGlSTUswQUE5dElZdlhBWTZFcXhvLUhsYnVXTC1KZ0lGLXRNZENBYl9SN0JsM1RBTVREbGVn?oc=5"" target=""_blank"">Pune Cyber Police Arrest ‘Reel Star’ In ₹10.74 Crore ‘Digital Arrest’ Fraud Targeting 82-Year-Old</a>&nbsp;&nbsp;<font color=""#6f6f6f"">PUNE PULSE</font>",1,Digital Arrest,,News Report,English,Critical,Police,Unknown,https://news.google.com/rss/articles/CBMiygFBVV95cUxQOE9kV1luZGRQQU4tUUJOaG1IWGNObnlBVHZieHc1ZVZpM0c3eWpwV2xLX1RXWlFySW4zcEhNRUpSdnlpNnRNWVFnZ3FDSnQwZkoxeWctak1ybHdIU0hQZ1YzcHJXUjFIRmhCLWh0OVRXeEdMRXJITEVKTU1aQWhxb3g5a29FYTVzSmVORjkzdVV0bmRIbGlSTUswQUE5dElZdlhBWTZFcXhvLUhsYnVXTC1KZ0lGLXRNZENBYl9SN0JsM1RBTVREbGVn?oc=5,Google News RSS,"Wed, 12 Aug 2026 04:51:07 GMT",2026-08-14T08:50:51.687057,India,0,1
64,,"<a href=""https://news.google.com/rss/articles/CBMilwFBVV95cUxPV3F4YVRHWGJ4V1FvM2RIR2psSmRBM3JRUldwU0pHUUoxWklEMXpCUUV2eW01SThlLW84aFNrWGtrUXNSQUxpQVVyeDdyZC1ic1BFMGNDeFdYZGhnNkhZbGxOVTRLd2dJMGo5RlpVQi1jSFVUU3RoaElKRVRUVU5VZ2V6VHYyS2pTWkh6WkhVUklTM3phVnBF?oc=5"" target=""_blank"">Pune Influencer Arrested in KES 165 Million Digital Arrest Extortion Ring</a>&nbsp;&nbsp;<font color=""#6f6f6f"">streamlinefeed.co.ke</font>",1,Digital Arrest,,News Report,English,Critical,,Unknown,https://news.google.com/rss/articles/CBMilwFBVV95cUxPV3F4YVRHWGJ4V1FvM2RIR2psSmRBM3JRUldwU0pHUUoxWklEMXpCUUV2eW01SThlLW84aFNrWGtrUXNSQUxpQVVyeDdyZC1ic1BFMGNDeFdYZGhnNkhZbGxOVTRLd2dJMGo5RlpVQi1jSFVUU3RoaElKRVRUVU5VZ2V6VHYyS2pTWkh6WkhVUklTM3phVnBF?oc=5,Google News RSS,"Thu, 13 Aug 2026 16:26:29 GMT",2026-08-14T08:50:53.544721,India,0,1
65,,"<a href=""https://news.google.com/rss/articles/CBMixgFBVV95cUxQOXB0N3phR3A3LW50YWJUN0I5TFpEVXB3WnA1bEJBOEtvdDBuSHVvUTFrUFlaMk01bDEtY0RQWHhDWVRwY2xhbWR5X0YyR0NxR3FFYXVsbWYzUURtcGkzYkJITG40X3A1OEplcThEWmxYU3VEcXpmZ2U1MGtvWlgxcTNrWDdQVDJKWS1CcS12czlZb2VNMFRydG03cjd5M2xhX0JzcDJ1S00yazRwd29CRXQtZFkyMVlJRzZJWHBSU0stMUJxd2fSAcYBQVVfeXFMUDlwdDd6YUdwNy1udGFiVDdCOUxaRFVwd1pwNWxCQThLb3Qwbkh1b1Exa1BZWjJNNWwxLWNEUFh4Q1lUcGNsYW1keV9GMkdDcUdxRWF1bG1mM1FEbXBpM2JCSExuNF9wNThKZXE4RFpsWFN1RHF6ZmdlNTBrb1pYMXEza1g3UFQySlktQnEtdnM5WW9lTTBUcnRtN3I3eTNsYV9Cc3AydUtNMms0cHdvQkV0LWRZMjFZSUc2SVhwUlNLLTFCcXdn?oc=5"" target=""_blank"">Nagpur: Teen Held Under ‘Digital Arrest’ for 3 Months Before Rape and Assault</a>&nbsp;&nbsp;<font color=""#6f6f6f"">LatestLY</font>",1,Digital Arrest,,News Report,English,High,,Unknown,https://news.google.com/rss/articles/CBMixgFBVV95cUxQOXB0N3phR3A3LW50YWJUN0I5TFpEVXB3WnA1bEJBOEtvdDBuSHVvUTFrUFlaMk01bDEtY0RQWHhDWVRwY2xhbWR5X0YyR0NxR3FFYXVsbWYzUURtcGkzYkJITG40X3A1OEplcThEWmxYU3VEcXpmZ2U1MGtvWlgxcTNrWDdQVDJKWS1CcS12czlZb2VNMFRydG03cjd5M2xhX0JzcDJ1S00yazRwd29CRXQtZFkyMVlJRzZJWHBSU0stMUJxd2fSAcYBQVVfeXFMUDlwdDd6YUdwNy1udGFiVDdCOUxaRFVwd1pwNWxCQThLb3Qwbkh1b1Exa1BZWjJNNWwxLWNEUFh4Q1lUcGNsYW1keV9GMkdDcUdxRWF1bG1mM1FEbXBpM2JCSExuNF9wNThKZXE4RFpsWFN1RHF6ZmdlNTBrb1pYMXEza1g3UFQySlktQnEtdnM5WW9lTTBUcnRtN3I3eTNsYV9Cc3AydUtNMms0cHdvQkV0LWRZMjFZSUc2SVhwUlNLLTFCcXdn?oc=5,Google News RSS,"Wed, 12 Aug 2026 04:29:15 GMT",2026-08-14T08:50:57.211080,India,0,1
66,,"<a href=""https://news.google.com/rss/articles/CBMi_wFBVV95cUxObU03QzkxaDRsaUM2TzJfZGtBYl9iZFptTmdpMnF2WDl4N1d1OUZJb3ppSjFfZmZvNmJuNFl6clVoM1NTVy1wQlc1RHVleW44eUNwN19xbGd5TGlSTExLUG1xbWpSVjUxY3NIN0hpVk90ZWdFckRWZGloM2dPemVHV19rcEc1WVBjZUlZNFhYcjNuSERCYVB3NmhwSE9pZTZtVXRMclo2T194QUR0MEdKUjBfbnhrT3g0YmdNMTE5MTVYSUx0M2xGZWdkTXdSLVFMLThPMkh1cmpLZ2tLYmpGa1h3dU9RNVJBZnFvVXoyUF9TbXFIdEl5aDdZSGROV0XSAf8BQVVfeXFMTm1NN0M5MWg0bGlDNk8yX2RrQWJfYmRabU5naTJxdlg5eDdXdTlGSW96aUoxX2ZmbzZibjRZenJVaDNTU1ctcEJXNUR1ZXluOHlDcDdfcWxneUxpUkxMS1BtcW1qUlY1MWNzSDdIaVZPdGVnRXJEVmRpaDNnT3plR1dfa3BHNVlQY2VJWTRYWHIzbkhEQmFQdzZocEhPaWU2bVV0THJaNk9feEFEdDBHSlIwX254a094NGJnTTExOTE1WElMdDNsRmVnZE13Ui1RTC04TzJIdXJqS2drS2JqRmtYd3VPUTVSQWZxb1V6MlBfU21xSHRJeWg3WUhkTldF?oc=5"" target=""_blank"">Phone Control, Threat, Video Calls: How Thane Youth Kept Nagpur Girl Under 'Digital Arrest' for 3 Months</a>&nbsp;&nbsp;<font color=""#6f6f6f"">LatestLY</font>",1,Digital Arrest,,News Report,English,High,,Unknown,https://news.google.com/rss/articles/CBMi_wFBVV95cUxObU03QzkxaDRsaUM2TzJfZGtBYl9iZFptTmdpMnF2WDl4N1d1OUZJb3ppSjFfZmZvNmJuNFl6clVoM1NTVy1wQlc1RHVleW44eUNwN19xbGd5TGlSTExLUG1xbWpSVjUxY3NIN0hpVk90ZWdFckRWZGloM2dPemVHV19rcEc1WVBjZUlZNFhYcjNuSERCYVB3NmhwSE9pZTZtVXRMclo2T194QUR0MEdKUjBfbnhrT3g0YmdNMTE5MTVYSUx0M2xGZWdkTXdSLVFMLThPMkh1cmpLZ2tLYmpGa1h3dU9RNVJBZnFvVXoyUF9TbXFIdEl5aDdZSGROV0XSAf8BQVVfeXFMTm1NN0M5MWg0bGlDNk8yX2RrQWJfYmRabU5naTJxdlg5eDdXdTlGSW96aUoxX2ZmbzZibjRZenJVaDNTU1ctcEJXNUR1ZXluOHlDcDdfcWxneUxpUkxMS1BtcW1qUlY1MWNzSDdIaVZPdGVnRXJEVmRpaDNnT3plR1dfa3BHNVlQY2VJWTRYWHIzbkhEQmFQdzZocEhPaWU2bVV0THJaNk9feEFEdDBHSlIwX254a094NGJnTTExOTE1WElMdDNsRmVnZE13Ui1RTC04TzJIdXJqS2drS2JqRmtYd3VPUTVSQWZxb1V6MlBfU21xSHRJeWg3WUhkTldF?oc=5,Google News RSS,"Wed, 12 Aug 2026 04:29:15 GMT",2026-08-14T08:50:59.119134,India,0,1
67,,"<a href=""https://news.google.com/rss/articles/CBMirwFBVV95cUxNdkpHS0FUR3FoZ0tzc0RXMjd3YUc5NFNCeE9NZFFpTmpBaV9hdmhxenVCN0NHb1AwSDZ2WnRldWZvVDhoa1lxV0lZVF85YzIxTERoSmZOODJPbXBzZ0NfVlF3MUFWbGVVOGVSSFhvWVp5MWkzbmZMSnFrSVJscUVyLXhMZGJsamd6UWN5MGxKSnRfRHN0RHZSOXFwSWtQX3IwRUVUMnp2aFJFekYyYzZF0gGvAUFVX3lxTE12SkdLQVRHcWhnS3NzRFcyN3dhRzk0U0J4T01kUWlOakFpX2F2aHF6dUI3Q0dvUDBINnZadGV1Zm9UOGhrWXFXSVlUXzljMjFMRGhKZk44Mk9tcHNnQ19WUXcxQVZsZVU4ZVJIWG9ZWnkxaTNuZkxKcWtJUmxxRXIteExkYmxqZ3pRY3kwbEpKdF9Ec3REdlI5cXBJa1BfcjBFRVQyenZoUkV6RjJjNkU?oc=5"" target=""_blank"">Instagram Reel Star Turns Fraud Kingpin, Pune Cops Nab Influencer In Digital Arrest Scam</a>&nbsp;&nbsp;<font color=""#6f6f6f"">Newstrack English</font>",1,Digital Arrest,,News Report,English,High,,Unknown,https://news.google.com/rss/articles/CBMirwFBVV95cUxNdkpHS0FUR3FoZ0tzc0RXMjd3YUc5NFNCeE9NZFFpTmpBaV9hdmhxenVCN0NHb1AwSDZ2WnRldWZvVDhoa1lxV0lZVF85YzIxTERoSmZOODJPbXBzZ0NfVlF3MUFWbGVVOGVSSFhvWVp5MWkzbmZMSnFrSVJscUVyLXhMZGJsamd6UWN5MGxKSnRfRHN0RHZSOXFwSWtQX3IwRUVUMnp2aFJFekYyYzZF0gGvAUFVX3lxTE12SkdLQVRHcWhnS3NzRFcyN3dhRzk0U0J4T01kUWlOakFpX2F2aHF6dUI3Q0dvUDBINnZadGV1Zm9UOGhrWXFXSVlUXzljMjFMRGhKZk44Mk9tcHNnQ19WUXcxQVZsZVU4ZVJIWG9ZWnkxaTNuZkxKcWtJUmxxRXIteExkYmxqZ3pRY3kwbEpKdF9Ec3REdlI5cXBJa1BfcjBFRVQyenZoUkV6RjJjNkU?oc=5,Google News RSS,"Wed, 12 Aug 2026 08:55:03 GMT",2026-08-14T08:51:02.824571,India,0,1
68,,"<a href=""https://news.google.com/rss/articles/CBMiqAFBVV95cUxQS0o5YVllLUtQOXl6U05iWkhoUWxvRzZKdEMtVGN6ODlLb1JJYVpISlZYdU1DNFdjZDdTZmc5M1FuVEdsRVBOX2M3R3h1aEhkX0dkWVdrUjlxSjktLTBsR1cxX04tTGxaVnBJVDNvelA5Vko5VV9heHZFbDBDdGxrRl95eUJCMGJudW0xdUdPY05EU0R4QlZCTXRucUp5SUxtR0dKLWM3Wi3SAa8BQVVfeXFMT1Q0cTA1R1ZrZzJ0bUE1Vkxpa1N3Q1NtT1B5dmlpOXVQOW1pMG9iTXNtTkR2elVFQUs1YUtobVVjNGdfMnA0UzBXZnRFZ043c0xxc3k1SU9JVzY2WEQ1SVVpXzZabTMtLUU0WkRJNGd5eDhlVmZIbzZNd0Fmd25oVS1uVDRBb21UMzc4OUpoSU84dTI0REpZN29kWnlVeXRST1U0cXVnX2ViVzJGMG5JYw?oc=5"" target=""_blank"">Stop the scam: On the ‘digital arrest’ menace</a>&nbsp;&nbsp;<font color=""#6f6f6f"">The Hindu</font>",1,Digital Arrest,,News Report,English,High,,Unknown,https://news.google.com/rss/articles/CBMiqAFBVV95cUxQS0o5YVllLUtQOXl6U05iWkhoUWxvRzZKdEMtVGN6ODlLb1JJYVpISlZYdU1DNFdjZDdTZmc5M1FuVEdsRVBOX2M3R3h1aEhkX0dkWVdrUjlxSjktLTBsR1cxX04tTGxaVnBJVDNvelA5Vko5VV9heHZFbDBDdGxrRl95eUJCMGJudW0xdUdPY05EU0R4QlZCTXRucUp5SUxtR0dKLWM3Wi3SAa8BQVVfeXFMT1Q0cTA1R1ZrZzJ0bUE1Vkxpa1N3Q1NtT1B5dmlpOXVQOW1pMG9iTXNtTkR2elVFQUs1YUtobVVjNGdfMnA0UzBXZnRFZ043c0xxc3k1SU9JVzY2WEQ1SVVpXzZabTMtLUU0WkRJNGd5eDhlVmZIbzZNd0Fmd25oVS1uVDRBb21UMzc4OUpoSU84dTI0REpZN29kWnlVeXRST1U0cXVnX2ViVzJGMG5JYw?oc=5,Google News RSS,"Thu, 06 Aug 2026 18:50:00 GMT",2026-08-14T08:51:06.510015,India,0,1
69,,"<a href=""https://news.google.com/rss/articles/CBMirwFBVV95cUxNa2xweDZSeGdrRmlSTUJQbVB2OVZHQnBYS2ZrU0d2SlBFcFlpT2tyeGdxaHZsVXZuM3FmZF83eWlmNlNxTm9fZ3RwVFRqdF9fb0l0cmZYeUtNYXNLQnVLbk44M3V5VjhubkpFRTdCSnlUdTNCMU9pYUlBdWVLaUtZb2NJenF0aE5zNWpVaDNsM0VhOEhXQ2l4UnFEUTBtYXY4dGZPdktkYXlXQWJvRUVF0gG8AUFVX3lxTE9PZ2htTEQyLU1jME92dmVRNThZTlVPMnluUmRZZElpbnk1WHdNR2JTdGxBLWJUV2FoMzBmZkpZZnVpem45SzMzeUJCa2lvLWZaNVJseVYxVTVPWnNWNWFKcU5VdXNXcnFFYjlHWkxIX3I1cC1DUFNfcG5xVzcyNzhuNnF5VVQ3U2pPQWRjZVhNX0tfRjY2V1k5LUdiX1lCQXN5aFFpMUNBNW9xQXdiaHpFdi0tUFlJbEsyRDl3?oc=5"" target=""_blank"">SC issues 13-point directions to fight digital arrest scams</a>&nbsp;&nbsp;<font color=""#6f6f6f"">The New Indian Express</font>",1,Digital Arrest,,News Report,English,High,,Unknown,https://news.google.com/rss/articles/CBMirwFBVV95cUxNa2xweDZSeGdrRmlSTUJQbVB2OVZHQnBYS2ZrU0d2SlBFcFlpT2tyeGdxaHZsVXZuM3FmZF83eWlmNlNxTm9fZ3RwVFRqdF9fb0l0cmZYeUtNYXNLQnVLbk44M3V5VjhubkpFRTdCSnlUdTNCMU9pYUlBdWVLaUtZb2NJenF0aE5zNWpVaDNsM0VhOEhXQ2l4UnFEUTBtYXY4dGZPdktkYXlXQWJvRUVF0gG8AUFVX3lxTE9PZ2htTEQyLU1jME92dmVRNThZTlVPMnluUmRZZElpbnk1WHdNR2JTdGxBLWJUV2FoMzBmZkpZZnVpem45SzMzeUJCa2lvLWZaNVJseVYxVTVPWnNWNWFKcU5VdXNXcnFFYjlHWkxIX3I1cC1DUFNfcG5xVzcyNzhuNnF5VVQ3U2pPQWRjZVhNX0tfRjY2V1k5LUdiX1lCQXN5aFFpMUNBNW9xQXdiaHpFdi0tUFlJbEsyRDl3?oc=5,Google News RSS,"Tue, 04 Aug 2026 11:53:46 GMT",2026-08-14T08:51:08.496314,India,0,1
70,,"<a href=""https://news.google.com/rss/articles/CBMiekFVX3lxTE9vM25nQ01RaktnRmRDYjZraGExQS14M21wUkhab2d0YjMzR242ajRFNWo4dE5aOEtnSV9sMkNtSHdkbEpheHFFN1g1TlNremh5NG4xUXYxUWZBT1h0SW9wdWUzSWMxdVctZkg5WHNpZnRvV1lLVXVGbnhR?oc=5"" target=""_blank"">Supreme Court Steps In to Curb Digital Arrest Scams</a>&nbsp;&nbsp;<font color=""#6f6f6f"">Vajiram & Ravi</font>",1,Digital Arrest,,News Report,English,High,Supreme Court,Unknown,https://news.google.com/rss/articles/CBMiekFVX3lxTE9vM25nQ01RaktnRmRDYjZraGExQS14M21wUkhab2d0YjMzR242ajRFNWo4dE5aOEtnSV9sMkNtSHdkbEpheHFFN1g1TlNremh5NG4xUXYxUWZBT1h0SW9wdWUzSWMxdVctZkg5WHNpZnRvV1lLVXVGbnhR?oc=5,Google News RSS,"Wed, 05 Aug 2026 05:16:27 GMT",2026-08-14T08:51:10.382725,India,0,1
71,,"<a href=""https://news.google.com/rss/articles/CBMitwFBVV95cUxNTTZsVU1udTA2S2dQMm5BaDJfX3M4Z3ZSZWZWaF9ybGUtSkw4ZS0wdWwzUVMta1RRQ0djbTdaSDEyRjU2S3k5QzE0UmU4RThMenpRYkw0R21GVGpSV210VDJQdkRwdU9ORG9SR0dZeEtOLTBJZ2NJWEZ4TE1SRUw2YXA3el9GRW42Y0wzaGEwZkFkc1otSXU4cUIwbWhPMmxQeS1ZcWRpRS10Sm0tbkpfSG5iNTFPWEk?oc=5"" target=""_blank"">SC orders nationwide action against cyber scams | Digital Arrest | I4C</a>&nbsp;&nbsp;<font color=""#6f6f6f"">Manorama Yearbook</font>",1,Digital Arrest,,News Report,English,High,,Unknown,https://news.google.com/rss/articles/CBMitwFBVV95cUxNTTZsVU1udTA2S2dQMm5BaDJfX3M4Z3ZSZWZWaF9ybGUtSkw4ZS0wdWwzUVMta1RRQ0djbTdaSDEyRjU2S3k5QzE0UmU4RThMenpRYkw0R21GVGpSV210VDJQdkRwdU9ORG9SR0dZeEtOLTBJZ2NJWEZ4TE1SRUw2YXA3el9GRW42Y0wzaGEwZkFkc1otSXU4cUIwbWhPMmxQeS1ZcWRpRS10Sm0tbkpfSG5iNTFPWEk?oc=5,Google News RSS,"Wed, 05 Aug 2026 09:50:19 GMT",2026-08-14T08:51:12.761643,India,0,1
72,,"<a href=""https://news.google.com/rss/articles/CBMi9wFBVV95cUxOUkM4SU92bzdOa0FNbDllUGt0RDIteVVBMVgyYjhWTmhtN1ZydU1SMmtyOVBZOTFlN1F5REo0RFc2c195NmZTS2Nud3RXRkE3MURZanNqZ0phTlJTZnhMZFZhODUzc0gtNkZMelVKQzhwLUxUamhMSHBCZVZEdmNvZmFWOWVlQ2RCbG03R2RRb1NGenRMNWhxOFduM2hYUGlRVUhLWTE5bWNKTUdpM3Z2TDZ6dFlVS2daOS0wc0ZoVHdOV3dZc2NOZXZPOVJZN2NuNURWajZ3eHl3Y1dRRHp3ZWE3NE5EcWxwa0NZRXBKa0hmNXJqelhn0gH8AUFVX3lxTFBRV1d6ZEhBaVJudmIyVXgzNkpfLTlZUDBkbXJkMjQ5S3lOUVAxcjM5QVNwNjhxdFMxTjkwa0I0OHh3TlU1X2ZGMUFzODY3dExCSGwtckkzbmJlcDBKcVBxX1pSbjU2OHpqM25KcnpJSmNaM0V1X181VUhaR3ZYVFVucjUydkNvTHNwWllKLS11cENGc3hJSzZDaFI1VkIzbTFiVVRWbEFReDZ5SGdTWE9UdFRCZklSQXhTd0FqeEdfcDNsY3JfVUUxNzFVbnloVXFGX3dGeEhHVHZZTnZMVDdKMDU2enZfcmFxZlY4cXpZSWRRazMySFVqd1NyZQ?oc=5"" target=""_blank"">SC orders nationwide action against 'digital arrest' scams; tells RBI to share SOP on 'mule accounts'</a>&nbsp;&nbsp;<font color=""#6f6f6f"">The Times of India</font>",1,Digital Arrest,,News Report,English,High,RBI,Unknown,https://news.google.com/rss/articles/CBMi9wFBVV95cUxOUkM4SU92bzdOa0FNbDllUGt0RDIteVVBMVgyYjhWTmhtN1ZydU1SMmtyOVBZOTFlN1F5REo0RFc2c195NmZTS2Nud3RXRkE3MURZanNqZ0phTlJTZnhMZFZhODUzc0gtNkZMelVKQzhwLUxUamhMSHBCZVZEdmNvZmFWOWVlQ2RCbG03R2RRb1NGenRMNWhxOFduM2hYUGlRVUhLWTE5bWNKTUdpM3Z2TDZ6dFlVS2daOS0wc0ZoVHdOV3dZc2NOZXZPOVJZN2NuNURWajZ3eHl3Y1dRRHp3ZWE3NE5EcWxwa0NZRXBKa0hmNXJqelhn0gH8AUFVX3lxTFBRV1d6ZEhBaVJudmIyVXgzNkpfLTlZUDBkbXJkMjQ5S3lOUVAxcjM5QVNwNjhxdFMxTjkwa0I0OHh3TlU1X2ZGMUFzODY3dExCSGwtckkzbmJlcDBKcVBxX1pSbjU2OHpqM25KcnpJSmNaM0V1X181VUhaR3ZYVFVucjUydkNvTHNwWllKLS11cENGc3hJSzZDaFI1VkIzbTFiVVRWbEFReDZ5SGdTWE9UdFRCZklSQXhTd0FqeEdfcDNsY3JfVUUxNzFVbnloVXFGX3dGeEhHVHZZTnZMVDdKMDU2enZfcmFxZlY4cXpZSWRRazMySFVqd1NyZQ?oc=5,Google News RSS,"Tue, 04 Aug 2026 12:02:00 GMT",2026-08-14T08:51:14.620194,India,0,1
73,,"<a href=""https://news.google.com/rss/articles/CBMisgFBVV95cUxQbS1wVlAySDA5dF9Fa1A4QUZDYVRZdGhldWYybjZxSjcwOVlhNFNRdHZhUUZuODN6VWo5N1NDLWFMNlBPMFllX29HM1lEeWJFRVFHaks3QXJmMURfLVdZZUpUdXNEbUl0a3VUZXFGQlA4SGEwWUZQUE1XWWNqVFdKbEJNVF9QRVFmRjhreF9ESzluRnhCVmIxenFleWlHdTVsVlNrV2JTc2ZYa3BuaFI5RWZ30gG6AUFVX3lxTE5Xb2NBRUN2MmI2cklVcnNVLXdORUpHNHl3RkgtcGkzSTdxVGstczZPZ05Jd1lwUU0weTVwbHhTUFdKTUQ1WmExWWhUbmJSRE5aOHRha1RNbVpVU3VsVUhXNEdWVkItVkJSbUhsb1piWGZpUTdwd2FsS1EtRTdYeUVINmgtV0tpTGpieGpFRURFYVEwdlhMTnFPNEw1QV9weGpLcm9uVk42aTQxR1NCVzdjeHFMdkZmSzVEQQ?oc=5"" target=""_blank"">SOPs, Compensation Framework: Top Court's New Directions On 'Digital Arrest'</a>&nbsp;&nbsp;<font color=""#6f6f6f"">NDTV</font>",1,Digital Arrest,,News Report,English,High,,Unknown,https://news.google.com/rss/articles/CBMisgFBVV95cUxQbS1wVlAySDA5dF9Fa1A4QUZDYVRZdGhldWYybjZxSjcwOVlhNFNRdHZhUUZuODN6VWo5N1NDLWFMNlBPMFllX29HM1lEeWJFRVFHaks3QXJmMURfLVdZZUpUdXNEbUl0a3VUZXFGQlA4SGEwWUZQUE1XWWNqVFdKbEJNVF9QRVFmRjhreF9ESzluRnhCVmIxenFleWlHdTVsVlNrV2JTc2ZYa3BuaFI5RWZ30gG6AUFVX3lxTE5Xb2NBRUN2MmI2cklVcnNVLXdORUpHNHl3RkgtcGkzSTdxVGstczZPZ05Jd1lwUU0weTVwbHhTUFdKTUQ1WmExWWhUbmJSRE5aOHRha1RNbVpVU3VsVUhXNEdWVkItVkJSbUhsb1piWGZpUTdwd2FsS1EtRTdYeUVINmgtV0tpTGpieGpFRURFYVEwdlhMTnFPNEw1QV9weGpLcm9uVk42aTQxR1NCVzdjeHFMdkZmSzVEQQ?oc=5,Google News RSS,"Tue, 04 Aug 2026 07:00:00 GMT",2026-08-14T08:51:16.448032,India,0,1
74,,"<a href=""https://news.google.com/rss/articles/CBMiugFBVV95cUxNZzBxRWlvMEd0ZmxFRHdKY0k5X0lCTGV6VHhxZWtCcWd2SjNqNkdUVDNNdmIxMVZ1Ti1RbU5kZ2ZwdFFOcC04WWJuTXVHNDh5MUVRdGFSZE50NDJGbEZMS3RSSWVtYmM5V1J0Y3I4R1pYbEpiSW1PQU8tLVdnOUw5Z2FMQzI0YWdQamFNeUxTNlpOYllMbkZaWFhCbmtiUTVwRTczbWdGQWNhMVprOTRHRGdLMkFaTXNoRHfSAcABQVVfeXFMT0ltTHdKUDNCdXo4T3VaNXhkMGZheVY5OU8xQ1RicW9ocnM1RVRoQ0lZeXk4N3JHaUl0M214LW9EQkswQUZIbWtxRU9OYjlnVjdYMVFna2tMYVNqYmJHaTlzUGdFcDdTd0RvaF9uLUp4OElxSkNEbjdUc1hPb2lvbXhHM0MxWnVZSVdlemhSX2p0ZDNPRXVYQVVBeEw4cnNDd2lEaFdTNWNhVHQ2TTZLVThETTJvVmdlY19DbHp3M21t?oc=5"" target=""_blank"">On ‘digital arrests’, Supreme Court’s ‘act against mule accounts’ message</a>&nbsp;&nbsp;<font color=""#6f6f6f"">The Indian Express</font>",1,Digital Arrest,,News Report,English,High,Supreme Court,Unknown,https://news.google.com/rss/articles/CBMiugFBVV95cUxNZzBxRWlvMEd0ZmxFRHdKY0k5X0lCTGV6VHhxZWtCcWd2SjNqNkdUVDNNdmIxMVZ1Ti1RbU5kZ2ZwdFFOcC04WWJuTXVHNDh5MUVRdGFSZE50NDJGbEZMS3RSSWVtYmM5V1J0Y3I4R1pYbEpiSW1PQU8tLVdnOUw5Z2FMQzI0YWdQamFNeUxTNlpOYllMbkZaWFhCbmtiUTVwRTczbWdGQWNhMVprOTRHRGdLMkFaTXNoRHfSAcABQVVfeXFMT0ltTHdKUDNCdXo4T3VaNXhkMGZheVY5OU8xQ1RicW9ocnM1RVRoQ0lZeXk4N3JHaUl0M214LW9EQkswQUZIbWtxRU9OYjlnVjdYMVFna2tMYVNqYmJHaTlzUGdFcDdTd0RvaF9uLUp4OElxSkNEbjdUc1hPb2lvbXhHM0MxWnVZSVdlemhSX2p0ZDNPRXVYQVVBeEw4cnNDd2lEaFdTNWNhVHQ2TTZLVThETTJvVmdlY19DbHp3M21t?oc=5,Google News RSS,"Tue, 04 Aug 2026 15:20:03 GMT",2026-08-14T08:51:18.387707,India,0,1
75,,"<a href=""https://news.google.com/rss/articles/CBMiwAFBVV95cUxNWndsUHZ4NHpRc1RZbVgxZmJwRzgtMDFnOU5WdHBmcjFKUzlURGZvMlpYaW55SjltUkRDOTluZEVuSVVSSFpBN1BvQW5tbFNoVWY4NWctdEJwUlJOb3UyYjRkNlNrdG5DWjJHTHRKRG81YmVjQmlmSDdfRnFUZXFaVTZEdl9KOW9oTURUdTU3aTdxUUhjWWZSOWlsWGxhQmF4ckRUQnpQdkM4MzJYRUg3STRWUWpfVUZfRWlYcElub1LSAcYBQVVfeXFMTkQwbkxsaFNCdFR3bTNPVHNDcVgtcHdBWHpvRm5jM3hLdmVSaEFLbEEzOEtfMmJvU1Q3RTZjN3FPck13WlBkQ1p0YzkzejBPbWxrUmc3NjcwbEY5R2VqWUlNcTYtYy1yUERTQ1VCbmZhbkZiZmZVa1ptVU9jSjZiM0h0NVI1d1ROSmpNVGlxUDFlTF8xR0RkUTVaTU5HRWxsSEZWbVc2eFIzZEJpVGNUSWZ2VjVYbTJpc3NHQ0ptaFlXeTJPakhB?oc=5"" target=""_blank"">Supreme Court orders crackdown on digital arrest scams, faster money recovery</a>&nbsp;&nbsp;<font color=""#6f6f6f"">India Today</font>",1,Digital Arrest,,News Report,English,High,Supreme Court,Unknown,https://news.google.com/rss/articles/CBMiwAFBVV95cUxNWndsUHZ4NHpRc1RZbVgxZmJwRzgtMDFnOU5WdHBmcjFKUzlURGZvMlpYaW55SjltUkRDOTluZEVuSVVSSFpBN1BvQW5tbFNoVWY4NWctdEJwUlJOb3UyYjRkNlNrdG5DWjJHTHRKRG81YmVjQmlmSDdfRnFUZXFaVTZEdl9KOW9oTURUdTU3aTdxUUhjWWZSOWlsWGxhQmF4ckRUQnpQdkM4MzJYRUg3STRWUWpfVUZfRWlYcElub1LSAcYBQVVfeXFMTkQwbkxsaFNCdFR3bTNPVHNDcVgtcHdBWHpvRm5jM3hLdmVSaEFLbEEzOEtfMmJvU1Q3RTZjN3FPck13WlBkQ1p0YzkzejBPbWxrUmc3NjcwbEY5R2VqWUlNcTYtYy1yUERTQ1VCbmZhbkZiZmZVa1ptVU9jSjZiM0h0NVI1d1ROSmpNVGlxUDFlTF8xR0RkUTVaTU5HRWxsSEZWbVc2eFIzZEJpVGNUSWZ2VjVYbTJpc3NHQ0ptaFlXeTJPakhB?oc=5,Google News RSS,"Tue, 04 Aug 2026 07:00:00 GMT",2026-08-14T08:51:20.447502,India,0,1
76,,"<a href=""https://news.google.com/rss/articles/CBMizwFBVV95cUxNM1dQT2VKNF9hRmZzT2VVRDZ2SnNweEJJaFNFMFFNVkhJcFhFTV9SeHh4SV92Wk9RLWlLNHZXbU1yOVA3WEoyTjNSUEFHblc4a0NwdnFSSFFmcDBiTXIyNUljbUVnTk9RcmVkTHBna1NvdFZaOVdaMXhRZWhXbHlPblVUdnNnT09TZmQ5S2JFY05mRmthbDN4cXhHSlNhclRMd1hJNlhLZkZBVTJMX0l5YTlBbUtwbTJFaEF1MnJlakRqeHluUDRGXzNTUTlvYUHSAdQBQVVfeXFMTUdkTk93V2VyM0luTWlmd2RXU1E2emFad3A5TVdDLUhNVU1VZlk3aEpCR1NZWGJTUUV3NGxNVHAxSW90ODRYX05wVXlzdHRxa0tKX0dNUDZpcXB1M04taXhueEZnUXFmS3BibWZwNHNHd3dHSlNQYS1OLU1CMmQ5VGxZSUQyalNlbDh4ZnkxVHhtVjhmLXpaR05NRXZ5UUFSeTQ4eTVNYVBVaUVxeGcweTd6aldwRW14T3BaWUpjMm93RlZyZzZQQ21kRHNsd1NKdnpLTHY?oc=5"" target=""_blank"">Digital arrest scams: WhatsApp offers banned account & fake logo data, resists automatic call disconnect</a>&nbsp;&nbsp;<font color=""#6f6f6f"">ThePrint</font>",1,Digital Arrest,,News Report,English,High,,WhatsApp,https://news.google.com/rss/articles/CBMizwFBVV95cUxNM1dQT2VKNF9hRmZzT2VVRDZ2SnNweEJJaFNFMFFNVkhJcFhFTV9SeHh4SV92Wk9RLWlLNHZXbU1yOVA3WEoyTjNSUEFHblc4a0NwdnFSSFFmcDBiTXIyNUljbUVnTk9RcmVkTHBna1NvdFZaOVdaMXhRZWhXbHlPblVUdnNnT09TZmQ5S2JFY05mRmthbDN4cXhHSlNhclRMd1hJNlhLZkZBVTJMX0l5YTlBbUtwbTJFaEF1MnJlakRqeHluUDRGXzNTUTlvYUHSAdQBQVVfeXFMTUdkTk93V2VyM0luTWlmd2RXU1E2emFad3A5TVdDLUhNVU1VZlk3aEpCR1NZWGJTUUV3NGxNVHAxSW90ODRYX05wVXlzdHRxa0tKX0dNUDZpcXB1M04taXhueEZnUXFmS3BibWZwNHNHd3dHSlNQYS1OLU1CMmQ5VGxZSUQyalNlbDh4ZnkxVHhtVjhmLXpaR05NRXZ5UUFSeTQ4eTVNYVBVaUVxeGcweTd6aldwRW14T3BaWUpjMm93RlZyZzZQQ21kRHNsd1NKdnpLTHY?oc=5,Google News RSS,"Wed, 05 Aug 2026 10:38:35 GMT",2026-08-14T08:51:24.216364,India,0,1
77,,"<a href=""https://news.google.com/rss/articles/CBMiywFBVV95cUxNUkoweDhLT2g2Yjl5dmIxUmJmZFZVck5IWkEtaWRBQlBEbmdDdG9IMFo0cFEtTHpyNGpPMnhpOTZrV1hXZG9FbjQtQUtrckpGV01zZ3c5V1hTYzkwVUQtVFVmZGl0dmpCX0pxR1NoNlhFT0FoWDBNWFNVMXZ5d1lXYWVqWG5la2pOSC01eE5tZ1NmUEUzaWZROXR2REdQWVZ5YmRIZW9CZEpxM3N0YUlHTDV4V2x5VEpUVWh0cjY2TmVzdzQ4TXFRd1pUSQ?oc=5"" target=""_blank"">Digital arrest scams | Supreme Court gives RBI four weeks to adopt SOP for banks</a>&nbsp;&nbsp;<font color=""#6f6f6f"">Deccan Herald</font>",1,Digital Arrest,,News Report,English,High,RBI,Unknown,https://news.google.com/rss/articles/CBMiywFBVV95cUxNUkoweDhLT2g2Yjl5dmIxUmJmZFZVck5IWkEtaWRBQlBEbmdDdG9IMFo0cFEtTHpyNGpPMnhpOTZrV1hXZG9FbjQtQUtrckpGV01zZ3c5V1hTYzkwVUQtVFVmZGl0dmpCX0pxR1NoNlhFT0FoWDBNWFNVMXZ5d1lXYWVqWG5la2pOSC01eE5tZ1NmUEUzaWZROXR2REdQWVZ5YmRIZW9CZEpxM3N0YUlHTDV4V2x5VEpUVWh0cjY2TmVzdzQ4TXFRd1pUSQ?oc=5,Google News RSS,"Tue, 04 Aug 2026 07:00:00 GMT",2026-08-14T08:51:26.036675,India,0,1
78,,"<a href=""https://news.google.com/rss/articles/CBMi-AFBVV95cUxQOGpWMU9mNm1ZaDBXTWM5dmo5LUd3Mk1DYkhqUDJteVNzTmxTVzNvZ3c5dl9weThlQ040al9ONnE5a3ZRUkNQN1FLWnJ4QnkwajdTSUUxOW9qdTJKRTZQOWhseG82alUybXFXbFJnaW0weldaU2g4ckVRUjhsY1Z5MUdwcFRvakJFMDhIR0psR3ZuNXlWQms2OVc4dldUZVg2eG1YdjlQQks2QXJ3RFA2cEpPMmwxSWZGTjZsLUR4WlBYMnl6QmtmTDF6cTZRWnVoLWppS21hNVphUElxOTU1TWo1c0tnZlVIb3dRY19WRFo0Rl9SRmV4VdIB_gFBVV95cUxOeTZ5UDQzQWxhZVpIWXJVdFo1WVdrMEJQV08tWnV0bXl6ekxVdzdqOC0taGZGZVVSc1hySzRzdFFYOUswRmh2RlhvUS1nZGkzRjNJcUoydk5WOWpTVEowQTlJOXp3NWVjdll3aVBrZFJwamJmWTVlTmJfUk1UT1VTc0FwMV9iZlFoZ1hvTnotNnQ4QmNHRldUOE1WQVQ5dlo4STY5bi1YWTBIbF9oeEhxVTlkWnoyeVpjcGRIS0Jqek1tR1RoQlYwYWlwcXg0T3ZnRFA3RzdxM0RaUmM4RkpndkNNUlBpMUN2WjN1aV9aYmtxZ00xX0g1TVppY0ZYdw?oc=5"" target=""_blank"">Freeze faster, restore money sooner: SC tightens digital arrest scam response, gives RBI 4 weeks for mule account SOP</a>&nbsp;&nbsp;<font color=""#6f6f6f"">The Statesman</font>",1,Digital Arrest,,News Report,English,High,RBI,Unknown,https://news.google.com/rss/articles/CBMi-AFBVV95cUxQOGpWMU9mNm1ZaDBXTWM5dmo5LUd3Mk1DYkhqUDJteVNzTmxTVzNvZ3c5dl9weThlQ040al9ONnE5a3ZRUkNQN1FLWnJ4QnkwajdTSUUxOW9qdTJKRTZQOWhseG82alUybXFXbFJnaW0weldaU2g4ckVRUjhsY1Z5MUdwcFRvakJFMDhIR0psR3ZuNXlWQms2OVc4dldUZVg2eG1YdjlQQks2QXJ3RFA2cEpPMmwxSWZGTjZsLUR4WlBYMnl6QmtmTDF6cTZRWnVoLWppS21hNVphUElxOTU1TWo1c0tnZlVIb3dRY19WRFo0Rl9SRmV4VdIB_gFBVV95cUxOeTZ5UDQzQWxhZVpIWXJVdFo1WVdrMEJQV08tWnV0bXl6ekxVdzdqOC0taGZGZVVSc1hySzRzdFFYOUswRmh2RlhvUS1nZGkzRjNJcUoydk5WOWpTVEowQTlJOXp3NWVjdll3aVBrZFJwamJmWTVlTmJfUk1UT1VTc0FwMV9iZlFoZ1hvTnotNnQ4QmNHRldUOE1WQVQ5dlo4STY5bi1YWTBIbF9oeEhxVTlkWnoyeVpjcGRIS0Jqek1tR1RoQlYwYWlwcXg0T3ZnRFA3RzdxM0RaUmM4RkpndkNNUlBpMUN2WjN1aV9aYmtxZ00xX0g1TVppY0ZYdw?oc=5,Google News RSS,"Wed, 05 Aug 2026 07:00:00 GMT",2026-08-14T08:51:29.749843,India,0,1
79,,"<a href=""https://news.google.com/rss/articles/CBMivgFBVV95cUxQZmVYVzRkSkZYMnNzcFE0NHo4dkNEZThWTGwxUndsVHM4Q2tYWVJBazJ3Mkw3S2dxelNSSlpOR1I0WTl3cnJfNE81QUhjNHBGcUZKUXBldG1tRHJCb3VUYTZvc3RCWFkwNlNiTllNZGxfLWZQYUdVeXkzaWV3bEhXMzlha0JIZjR5cFMyS1J5SDRSa1pzSWZzYjYwVG8tSUllaFlWaVdQLWY0U0hRbTBvVzdWdzRHWmdhMDV4N01R?oc=5"" target=""_blank"">SC issues fresh directions to strengthen fight against digital arrest scams</a>&nbsp;&nbsp;<font color=""#6f6f6f"">India Tribune - Chicago</font>",1,Digital Arrest,,News Report,English,High,,Unknown,https://news.google.com/rss/articles/CBMivgFBVV95cUxQZmVYVzRkSkZYMnNzcFE0NHo4dkNEZThWTGwxUndsVHM4Q2tYWVJBazJ3Mkw3S2dxelNSSlpOR1I0WTl3cnJfNE81QUhjNHBGcUZKUXBldG1tRHJCb3VUYTZvc3RCWFkwNlNiTllNZGxfLWZQYUdVeXkzaWV3bEhXMzlha0JIZjR5cFMyS1J5SDRSa1pzSWZzYjYwVG8tSUllaFlWaVdQLWY0U0hRbTBvVzdWdzRHWmdhMDV4N01R?oc=5,Google News RSS,"Tue, 04 Aug 2026 21:27:16 GMT",2026-08-14T08:51:31.713626,India,0,1
80,,"<a href=""https://news.google.com/rss/articles/CBMiwAFBVV95cUxPY1RtRlh2aDRPR0VCS1NUZmlSWHNCdG16bUI5WVpuYUk3Y1BvUXdCblJlUFgza2NOWHhUQWpjSllSWVNWQ3VtV0Fscjlsd3Q1aEZjWTY5T3hGa0ZvY2p6eTNzNC1hSHlUMGRaY195cHBrWnEzaC1pb0dhTHU0OFVNR0U1NGJTV3RJUlBBa2dfWkMxczE5UWp5SHZxaWgwbUJuYV8wOTdxSVFmTzR6XzFZMkJyc3pZZ2ZjSzg2bHQ1RG_SAcYBQVVfeXFMT3l2WXozTVcwZThEdVJ5WGY1cm84dlFQODdyV0liZkw4d1QtdDA3bmNCcmJGWDZNTWw3SVFBNnBLekhuUFN2bnotTHREYmtRdGdBcHNZS01NREZDNTlBMFRsWGJXUkVWOXktZlFpbDJBank0STh0Z1hUbDNvWDF6ekU5XzNTMldjTTNFVnNPU0p4clpYSXhQbm9rSnBCaWZZUVFlT1ljbnNVZlRCNzBxaF83bGJLOHdwbHg1b2h4ZlBkV1NnRTdB?oc=5"" target=""_blank"">Supreme Court orders crackdown on digital arrest scams, setting up of panel</a>&nbsp;&nbsp;<font color=""#6f6f6f"">WION</font>",1,Digital Arrest,,News Report,English,High,Supreme Court,Unknown,https://news.google.com/rss/articles/CBMiwAFBVV95cUxPY1RtRlh2aDRPR0VCS1NUZmlSWHNCdG16bUI5WVpuYUk3Y1BvUXdCblJlUFgza2NOWHhUQWpjSllSWVNWQ3VtV0Fscjlsd3Q1aEZjWTY5T3hGa0ZvY2p6eTNzNC1hSHlUMGRaY195cHBrWnEzaC1pb0dhTHU0OFVNR0U1NGJTV3RJUlBBa2dfWkMxczE5UWp5SHZxaWgwbUJuYV8wOTdxSVFmTzR6XzFZMkJyc3pZZ2ZjSzg2bHQ1RG_SAcYBQVVfeXFMT3l2WXozTVcwZThEdVJ5WGY1cm84dlFQODdyV0liZkw4d1QtdDA3bmNCcmJGWDZNTWw3SVFBNnBLekhuUFN2bnotTHREYmtRdGdBcHNZS01NREZDNTlBMFRsWGJXUkVWOXktZlFpbDJBank0STh0Z1hUbDNvWDF6ekU5XzNTMldjTTNFVnNPU0p4clpYSXhQbm9rSnBCaWZZUVFlT1ljbnNVZlRCNzBxaF83bGJLOHdwbHg1b2h4ZlBkV1NnRTdB?oc=5,Google News RSS,"Tue, 04 Aug 2026 15:53:00 GMT",2026-08-14T08:51:33.603214,India,0,1
81,,"<a href=""https://news.google.com/rss/articles/CBMi8gFBVV95cUxQTGR6QUJ5dFhUOFNwRmZ4bk9pYldqeHhZTDdILXNZN2FjbUYtcHNSUHQ3bmctQUp6N2JaMmpVWUV0Qk9FZmdOSlBWOE1tdEk3RG91T1lKNkFJaC1rSkJjR0tHdTg0SFpUTVVDNWI1SW80TUlydWxiZWhVU3N1dm04X1F6MXNGZ1hqYzNxbDVCRHBOemowVFMzTWE2NnJGM1pzc3NXUHdrWkpmdlRjTHEwQTFGWWpaaXh5RDEwWW5CdTk0SE1lWjVHX3RhOVROc1dUbjkwbzZmbDJsQ2JFUTcteW5Cb2tfVmljeXp0MlltYzYyZ9IB-AFBVV95cUxNRXRXalZNdWQ2cHJmcUFUZGx6SXhrUmk1WHFBZWVsZ1ZmU3lXWHZIS3NhRTdQMkxkdXlkM1VqeGFfTl9xSEtYSmZVS2xlbFhaZVpOSThLUG55VV95U284bkZwWnU1aVVTSUNWWF9XM1Q0SWNKaVQ0YzhpMWZWMmhtcDBNSl9LdlVsMlFzeVZJeFY2dEdOczdTd2ZqbkdoT2djc280QnZiOWRPSkNhaHNYUTZNc2dZc0ZhRUl1aXo4N09kSGxDSDBOeGRUOWlyVFFXYTh0Skk5aVpadm5zMUd3Yi02QlQ1cjRmUHNVTTFveGtTMmhtUXhwZg?oc=5"" target=""_blank"">75-year-old digital arrest victim moves HC for CBI probe; Delhi Police asked to file status report</a>&nbsp;&nbsp;<font color=""#6f6f6f"">The Hindu</font>",1,Digital Arrest,,News Report,English,High,CBI,Unknown,https://news.google.com/rss/articles/CBMi8gFBVV95cUxQTGR6QUJ5dFhUOFNwRmZ4bk9pYldqeHhZTDdILXNZN2FjbUYtcHNSUHQ3bmctQUp6N2JaMmpVWUV0Qk9FZmdOSlBWOE1tdEk3RG91T1lKNkFJaC1rSkJjR0tHdTg0SFpUTVVDNWI1SW80TUlydWxiZWhVU3N1dm04X1F6MXNGZ1hqYzNxbDVCRHBOemowVFMzTWE2NnJGM1pzc3NXUHdrWkpmdlRjTHEwQTFGWWpaaXh5RDEwWW5CdTk0SE1lWjVHX3RhOVROc1dUbjkwbzZmbDJsQ2JFUTcteW5Cb2tfVmljeXp0MlltYzYyZ9IB-AFBVV95cUxNRXRXalZNdWQ2cHJmcUFUZGx6SXhrUmk1WHFBZWVsZ1ZmU3lXWHZIS3NhRTdQMkxkdXlkM1VqeGFfTl9xSEtYSmZVS2xlbFhaZVpOSThLUG55VV95U284bkZwWnU1aVVTSUNWWF9XM1Q0SWNKaVQ0YzhpMWZWMmhtcDBNSl9LdlVsMlFzeVZJeFY2dEdOczdTd2ZqbkdoT2djc280QnZiOWRPSkNhaHNYUTZNc2dZc0ZhRUl1aXo4N09kSGxDSDBOeGRUOWlyVFFXYTh0Skk5aVpadm5zMUd3Yi02QlQ1cjRmUHNVTTFveGtTMmhtUXhwZg?oc=5,Google News RSS,"Mon, 03 Aug 2026 07:00:00 GMT",2026-08-14T08:51:35.433167,India,0,1
82,,"<a href=""https://news.google.com/rss/articles/CBMi0wFBVV95cUxPdDcxQm4zREl1eFdaNTc5R3NJVnpHa19QTTlWS1FCRFBRSk5aM0V5OThpbGFNWDBXZHpkaW8wOWRqUFJfNnFTVkpwVWYwNWVwMlJ2Y19YY05rSHVYTlRfNUc5Z3lBdENpRXkyYjg4bG9TcGp2MGJJNHdrdjRrdDNfSXBwbkkwSThaeTl3VzMxN0lZSm1ORWx1eFhvajJPMFFBcHN0M2oxZ1lreTg4U1FjUmRORFVXYy1RdjVCQmFvTjNIZEc0TFFmbGMtRUFXYUkzTXM00gHYAUFVX3lxTE4zQUJtc0loZzhkM1FzMjJxUERUVnB6U0ptWnJuRy05LUlTRzFPeDhyS2hBWDdrQTBiSk9JVVpucHozV2tINGZYYkpWb3cyZU5WT01xOHl2YjFqR0RHTWhJdXpONzUxcDdkQXkxa3kwYk5tVTVQUXo4dzNwYlVwc0hjcFVqUVZ5TE9RQzRyaG8zeGRpdVI1Nlk3LUtzdUM4dlRLTlQzSDhCTTItZjlhUDNNUEFTNXpDN0FrUk9zLTNIRDlVd2tqRFZPS2JRcVhYWTlrRXAxalFjTQ?oc=5"" target=""_blank"">e-Zero FIR mechanism now operational in 19 states, govt tells SC bench hearing digital arrests case</a>&nbsp;&nbsp;<font color=""#6f6f6f"">ThePrint</font>",1,Digital Arrest,,News Report,English,High,,Unknown,https://news.google.com/rss/articles/CBMi0wFBVV95cUxPdDcxQm4zREl1eFdaNTc5R3NJVnpHa19QTTlWS1FCRFBRSk5aM0V5OThpbGFNWDBXZHpkaW8wOWRqUFJfNnFTVkpwVWYwNWVwMlJ2Y19YY05rSHVYTlRfNUc5Z3lBdENpRXkyYjg4bG9TcGp2MGJJNHdrdjRrdDNfSXBwbkkwSThaeTl3VzMxN0lZSm1ORWx1eFhvajJPMFFBcHN0M2oxZ1lreTg4U1FjUmRORFVXYy1RdjVCQmFvTjNIZEc0TFFmbGMtRUFXYUkzTXM00gHYAUFVX3lxTE4zQUJtc0loZzhkM1FzMjJxUERUVnB6U0ptWnJuRy05LUlTRzFPeDhyS2hBWDdrQTBiSk9JVVpucHozV2tINGZYYkpWb3cyZU5WT01xOHl2YjFqR0RHTWhJdXpONzUxcDdkQXkxa3kwYk5tVTVQUXo4dzNwYlVwc0hjcFVqUVZ5TE9RQzRyaG8zeGRpdVI1Nlk3LUtzdUM4dlRLTlQzSDhCTTItZjlhUDNNUEFTNXpDN0FrUk9zLTNIRDlVd2tqRFZPS2JRcVhYWTlrRXAxalFjTQ?oc=5,Google News RSS,"Tue, 04 Aug 2026 12:36:15 GMT",2026-08-14T08:51:37.309843,India,0,1
83,,"<a href=""https://news.google.com/rss/articles/CBMi0gFBVV95cUxOcXdySFM1NExTbngtRXRwelBpUjJYWE4yc2Z4X3NTaVh0aUE2c0hhRnFYbzkxdTRWZmp1T0VfMTZwYkQ3bXd0aXJlYUswVzU0WU5RSmoyMGU3YkJGZDNjS2F5V0E0T2xXUkNjcy00MmtDamZtbU1XQk9ZUVVvQ2hZT1JOMDdxejUzaG9ubXdoX0VEX01ZRjk4V0puUUpsTU9Bbk9lWV9lWjEzbG9YME96VXA2Nko3T05nRzNURXRPcEZvNTh6MUhTN01WVVhDZktpSHfSAdcBQVVfeXFMUF9rYXFiS2t4cmlLdldQa2hySzJYZWtDc0kwMU5pQmtOa3BtYndQbVVkZDBWOFNiWkIzbi1hLWpQd1o5QU9BQk5Sa05SOW5GekFLWjZEVmlkbmhzSWRCMEoxcUs5X3NGZW1pbTdmS2NVUm1wSE1tRnB1ZUFUWlpCNEVKUk54a01qR2JpSUswRWhvXzVCaXczUzQ1Vm1hMHkzWWdZbE9MV3hqNC1YQUxpZzFKQ1NXUEdDSzNYeEJGM0syckktdHBVVWhuYUR5VUNHRTcwNjcxa28?oc=5"" target=""_blank"">Quick Heal warns of rise in sophisticated digital arrest scams</a>&nbsp;&nbsp;<font color=""#6f6f6f"">ETCISO.in</font>",1,Digital Arrest,,News Report,English,High,,Unknown,https://news.google.com/rss/articles/CBMi0gFBVV95cUxOcXdySFM1NExTbngtRXRwelBpUjJYWE4yc2Z4X3NTaVh0aUE2c0hhRnFYbzkxdTRWZmp1T0VfMTZwYkQ3bXd0aXJlYUswVzU0WU5RSmoyMGU3YkJGZDNjS2F5V0E0T2xXUkNjcy00MmtDamZtbU1XQk9ZUVVvQ2hZT1JOMDdxejUzaG9ubXdoX0VEX01ZRjk4V0puUUpsTU9Bbk9lWV9lWjEzbG9YME96VXA2Nko3T05nRzNURXRPcEZvNTh6MUhTN01WVVhDZktpSHfSAdcBQVVfeXFMUF9rYXFiS2t4cmlLdldQa2hySzJYZWtDc0kwMU5pQmtOa3BtYndQbVVkZDBWOFNiWkIzbi1hLWpQd1o5QU9BQk5Sa05SOW5GekFLWjZEVmlkbmhzSWRCMEoxcUs5X3NGZW1pbTdmS2NVUm1wSE1tRnB1ZUFUWlpCNEVKUk54a01qR2JpSUswRWhvXzVCaXczUzQ1Vm1hMHkzWWdZbE9MV3hqNC1YQUxpZzFKQ1NXUEdDSzNYeEJGM0syckktdHBVVWhuYUR5VUNHRTcwNjcxa28?oc=5,Google News RSS,"Wed, 05 Aug 2026 02:34:00 GMT",2026-08-14T08:51:39.167378,India,0,1
84,,"<a href=""https://news.google.com/rss/articles/CBMizAFBVV95cUxPeUt0WVdKdjBuYlNNWl9HOXRLSFRKblZzQU8waVRZbC1GdEpydFJuVFp3MVFVZGdEU3luUFpDa3lyM2RYYWZKZnhRQzlHNjFrTzdDU0dHVDVLZXA3dm5UcTBaU2l1c3kwdlZoZFktRWlDdzVsQXJyZmRzY05wTjBVaGhFQU1UOWZhampJdGw4UVYtYVRldEhxZjVhd1BWcFlTc0FqTnA3RGhhVEpEeHVQU05xMEVuZHJMSVIzZ2xRRlRfVnpNM19CalVWTG7SAdIBQVVfeXFMT29oTmJhcm1HblJVVlJDdlMyYnhzWWU1Z3hNdlhMTGMyWXlQTUNNMjItcE91RVg1Qm9lWmgwZE4yMXdlWF9aZW9Jbm1HZ0NMRjNxQlY3ZHdDSWt0SXBXeXBTTW1jbmlFZ0hHXzRzSnVFa0FGbHFPTGxHSHV4a0pCUVd4Y080VGdodW5FM3F3QXBIN2NpejZoRFJQV0hoUFhLbVR0bVVYTnA1WUZuTjVOWUtKWEtXREVHTzVacVZLQXEtX3JCZ001bHVZSS1VXzlMUURR?oc=5"" target=""_blank"">66-yr-old man loses Rs 34.4 lakh in 'digital arrest' scam</a>&nbsp;&nbsp;<font color=""#6f6f6f"">The Times of India</font>",1,Digital Arrest,,News Report,English,Critical,,Unknown,https://news.google.com/rss/articles/CBMizAFBVV95cUxPeUt0WVdKdjBuYlNNWl9HOXRLSFRKblZzQU8waVRZbC1GdEpydFJuVFp3MVFVZGdEU3luUFpDa3lyM2RYYWZKZnhRQzlHNjFrTzdDU0dHVDVLZXA3dm5UcTBaU2l1c3kwdlZoZFktRWlDdzVsQXJyZmRzY05wTjBVaGhFQU1UOWZhampJdGw4UVYtYVRldEhxZjVhd1BWcFlTc0FqTnA3RGhhVEpEeHVQU05xMEVuZHJMSVIzZ2xRRlRfVnpNM19CalVWTG7SAdIBQVVfeXFMT29oTmJhcm1HblJVVlJDdlMyYnhzWWU1Z3hNdlhMTGMyWXlQTUNNMjItcE91RVg1Qm9lWmgwZE4yMXdlWF9aZW9Jbm1HZ0NMRjNxQlY3ZHdDSWt0SXBXeXBTTW1jbmlFZ0hHXzRzSnVFa0FGbHFPTGxHSHV4a0pCUVd4Y080VGdodW5FM3F3QXBIN2NpejZoRFJQV0hoUFhLbVR0bVVYTnA1WUZuTjVOWUtKWEtXREVHTzVacVZLQXEtX3JCZ001bHVZSS1VXzlMUURR?oc=5,Google News RSS,"Wed, 05 Aug 2026 17:23:00 GMT",2026-08-14T08:51:42.916987,India,0,1
85,,"<a href=""https://news.google.com/rss/articles/CBMizAFBVV95cUxQVmtSVFFBREt6SWV0d0o5dk1CM2M4a0pVMU1OMVk2UGkzRGJkVHRjZVJCeHVfLW5KMDVwTXJRX0MyTjdfeWFQalBiQmZQNS1xN2stRXE0NmFXNmtORDdvNkJrczJ3SWViTi1DVGdieE5Mb3JsM2RQd1RBSjdZRXhTZzZiVElaN0w3OUcyY3RkdVk2bm1mWW1raTlobTM2M3ZFYmlVd25YYlBZQXBvVkZYUEhxc2ViM2FXZDE0TDdxUW1OS0xCZjhMTnZWVGc?oc=5"" target=""_blank"">Supreme Court issues directions to curb digital arrest scams, asks RBI to frame SOP on mule accounts</a>&nbsp;&nbsp;<font color=""#6f6f6f"">Bar and Bench</font>",1,Digital Arrest,,News Report,English,High,RBI,Unknown,https://news.google.com/rss/articles/CBMizAFBVV95cUxQVmtSVFFBREt6SWV0d0o5dk1CM2M4a0pVMU1OMVk2UGkzRGJkVHRjZVJCeHVfLW5KMDVwTXJRX0MyTjdfeWFQalBiQmZQNS1xN2stRXE0NmFXNmtORDdvNkJrczJ3SWViTi1DVGdieE5Mb3JsM2RQd1RBSjdZRXhTZzZiVElaN0w3OUcyY3RkdVk2bm1mWW1raTlobTM2M3ZFYmlVd25YYlBZQXBvVkZYUEhxc2ViM2FXZDE0TDdxUW1OS0xCZjhMTnZWVGc?oc=5,Google News RSS,"Tue, 04 Aug 2026 11:41:58 GMT",2026-08-14T08:51:44.842404,India,0,1
86,,"<a href=""https://news.google.com/rss/articles/CBMilwFBVV95cUxOQlNJemJ6bjlIa1FmQXFOYUp3aHhtSTZRUWc3ckFMejhCZmFlREFTcW1aQzJVbUU0Y2pyaHdSX2Jicy1aSEp1Mkh1TGluQ29QLU5makdTTU5XeWdMaTkyYVU4XzBBdUhLaUZzZlFTSUVvZkFkbllsVHdRWE1hdFFKLXZLcUpSNGNEcDdWWTlBdXVrTGI1ZVVv?oc=5"" target=""_blank"">Digital Arrest Scam- Pulwama Firm Owner Chargesheeted</a>&nbsp;&nbsp;<font color=""#6f6f6f"">Kashmir Observer</font>",1,Digital Arrest,,News Report,English,High,,Unknown,https://news.google.com/rss/articles/CBMilwFBVV95cUxOQlNJemJ6bjlIa1FmQXFOYUp3aHhtSTZRUWc3ckFMejhCZmFlREFTcW1aQzJVbUU0Y2pyaHdSX2Jicy1aSEp1Mkh1TGluQ29QLU5makdTTU5XeWdMaTkyYVU4XzBBdUhLaUZzZlFTSUVvZkFkbllsVHdRWE1hdFFKLXZLcUpSNGNEcDdWWTlBdXVrTGI1ZVVv?oc=5,Google News RSS,"Wed, 05 Aug 2026 16:38:00 GMT",2026-08-14T08:51:46.653936,India,0,1
87,,"<a href=""https://news.google.com/rss/articles/CBMi1AFBVV95cUxPb3M3bTBHdW50S19sWE5ULXk2VkZCX09ORFlzNnJUZEdob19LNjhkakc1UE5jMk1lU0NXTmJMRWxnV2VWV0l5TU0wMGdGTDFsVTFxaXB4RXBERnNhNEtYUFJia1JqeTRtR0R1U3VkYmVOTUhEUGd3aFY5Q2paYUxkaUIxV3hhVnVpWVNsc2hueU5tcTNBd1pnbVM1UElZZWtHTHVnYXhqU1JyS2o0bkZEc2p2V2xTQjVmTGhReHNHYU96dkFzaVJ1UG5sUEtPQ1FicXZLSdIB2gFBVV95cUxQQlIzRmxYTmhxYU5wYWlpbFFSWnpDWk1Ba2liUENnRl9OX1pHZE9wSDFJd1RTODJ0Nm13aDFOa2FqbU5EMW1ZaFdrazY3ZDR0SzcyN05mT3ZJNllKOFdpTHU2MnM0eVZJdDgyVFBTYnlLQzJCbURJYmNFU0VidzdaRmd6d3NlcVNSUFBTY3p6ZUkyblQ4NElhMzlSR0ViZm9fOEs5eFExM082YW5va21BXzM2U0dtYmJxRzN3d3lrbnFkcEtXZ3pKX2l5T2U5Q0V5c0lNSGVRcElNdw?oc=5"" target=""_blank"">India’s Supreme Court tightens rules to curb ‘digital arrest’ scams. Inside the instructions</a>&nbsp;&nbsp;<font color=""#6f6f6f"">WION</font>",1,Digital Arrest,,News Report,English,High,Supreme Court,Unknown,https://news.google.com/rss/articles/CBMi1AFBVV95cUxPb3M3bTBHdW50S19sWE5ULXk2VkZCX09ORFlzNnJUZEdob19LNjhkakc1UE5jMk1lU0NXTmJMRWxnV2VWV0l5TU0wMGdGTDFsVTFxaXB4RXBERnNhNEtYUFJia1JqeTRtR0R1U3VkYmVOTUhEUGd3aFY5Q2paYUxkaUIxV3hhVnVpWVNsc2hueU5tcTNBd1pnbVM1UElZZWtHTHVnYXhqU1JyS2o0bkZEc2p2V2xTQjVmTGhReHNHYU96dkFzaVJ1UG5sUEtPQ1FicXZLSdIB2gFBVV95cUxQQlIzRmxYTmhxYU5wYWlpbFFSWnpDWk1Ba2liUENnRl9OX1pHZE9wSDFJd1RTODJ0Nm13aDFOa2FqbU5EMW1ZaFdrazY3ZDR0SzcyN05mT3ZJNllKOFdpTHU2MnM0eVZJdDgyVFBTYnlLQzJCbURJYmNFU0VidzdaRmd6d3NlcVNSUFBTY3p6ZUkyblQ4NElhMzlSR0ViZm9fOEs5eFExM082YW5va21BXzM2U0dtYmJxRzN3d3lrbnFkcEtXZ3pKX2l5T2U5Q0V5c0lNSGVRcElNdw?oc=5,Google News RSS,"Wed, 05 Aug 2026 02:41:00 GMT",2026-08-14T08:51:50.323502,India,0,1
88,,"<a href=""https://news.google.com/rss/articles/CBMivAFBVV95cUxPMUNJSGt6X1AtR3VFM0dMZ0Zoc1FLdnFtQldBaW5tUEIzNm9kU3JVUmcwazlESGdod1htSE82MTJnYktaMGpfWjBiZmg3T3FtcU1SRWVhUS1SREFFTXNOaVZGSEQ4UzNDT21qcEJmdUJwZWxyUFFGUTRjSFMyeEx2cFRGTGNtOGs1ZG1zdW12emVVYVhMRFdVaEs0ampRN19VbkNhTkctWXo1VDRIT3pORlE5QnpKa2xwcjAyNNIBygFBVV95cUxNSGRXTVlDMndHZlRTRDRXVTRMLXp5cVVyVUw3Zlo3Q3pnbk5iXzRJazNhQVpkMG90Qkk0bmxpekZ0cVVGN3ZnMVd4anowX1gwS2N4bENlUUR3YUl0Y3RjTFZOR1hjeFNBVWNYU2xqWkxIYnB1VWhHdjBlQk0xeDlfVWFqVGFFd05kbUdjZEx4WXp0dlVYM3hNZ3FiZE1NV0tCQ0VvaFlzeDVwdWU5MW5Kc3BFUmk5VmFYM0I3eXdTQWxTaXN6NlAySlVR?oc=5"" target=""_blank"">Digital Arrest Scam: How Fraudsters Trapped A Pune Retiree Into Transferring Rs 50 Lakh</a>&nbsp;&nbsp;<font color=""#6f6f6f"">Outlook Money</font>",1,Digital Arrest,,News Report,English,Critical,,Unknown,https://news.google.com/rss/articles/CBMivAFBVV95cUxPMUNJSGt6X1AtR3VFM0dMZ0Zoc1FLdnFtQldBaW5tUEIzNm9kU3JVUmcwazlESGdod1htSE82MTJnYktaMGpfWjBiZmg3T3FtcU1SRWVhUS1SREFFTXNOaVZGSEQ4UzNDT21qcEJmdUJwZWxyUFFGUTRjSFMyeEx2cFRGTGNtOGs1ZG1zdW12emVVYVhMRFdVaEs0ampRN19VbkNhTkctWXo1VDRIT3pORlE5QnpKa2xwcjAyNNIBygFBVV95cUxNSGRXTVlDMndHZlRTRDRXVTRMLXp5cVVyVUw3Zlo3Q3pnbk5iXzRJazNhQVpkMG90Qkk0bmxpekZ0cVVGN3ZnMVd4anowX1gwS2N4bENlUUR3YUl0Y3RjTFZOR1hjeFNBVWNYU2xqWkxIYnB1VWhHdjBlQk0xeDlfVWFqVGFFd05kbUdjZEx4WXp0dlVYM3hNZ3FiZE1NV0tCQ0VvaFlzeDVwdWU5MW5Kc3BFUmk5VmFYM0I3eXdTQWxTaXN6NlAySlVR?oc=5,Google News RSS,"Mon, 03 Aug 2026 07:00:00 GMT",2026-08-14T08:51:52.494246,India,0,1
89,,"<a href=""https://news.google.com/rss/articles/CBMid0FVX3lxTE9WVU1pSTRKai00bGpiOHZaaU1QVjR4akpEUHAwMm1wRjVfZDhsTi12ZnBZSGRZOEZmWFQ1Uzlia2h5dXRrMUZuZlNaVk5TT1RrRnJ5UHdyb1VBU0Ywc21RaGdvWFZELUJKaXBJSkVPRkg4SW9lNl930gF7QVVfeXFMTkNmSmtzbjVZV043M2Z2N0R3a3dRcUlzb3hLNDdRODRTNExqeHJyaksyMHFNU0NqSzgtTGlJajRfWlBWNkI5OXA3SkZJc2sxTHJTRHdxeXVfYjFEaXBkajZNSWVObndUY1dINnZxMDNDM29RR2h2c1NVLWY0?oc=5"" target=""_blank"">Digital arrest law needed</a>&nbsp;&nbsp;<font color=""#6f6f6f"">The Tribune</font>",1,Digital Arrest,,News Report,English,High,,Unknown,https://news.google.com/rss/articles/CBMid0FVX3lxTE9WVU1pSTRKai00bGpiOHZaaU1QVjR4akpEUHAwMm1wRjVfZDhsTi12ZnBZSGRZOEZmWFQ1Uzlia2h5dXRrMUZuZlNaVk5TT1RrRnJ5UHdyb1VBU0Ywc21RaGdvWFZELUJKaXBJSkVPRkg4SW9lNl930gF7QVVfeXFMTkNmSmtzbjVZV043M2Z2N0R3a3dRcUlzb3hLNDdRODRTNExqeHJyaksyMHFNU0NqSzgtTGlJajRfWlBWNkI5OXA3SkZJc2sxTHJTRHdxeXVfYjFEaXBkajZNSWVObndUY1dINnZxMDNDM29RR2h2c1NVLWY0?oc=5,Google News RSS,"Sat, 01 Aug 2026 07:00:00 GMT",2026-08-14T08:51:54.461680,India,0,1
90,,"<a href=""https://news.google.com/rss/articles/CBMi2gFBVV95cUxPNHF1dnBZSTA3ZTVaRG45bl9FNjVacGl6ZVRCSnJrbkUycFJSeFpkR3BQdUJyYUFMQmpHMFd2VkZibEpvQkl4d3QycnhxbVp0MTVnY280TUdINHFsakJVQXI1UEVGLWxiazF6QURrUFRHMlNGTUc5S2s4SW5sQURoRlplcjlGQjdXQnpkUHktR3VpNGNOOEc4WTl4MC03TG5QR2lqVVJ2NEtSV0prRF9DQWZsM2o1bGt0NER1bU9BMGFYakloMTlsVnZHNGRRZnRLelBCU2VETEw2d9IB3wFBVV95cUxQZDU4Q1N1a1lRaDNTSGxxbU9JTE9QMjhVMmNDWnRwYy1mbmRNSDJmLUJfdDNtQ0tfOEtOY3FtczdNUDZRek5QaU42TE9XMmxZc29FNVJNQ2RqalExSGJIbmNmcllUVWZIX0h6TmVlUTREY2lBdW9fdVUyTnhJbk1VUHZKZHI0UFdFZTVDZW5majdRMTYyZG50OVJ6V0U2WUR2cF9MWkR4NzZoQ2xIdmYzX0M0OG9TZGRqYzcwczRIMmFrY1o5LVNuN3FuTzBybkt6YlA4a1prTWFLRjI4ZlVr?oc=5"" target=""_blank"">Sr citizen duped of ₹13L in fake ‘digital arrest’ over Red Fort blast</a>&nbsp;&nbsp;<font color=""#6f6f6f"">The Times of India</font>",1,Digital Arrest,,News Report,English,High,,Unknown,https://news.google.com/rss/articles/CBMi2gFBVV95cUxPNHF1dnBZSTA3ZTVaRG45bl9FNjVacGl6ZVRCSnJrbkUycFJSeFpkR3BQdUJyYUFMQmpHMFd2VkZibEpvQkl4d3QycnhxbVp0MTVnY280TUdINHFsakJVQXI1UEVGLWxiazF6QURrUFRHMlNGTUc5S2s4SW5sQURoRlplcjlGQjdXQnpkUHktR3VpNGNOOEc4WTl4MC03TG5QR2lqVVJ2NEtSV0prRF9DQWZsM2o1bGt0NER1bU9BMGFYakloMTlsVnZHNGRRZnRLelBCU2VETEw2d9IB3wFBVV95cUxQZDU4Q1N1a1lRaDNTSGxxbU9JTE9QMjhVMmNDWnRwYy1mbmRNSDJmLUJfdDNtQ0tfOEtOY3FtczdNUDZRek5QaU42TE9XMmxZc29FNVJNQ2RqalExSGJIbmNmcllUVWZIX0h6TmVlUTREY2lBdW9fdVUyTnhJbk1VUHZKZHI0UFdFZTVDZW5majdRMTYyZG50OVJ6V0U2WUR2cF9MWkR4NzZoQ2xIdmYzX0M0OG9TZGRqYzcwczRIMmFrY1o5LVNuN3FuTzBybkt6YlA4a1prTWFLRjI4ZlVr?oc=5,Google News RSS,"Thu, 06 Aug 2026 15:26:00 GMT",2026-08-14T08:51:56.320613,India,0,1
91,,"<a href=""https://news.google.com/rss/articles/CBMi-AFBVV95cUxPQmpvSHNSYTRRNzRHdE5JWVlyMDRza2dtMjhGZEt1MzZPdnAxTUh0SkpPdXJNczlva0JfMXlLYUhWT2dQRlBMY1h6UE9zSmprSmJLRVBtYWducXZOTlBrYnIxVUhRRGlSa2RIOVVsV0NYTWxpeGRxMURuaXlKUXlXREFHbFp1cmhDcjhpUW5XTmJveFh3Skx6bnJIcGphN29NWExKNGZzZGNGNFVqTjFwTHRIZUVLa29XVVpzcV9RbklsM2d2VVRrWU52YThCczdOUU5FOHl5NlV4WndLSVBRZ1NxQkVWeG5aQ2VxZHlNOWwxU19xSGRLMtIB_gFBVV95cUxQc2hCUG9icUJOS0k5bDBxZTNrSXJ3NGJyQ21MVzBuYUVGa2pERWNnRkJxMHFRRDJuUlI0Nlp4Tzh5U1FFcy1DRE9pb2xfWVpJNTI2T29IOEV1dDhPZklXdWdzRlFCWW1jV3RLUS1CMXp6Q3pHNWx2R2JtcVZrUnVTMEtqaUg3dzE3b2hiMkFyb0hxV0c1UWVpSUl2YzlxUVpDenB0N1ZncHIxdVJWelJ5YlNqdXNBQ05kRE4yZ1dSaTJTcDFnYUVDd2dxRmJqalZYT1UyeTBabk90cXdrSWZDZjhtZWE3TUl3am05cV82M1puZXRTdmdnUU5HRWJNZw?oc=5"" target=""_blank"">Supreme Court tightens rules to curb 'digital arrests', RBI to frame SOPs to deal with mule bank accounts | India News</a>&nbsp;&nbsp;<font color=""#6f6f6f"">Hindustan Times</font>",1,Digital Arrest,,News Report,English,High,RBI,Unknown,https://news.google.com/rss/articles/CBMi-AFBVV95cUxPQmpvSHNSYTRRNzRHdE5JWVlyMDRza2dtMjhGZEt1MzZPdnAxTUh0SkpPdXJNczlva0JfMXlLYUhWT2dQRlBMY1h6UE9zSmprSmJLRVBtYWducXZOTlBrYnIxVUhRRGlSa2RIOVVsV0NYTWxpeGRxMURuaXlKUXlXREFHbFp1cmhDcjhpUW5XTmJveFh3Skx6bnJIcGphN29NWExKNGZzZGNGNFVqTjFwTHRIZUVLa29XVVpzcV9RbklsM2d2VVRrWU52YThCczdOUU5FOHl5NlV4WndLSVBRZ1NxQkVWeG5aQ2VxZHlNOWwxU19xSGRLMtIB_gFBVV95cUxQc2hCUG9icUJOS0k5bDBxZTNrSXJ3NGJyQ21MVzBuYUVGa2pERWNnRkJxMHFRRDJuUlI0Nlp4Tzh5U1FFcy1DRE9pb2xfWVpJNTI2T29IOEV1dDhPZklXdWdzRlFCWW1jV3RLUS1CMXp6Q3pHNWx2R2JtcVZrUnVTMEtqaUg3dzE3b2hiMkFyb0hxV0c1UWVpSUl2YzlxUVpDenB0N1ZncHIxdVJWelJ5YlNqdXNBQ05kRE4yZ1dSaTJTcDFnYUVDd2dxRmJqalZYT1UyeTBabk90cXdrSWZDZjhtZWE3TUl3am05cV82M1puZXRTdmdnUU5HRWJNZw?oc=5,Google News RSS,"Wed, 05 Aug 2026 01:27:36 GMT",2026-08-14T08:51:58.267850,India,0,1
92,,"<a href=""https://news.google.com/rss/articles/CBMiuwFBVV95cUxNY0JWa1hqYVA5bzdod2g4dl9lOXl4RXY4dVkzV0tqdDNJVkp6V2tsckc4VW9QV19NcVRZN2NCT3JUWDdvbDRFX05SUzZEdUNoUkNTZEo5UW9vQzlicmF3a0hRTEU0WElhUW1LWkJkZm84TUxfc3ViV3phZUZ4Q2FxaFNkZGhMRXRmdmp3VFpnUlJ2OGVOT1l0d0taVFo3VGVfZS1mVi00X1VjNmtETnNwRkJycHFWNjVITUlJ0gHAAUFVX3lxTFAtWG9heFN0MnNlMGVCdkRPaFg2emdmazE0N25qbGM5bFhQOWRNQVlmTWgyNlBiRjZnbnJvamVWNFpTWmxpMUQzdW56d2FsTElfR2Z4QmdjQV9NcFpWOVlEMWJ5V3FrUTNaSUhTdW1sS2p1bGdubTBJc205Rjg3SUhEeTE4MzE1bUJpdjI1eGloenBzeWdNSU9vUzRWV01GY1RpcU1RUFBsajNyd3dlcHBZU3RWM2pmS0g1Um14RjVINg?oc=5"" target=""_blank"">Digital arrests: SC tells RBI to frame SOP on mule A/Cs</a>&nbsp;&nbsp;<font color=""#6f6f6f"">The Economic Times</font>",1,Digital Arrest,,News Report,English,High,RBI,Unknown,https://news.google.com/rss/articles/CBMiuwFBVV95cUxNY0JWa1hqYVA5bzdod2g4dl9lOXl4RXY4dVkzV0tqdDNJVkp6V2tsckc4VW9QV19NcVRZN2NCT3JUWDdvbDRFX05SUzZEdUNoUkNTZEo5UW9vQzlicmF3a0hRTEU0WElhUW1LWkJkZm84TUxfc3ViV3phZUZ4Q2FxaFNkZGhMRXRmdmp3VFpnUlJ2OGVOT1l0d0taVFo3VGVfZS1mVi00X1VjNmtETnNwRkJycHFWNjVITUlJ0gHAAUFVX3lxTFAtWG9heFN0MnNlMGVCdkRPaFg2emdmazE0N25qbGM5bFhQOWRNQVlmTWgyNlBiRjZnbnJvamVWNFpTWmxpMUQzdW56d2FsTElfR2Z4QmdjQV9NcFpWOVlEMWJ5V3FrUTNaSUhTdW1sS2p1bGdubTBJc205Rjg3SUhEeTE4MzE1bUJpdjI1eGloenBzeWdNSU9vUzRWV01GY1RpcU1RUFBsajNyd3dlcHBZU3RWM2pmS0g1Um14RjVINg?oc=5,Google News RSS,"Wed, 05 Aug 2026 07:00:00 GMT",2026-08-14T08:52:01.922691,India,0,1
93,,"<a href=""https://news.google.com/rss/articles/CBMi6wFBVV95cUxNeXlRUWZWOFd4SkktRGM0RDFISXN2TUE1aWplWE9TMUF3TUFELVU0bVZscERndDVFNUVWWUNrN01SSERTTnA4Y0JTUUR5ZjhQazc5TE9tU0daN0NUNDlQOGxQSE1idUEzbUc5VHVEVDlSRjRhLS1EdUhueFh5Zm12STFZZk1Zd3FSSHJoaE9sUklQZ3BtTXZTbWYwQUhxYzk3U0k3Wi1BZHc1U1ZtSHhXTmp2Y1NCY1BsS25wU001SEtONk90c2hzZEtwNng4dzdjS18wQTJzc3BvZ1FESFg2SENQWU5RMGhMVE1R?oc=5"" target=""_blank"">Retired Court Registrar in Umargam Duped of ₹30.76 Lakh in 'Digital Arrest' Cyber Fraud</a>&nbsp;&nbsp;<font color=""#6f6f6f"">english.gujaratsamachar.com</font>",1,Digital Arrest,,News Report,English,Critical,,Unknown,https://news.google.com/rss/articles/CBMi6wFBVV95cUxNeXlRUWZWOFd4SkktRGM0RDFISXN2TUE1aWplWE9TMUF3TUFELVU0bVZscERndDVFNUVWWUNrN01SSERTTnA4Y0JTUUR5ZjhQazc5TE9tU0daN0NUNDlQOGxQSE1idUEzbUc5VHVEVDlSRjRhLS1EdUhueFh5Zm12STFZZk1Zd3FSSHJoaE9sUklQZ3BtTXZTbWYwQUhxYzk3U0k3Wi1BZHc1U1ZtSHhXTmp2Y1NCY1BsS25wU001SEtONk90c2hzZEtwNng4dzdjS18wQTJzc3BvZ1FESFg2SENQWU5RMGhMVE1R?oc=5,Google News RSS,"Tue, 04 Aug 2026 07:00:00 GMT",2026-08-14T08:52:05.843724,India,0,1
94,,"<a href=""https://news.google.com/rss/articles/CBMixAFBVV95cUxOTHQxUUxWR21lVVhqUWw5QzV4TkxwX3hNMWZRelNiZ29rbnFKXzN4QXQ4eGtUOVVuZE1YNy1pTUdzWWtRVWZ1cHgxOVN2ZDZLOFdMbTR0ZkNBTDJQMVFVMkRNWkVfdE5jNVk2QlVnWUxRX1BqOWtlVVJvZ3hQSnAzeXo0V1RNX0NydnNvdVBDWW8tTWpscDJzV2dtQWxLSnBvUC1mb2JxTHFUd1FzQ2Z1WG5YLUE4eWFWZkdTVWU5Z2hKeVNm?oc=5"" target=""_blank"">Supreme Court cracks down on 'digital arrest' scams, directs RBI to frame SOP in 4 weeks</a>&nbsp;&nbsp;<font color=""#6f6f6f"">Indiablooms</font>",1,Digital Arrest,,News Report,English,High,RBI,Unknown,https://news.google.com/rss/articles/CBMixAFBVV95cUxOTHQxUUxWR21lVVhqUWw5QzV4TkxwX3hNMWZRelNiZ29rbnFKXzN4QXQ4eGtUOVVuZE1YNy1pTUdzWWtRVWZ1cHgxOVN2ZDZLOFdMbTR0ZkNBTDJQMVFVMkRNWkVfdE5jNVk2QlVnWUxRX1BqOWtlVVJvZ3hQSnAzeXo0V1RNX0NydnNvdVBDWW8tTWpscDJzV2dtQWxLSnBvUC1mb2JxTHFUd1FzQ2Z1WG5YLUE4eWFWZkdTVWU5Z2hKeVNm?oc=5,Google News RSS,"Tue, 04 Aug 2026 16:36:27 GMT",2026-08-14T08:52:07.678008,India,0,1
95,,"<a href=""https://news.google.com/rss/articles/CBMivAFBVV95cUxNbXpUTzY4bjdLX3l5YUxkQWVGSmdwZEp0UUsySDdScU1qV1dTLTNsajl4MFZoMGpBR2VvLU1CNWh6N1h5ZnJKVlZuUnpCTDNrb2RvRXo2b1RPUXdIRjFFZnlVeUZqNU9DNl9mODhIYi1CR05vV3QxbHNlVzdHa1Z6MUdiYkpmQVJzUml6dDlfNE0xalBlTTBPWlBHLTY5dndKdHFMRTB3SnkzRHdnYU1NTkx0ZU5wdkgwM25JOdIBygFBVV95cUxQaExlQmpLMDNRZkpvNGtMVnkzVjVLa0VyMy1XOVFLb1JvZGJOOFgxRzlIMmtVQWZpSjM5R2Q5LTlRSkF4LS1KVVhTZE5CVHYyQ0xpNUlSUjhLLU5NVG1tS1lIdDBXMUNnNGNDcV9ndGNjV3RmRWwyQlZUT0hFSFB6QzdZOFlPeHdFQjFWUlpfOFBsSFRGRG1UNTBkLVIzYWxwV3NGcXRDVjJMRkhJQWN6RVprd0Q5ZV9zZ242UzdPOHlGeUhJU1pLMXJ3?oc=5"" target=""_blank"">Quick Heal Warns Consumers as Digital Arrest Scams Become More Sophisticated in 2026</a>&nbsp;&nbsp;<font color=""#6f6f6f"">digital terminal</font>",1,Digital Arrest,,News Report,English,High,,Unknown,https://news.google.com/rss/articles/CBMivAFBVV95cUxNbXpUTzY4bjdLX3l5YUxkQWVGSmdwZEp0UUsySDdScU1qV1dTLTNsajl4MFZoMGpBR2VvLU1CNWh6N1h5ZnJKVlZuUnpCTDNrb2RvRXo2b1RPUXdIRjFFZnlVeUZqNU9DNl9mODhIYi1CR05vV3QxbHNlVzdHa1Z6MUdiYkpmQVJzUml6dDlfNE0xalBlTTBPWlBHLTY5dndKdHFMRTB3SnkzRHdnYU1NTkx0ZU5wdkgwM25JOdIBygFBVV95cUxQaExlQmpLMDNRZkpvNGtMVnkzVjVLa0VyMy1XOVFLb1JvZGJOOFgxRzlIMmtVQWZpSjM5R2Q5LTlRSkF4LS1KVVhTZE5CVHYyQ0xpNUlSUjhLLU5NVG1tS1lIdDBXMUNnNGNDcV9ndGNjV3RmRWwyQlZUT0hFSFB6QzdZOFlPeHdFQjFWUlpfOFBsSFRGRG1UNTBkLVIzYWxwV3NGcXRDVjJMRkhJQWN6RVprd0Q5ZV9zZ242UzdPOHlGeUhJU1pLMXJ3?oc=5,Google News RSS,"Tue, 04 Aug 2026 13:30:00 GMT",2026-08-14T08:52:09.554290,India,0,1
96,,"<a href=""https://news.google.com/rss/articles/CBMiigJBVV95cUxPWklDVG1hb2MzS3R2aUhhTjdFRlFyWUZiNzZBRlZOYS15RmdzbVdMb2s0R0xWN1F3LVhfWWh3ejEtTUpEZ3JyU2FLbTR1SWJUeGJhUHVyNF9sVTlmbGZiQzNxY1RQOTJ6aENKeXZFTWhsWWpWNnllay0ydlo3TlZLcHY5a29Qdjk4U0VwMHNvUmxaQkE1TVN3bFBILUVkQXNjUkIyM3dyYUJEVFl3RlNvZUR1MG1fRlZiR05YSnBEZU1IM2dmNWpBdTlPdDdUaVM5cUsyOW5SdDdJamhkTE5mOTZBZUtFMzB4NXZSa1VvNllNQm5YZmtURWFiM1NwVmRTdV91cTB3XzhmZ9IBjwJBVV95cUxPd2ZUZDVpZEV5Z3dIbEhJOEdpdWpnMDA2M2VCSzJIcTQ3T1ExWXlSakdZQVc0dVlOOXRnOFFDMWRaaVZSUVMxbTlGVF9UaHZiNmN3NjhHYWJLdEFzaWhudE5sYl9Cc1NoREUtYldRcTdPWGdXb2hKazdhdkpKQzNXNFVIS1BjSlZtSkNTQko4QTdCSXpjMkd1NmgxeElYNUtQZjZPcngxaHg3Q2tmOWZyMGpYNm8xZ2Rkd2pGQnhmbjJNYzZqcU5wXzNZOVFnalhjOTVmS3N2YTY0M2RValo1YVJEM1VNX0std1FSRkhaMW16d3hqcFpQN0dsRWc2MHUwVGI2dF9xeTczRlNHbElj?oc=5"" target=""_blank"">Too late by the time they read newspaper: 90-year-old loses lifetime savings of ₹1.57 crore in ‘digital arrest’ | Mumbai news</a>&nbsp;&nbsp;<font color=""#6f6f6f"">Hindustan Times</font>",1,Digital Arrest,,News Report,English,Critical,,Unknown,https://news.google.com/rss/articles/CBMiigJBVV95cUxPWklDVG1hb2MzS3R2aUhhTjdFRlFyWUZiNzZBRlZOYS15RmdzbVdMb2s0R0xWN1F3LVhfWWh3ejEtTUpEZ3JyU2FLbTR1SWJUeGJhUHVyNF9sVTlmbGZiQzNxY1RQOTJ6aENKeXZFTWhsWWpWNnllay0ydlo3TlZLcHY5a29Qdjk4U0VwMHNvUmxaQkE1TVN3bFBILUVkQXNjUkIyM3dyYUJEVFl3RlNvZUR1MG1fRlZiR05YSnBEZU1IM2dmNWpBdTlPdDdUaVM5cUsyOW5SdDdJamhkTE5mOTZBZUtFMzB4NXZSa1VvNllNQm5YZmtURWFiM1NwVmRTdV91cTB3XzhmZ9IBjwJBVV95cUxPd2ZUZDVpZEV5Z3dIbEhJOEdpdWpnMDA2M2VCSzJIcTQ3T1ExWXlSakdZQVc0dVlOOXRnOFFDMWRaaVZSUVMxbTlGVF9UaHZiNmN3NjhHYWJLdEFzaWhudE5sYl9Cc1NoREUtYldRcTdPWGdXb2hKazdhdkpKQzNXNFVIS1BjSlZtSkNTQko4QTdCSXpjMkd1NmgxeElYNUtQZjZPcngxaHg3Q2tmOWZyMGpYNm8xZ2Rkd2pGQnhmbjJNYzZqcU5wXzNZOVFnalhjOTVmS3N2YTY0M2RValo1YVJEM1VNX0std1FSRkhaMW16d3hqcFpQN0dsRWc2MHUwVGI2dF9xeTczRlNHbElj?oc=5,Google News RSS,"Sat, 01 Aug 2026 07:00:00 GMT",2026-08-14T08:52:11.427015,India,0,1
97,,"<a href=""https://news.google.com/rss/articles/CBMipAFBVV95cUxOVzhWVFBwSGVtbkdIRTlDMVpyNXU2NjRGTUhfSC10M0FWZVBHNkFGbnVFYlRrMmpJc2tjc0pESGFXRjF2U1U3WGQ4ZzFscUNfTHdlQlN4c1JWQmNpSGtxWjhidGJJMWgxd0NaN2x6YlpXcXdFRll5elZEUlpQOXFTQlZsVlhRZHZONml5QUVkd0p2WmYyU2tERXMxSTVFZWhZV1pNV9IBqAFBVV95cUxPaU5xeWhBeUdfQUctYy1uTWNrMV82THpHRFhzaVFCalRuSGVxaG9mdmVlN0phaE1FNXZldi1yVHViSGEzUHVleExMdzZOV3A0QW9iSHhqTnJiSnVjUGJnZ1lEN1ZtRTFCcHAwc0R6alp6WWhiV1dObnZpQjBQRjRyZlRZU3lUNVRYb2VoZUI2UTFTYUs5eHRzUHRIMmRvLTZfbmZVdTI0bWQ?oc=5"" target=""_blank"">Digital arrest : Cybercrime needs a multi-pronged strategy</a>&nbsp;&nbsp;<font color=""#6f6f6f"">The Tribune</font>",1,Digital Arrest,,News Report,English,High,,Unknown,https://news.google.com/rss/articles/CBMipAFBVV95cUxOVzhWVFBwSGVtbkdIRTlDMVpyNXU2NjRGTUhfSC10M0FWZVBHNkFGbnVFYlRrMmpJc2tjc0pESGFXRjF2U1U3WGQ4ZzFscUNfTHdlQlN4c1JWQmNpSGtxWjhidGJJMWgxd0NaN2x6YlpXcXdFRll5elZEUlpQOXFTQlZsVlhRZHZONml5QUVkd0p2WmYyU2tERXMxSTVFZWhZV1pNV9IBqAFBVV95cUxPaU5xeWhBeUdfQUctYy1uTWNrMV82THpHRFhzaVFCalRuSGVxaG9mdmVlN0phaE1FNXZldi1yVHViSGEzUHVleExMdzZOV3A0QW9iSHhqTnJiSnVjUGJnZ1lEN1ZtRTFCcHAwc0R6alp6WWhiV1dObnZpQjBQRjRyZlRZU3lUNVRYb2VoZUI2UTFTYUs5eHRzUHRIMmRvLTZfbmZVdTI0bWQ?oc=5,Google News RSS,"Sun, 02 Aug 2026 07:00:00 GMT",2026-08-14T08:52:13.348520,India,0,1
98,,"<a href=""https://news.google.com/rss/articles/CBMi9wFBVV95cUxQbktjRVNTZVVjX0ZlNlp1STVKMUlsUndqaXM4cFVUcGt5MU52Z0doTndSM0FXcThGbXpGVmtINVdpMk9DcUJZX1BrdGJiU3BvVTlhNmFlSXByRVlPNWctQUh4YlV0NUgtb3Noc1hPMEpwZ3gwMS1PUGNLRXRmaFlLMGY2UFlkQ285TFZMc3ZiM05wZDVYYzJ0RVNFaDBQZDlOeVVXWWwwd1h4UEJOUy1WRGR5YmhTTkZzZ0xfUXkzWEdUc3lxS0MzOEVEaUE2T2p4bWg5cDFCT1RJZDI0M00xRklKaG11aXhDeTk5UTBiVXN0S1l6aVAw0gH8AUFVX3lxTE93a0huVFVlQTVBb1VUazF2cEsybnFiMG9nOTJHOUZzN2FWMkphd2NianpzZUN0TWxZNHI4OHRNeW0wYmVSRHpYcUNIUGVxVDRHM3hGNkRKRkMzSXl0OWZzNEowZXRXQzdzUVJDR2hGUmxsR3daVFM0eUh1ZDdsMk1odzM4MXM3WFp3a0ZvbmdpZXBBZGdUY0EyY3JuZU1FQ2Z2akU4aEVURVZ3UXdMQjhPTGNmendiSTQ1WlBwc0ZFZF9qcFZnbnc0S1ZMMDJVWEdxV1VsSm1DVE41V09YZmJEVzE1cmRNZTBHaXE4NE9Zc2MwY0U5ZWJWZUxGbA?oc=5"" target=""_blank"">CBI Files Chargesheet Against Bank Official, Pulwama Firm Owner in Delhi Digital Arrest Scam</a>&nbsp;&nbsp;<font color=""#6f6f6f"">The Times of India</font>",1,Digital Arrest,,News Report,English,High,CBI,Unknown,https://news.google.com/rss/articles/CBMi9wFBVV95cUxQbktjRVNTZVVjX0ZlNlp1STVKMUlsUndqaXM4cFVUcGt5MU52Z0doTndSM0FXcThGbXpGVmtINVdpMk9DcUJZX1BrdGJiU3BvVTlhNmFlSXByRVlPNWctQUh4YlV0NUgtb3Noc1hPMEpwZ3gwMS1PUGNLRXRmaFlLMGY2UFlkQ285TFZMc3ZiM05wZDVYYzJ0RVNFaDBQZDlOeVVXWWwwd1h4UEJOUy1WRGR5YmhTTkZzZ0xfUXkzWEdUc3lxS0MzOEVEaUE2T2p4bWg5cDFCT1RJZDI0M00xRklKaG11aXhDeTk5UTBiVXN0S1l6aVAw0gH8AUFVX3lxTE93a0huVFVlQTVBb1VUazF2cEsybnFiMG9nOTJHOUZzN2FWMkphd2NianpzZUN0TWxZNHI4OHRNeW0wYmVSRHpYcUNIUGVxVDRHM3hGNkRKRkMzSXl0OWZzNEowZXRXQzdzUVJDR2hGUmxsR3daVFM0eUh1ZDdsMk1odzM4MXM3WFp3a0ZvbmdpZXBBZGdUY0EyY3JuZU1FQ2Z2akU4aEVURVZ3UXdMQjhPTGNmendiSTQ1WlBwc0ZFZF9qcFZnbnc0S1ZMMDJVWEdxV1VsSm1DVE41V09YZmJEVzE1cmRNZTBHaXE4NE9Zc2MwY0U5ZWJWZUxGbA?oc=5,Google News RSS,"Wed, 05 Aug 2026 18:13:00 GMT",2026-08-14T08:52:15.212634,India,0,1
99,,"<a href=""https://news.google.com/rss/articles/CBMiggJBVV95cUxQRkJxcDlYdk1SdlZlMVRlb000bTlDVTdDeU5Gem9tNmRiWEo0c3RoVm9Zc0JIdEtldF8xcXpFeTVYM1IzU294THN2cVJsekpOb0JHYmpNVWZCQm01MFhLdmZoQ0dESC0ta2pBTEdmUmYxQzZpVWdmekxIN1JUaUJlUkwtUHIwWV9fZGtnZ3RkOG5qb2xIc05obkRBUEZIVDRjalUxZlJYZ09LMFFYeDR2cGpCenBTeVh5bHphREQyWjNlUmVsNkZtbmloa2dJbHFYdlNyMlk2MGNBd1MxczNMa2FQVm5XZVdJMm1neGNYUVZXbERFeUhlQjdwaVlsMW1MR3fSAYcCQVVfeXFMTkIzWVl5VGprVlNnNXdYa01jdW1kSm5DY2tjeG1zSUV6QWIxQU1fUTRBbExkWFl1VGd5bU83aFJ1cTJmSUxXWWYxeUhaOVpkNjF3UHVSNlVNTEVBUnBjUEktNWREN1dQODhFZDlqRF9BdnI3T0FibHowUjlFdF96UEszVHdiT3VJckdNRmRTbENUTjRTRE5Zb1kzaVhfQl9VVG9sS2VsMG1odGlzVHNsY0ZJUGd0VTNJUGx1MW1iVlgyMWZqbTNHd2J5WkZmbDVJa2FRN0JoMzM4YlRaX0ZsODFJVVNTV3FxdjRySmhpRmM4LURkbVhwMHZydmZndnE5UjNEVFpNb1E?oc=5"" target=""_blank"">Mumbai doctor loses ₹1.35 cr to digital arrest, was convinced her account used to 'fund Pathankot attack' | Mumbai news</a>&nbsp;&nbsp;<font color=""#6f6f6f"">Hindustan Times</font>",1,Digital Arrest,,News Report,English,High,,Unknown,https://news.google.com/rss/articles/CBMiggJBVV95cUxQRkJxcDlYdk1SdlZlMVRlb000bTlDVTdDeU5Gem9tNmRiWEo0c3RoVm9Zc0JIdEtldF8xcXpFeTVYM1IzU294THN2cVJsekpOb0JHYmpNVWZCQm01MFhLdmZoQ0dESC0ta2pBTEdmUmYxQzZpVWdmekxIN1JUaUJlUkwtUHIwWV9fZGtnZ3RkOG5qb2xIc05obkRBUEZIVDRjalUxZlJYZ09LMFFYeDR2cGpCenBTeVh5bHphREQyWjNlUmVsNkZtbmloa2dJbHFYdlNyMlk2MGNBd1MxczNMa2FQVm5XZVdJMm1neGNYUVZXbERFeUhlQjdwaVlsMW1MR3fSAYcCQVVfeXFMTkIzWVl5VGprVlNnNXdYa01jdW1kSm5DY2tjeG1zSUV6QWIxQU1fUTRBbExkWFl1VGd5bU83aFJ1cTJmSUxXWWYxeUhaOVpkNjF3UHVSNlVNTEVBUnBjUEktNWREN1dQODhFZDlqRF9BdnI3T0FibHowUjlFdF96UEszVHdiT3VJckdNRmRTbENUTjRTRE5Zb1kzaVhfQl9VVG9sS2VsMG1odGlzVHNsY0ZJUGd0VTNJUGx1MW1iVlgyMWZqbTNHd2J5WkZmbDVJa2FRN0JoMzM4YlRaX0ZsODFJVVNTV3FxdjRySmhpRmM4LURkbVhwMHZydmZndnE5UjNEVFpNb1E?oc=5,Google News RSS,"Wed, 05 Aug 2026 19:17:29 GMT",2026-08-14T08:52:17.062268,India,0,1
100,,"<a href=""https://news.google.com/rss/articles/CBMi7AFBVV95cUxOYllTLUpNRXZfZlRiTUJpQmp1SWZzNnhrZmpaNmpqSG1USnlHVEhNb3l4SUJFTDBaUVp6TTBZeDQ2cUUzZF9lME9fanI4alg4SDRzM1ZZU1RxQUY2aF81VmhoT1pPVjVXUW5ESk1FUXNYZHlSNWpXT0s5WnljWGtxbG43X3Y2Y0l1bWpnTVJ3aEJnRllpc285a2tMNjJRc3o4TWlIcTVtWDhmY1lOdzB6V3pnVE10Zzk3SjZXSTNsaXBMNG92U3VuaFRIWUNsRHllcU1UYXk5N1E1dER4YmtBamk4Mm51cDc1NXJWcw?oc=5"" target=""_blank"">Supreme Court orders RBI to frame mule account SOP, steps up crackdown on digital arrest scams</a>&nbsp;&nbsp;<font color=""#6f6f6f"">TradingView</font>",1,Digital Arrest,,News Report,English,High,RBI,Unknown,https://news.google.com/rss/articles/CBMi7AFBVV95cUxOYllTLUpNRXZfZlRiTUJpQmp1SWZzNnhrZmpaNmpqSG1USnlHVEhNb3l4SUJFTDBaUVp6TTBZeDQ2cUUzZF9lME9fanI4alg4SDRzM1ZZU1RxQUY2aF81VmhoT1pPVjVXUW5ESk1FUXNYZHlSNWpXT0s5WnljWGtxbG43X3Y2Y0l1bWpnTVJ3aEJnRllpc285a2tMNjJRc3o4TWlIcTVtWDhmY1lOdzB6V3pnVE10Zzk3SjZXSTNsaXBMNG92U3VuaFRIWUNsRHllcU1UYXk5N1E1dER4YmtBamk4Mm51cDc1NXJWcw?oc=5,Google News RSS,"Wed, 05 Aug 2026 02:32:00 GMT",2026-08-14T08:52:18.884981,India,0,1
101,,"<a href=""https://news.google.com/rss/articles/CBMicEFVX3lxTE9RVXBpQUM0VDg1aGVmZWhWM2JjemVHOWU3OU56R0gybGI3M1FGM1FsZ2psd2w4dVN4Qy1qMG42OTFCSU5ZUEZtd0U4bXVOWG9RS2hRd0ZOenNmMGFMZEEtSjF2MGQya0lBS05FV2NHS0g?oc=5"" target=""_blank"">Dehradun Couple Loses ₹13 Lakh in Fake NIA-ATS Digital Arrest Scam</a>&nbsp;&nbsp;<font color=""#6f6f6f"">The420.in</font>",1,Digital Arrest,,News Report,English,Critical,,Unknown,https://news.google.com/rss/articles/CBMicEFVX3lxTE9RVXBpQUM0VDg1aGVmZWhWM2JjemVHOWU3OU56R0gybGI3M1FGM1FsZ2psd2w4dVN4Qy1qMG42OTFCSU5ZUEZtd0U4bXVOWG9RS2hRd0ZOenNmMGFMZEEtSjF2MGQya0lBS05FV2NHS0g?oc=5,Google News RSS,"Thu, 06 Aug 2026 13:47:53 GMT",2026-08-14T08:52:20.754906,India,0,1
102,,"<a href=""https://news.google.com/rss/articles/CBMia0FVX3lxTFA2S1U4WUtKRkg0NlcwZG5fQ1N4QXNrRUg1NHRIQW5XTzNiakhsUzd3bUZ4S0tWV05zT3pYcmFfMnRNMEFXNDE4dkp5OW9xb0Y3NmRWdXdMUmFUOWpiLVpmVl9qYmtiVmRtQ09V?oc=5"" target=""_blank"">84-Year-Old Pune Retiree Loses ₹50.5 Lakh in Digital Arrest Scam</a>&nbsp;&nbsp;<font color=""#6f6f6f"">The420.in</font>",1,Digital Arrest,,News Report,English,Critical,,Unknown,https://news.google.com/rss/articles/CBMia0FVX3lxTFA2S1U4WUtKRkg0NlcwZG5fQ1N4QXNrRUg1NHRIQW5XTzNiakhsUzd3bUZ4S0tWV05zT3pYcmFfMnRNMEFXNDE4dkp5OW9xb0Y3NmRWdXdMUmFUOWpiLVpmVl9qYmtiVmRtQ09V?oc=5,Google News RSS,"Tue, 04 Aug 2026 13:16:13 GMT",2026-08-14T08:52:22.603910,India,0,1
103,,"<a href=""https://news.google.com/rss/articles/CBMitAFBVV95cUxPeTVhZFdGaHFoQVNmTXFza2NDdHJXZWN3Q2hOZGJ1UnJ3OFl2Vi1EajVLclF6NGhTSXZOZUNDTU96VGljUXNxMExQNDRucDFCN25TZ0U0S3dNemFnXzcwYXVVOGktV1pVNXZOa2IzNVlvanJ6QllDVFFialNkNllSc0lORzloQUpqUWZ1TFNDLTl4bkVRWFdHX3JTQ3gxc3dzNjJhWlIzSFJuSkN1ZnVRa01SVTg?oc=5"" target=""_blank"">Telangana ranks 11th in cybercrime complaints; digital arrest cases drop 60%: NCRP</a>&nbsp;&nbsp;<font color=""#6f6f6f"">NewsMeter</font>",1,Digital Arrest,,News Report,English,High,,Unknown,https://news.google.com/rss/articles/CBMitAFBVV95cUxPeTVhZFdGaHFoQVNmTXFza2NDdHJXZWN3Q2hOZGJ1UnJ3OFl2Vi1EajVLclF6NGhTSXZOZUNDTU96VGljUXNxMExQNDRucDFCN25TZ0U0S3dNemFnXzcwYXVVOGktV1pVNXZOa2IzNVlvanJ6QllDVFFialNkNllSc0lORzloQUpqUWZ1TFNDLTl4bkVRWFdHX3JTQ3gxc3dzNjJhWlIzSFJuSkN1ZnVRa01SVTg?oc=5,Google News RSS,"Tue, 04 Aug 2026 05:42:28 GMT",2026-08-14T08:52:24.459524,India,0,1
104,,"<a href=""https://news.google.com/rss/articles/CBMiaEFVX3lxTE9uZDg0eUQtejZEbDVwakN3M25Gc2VMcDJvMFJJM2Jta1VRMTZ0WlhWbHVlNDJwZ3dQYlE3UmlIcUdNbkJNU2tXcnZLeENJblFMZWdXTlJHczBBeWI4amRpd3kxUThiV2d3?oc=5"" target=""_blank"">Bengaluru Man Loses Lakhs After Fake NIA ‘Digital Arrest’ Threat on WhatsApp</a>&nbsp;&nbsp;<font color=""#6f6f6f"">The420.in</font>",1,Digital Arrest,,News Report,English,Critical,,WhatsApp,https://news.google.com/rss/articles/CBMiaEFVX3lxTE9uZDg0eUQtejZEbDVwakN3M25Gc2VMcDJvMFJJM2Jta1VRMTZ0WlhWbHVlNDJwZ3dQYlE3UmlIcUdNbkJNU2tXcnZLeENJblFMZWdXTlJHczBBeWI4amRpd3kxUThiV2d3?oc=5,Google News RSS,"Thu, 06 Aug 2026 03:19:48 GMT",2026-08-14T08:52:26.314880,India,0,1
105,,"<a href=""https://news.google.com/rss/articles/CBMinAFBVV95cUxPV3owM3NSa0pDN2s3b0RKVGExeUsyaXpJdFdZemkzNkNPTjVLWHlaX09ZU0JNNnotMG5Ka1R0Y3plajdGZktOaDdmRDEtbVd6T1ZvSmlURlViU0RoUGhDQ3lxc1h3RXdhamNhNkdyV24xRS00WGRRUjFXLW1uYmNvaVlnOTg3SHpXd2xGRUoyM3oyZWxrcjRUQW5iNk0?oc=5"" target=""_blank"">Delhi HC Seeks Status Report from CBI, Delhi Police in Digital Arrest Fraud</a>&nbsp;&nbsp;<font color=""#6f6f6f"">The420.in</font>",1,Digital Arrest,,News Report,English,High,CBI,Unknown,https://news.google.com/rss/articles/CBMinAFBVV95cUxPV3owM3NSa0pDN2s3b0RKVGExeUsyaXpJdFdZemkzNkNPTjVLWHlaX09ZU0JNNnotMG5Ka1R0Y3plajdGZktOaDdmRDEtbVd6T1ZvSmlURlViU0RoUGhDQ3lxc1h3RXdhamNhNkdyV24xRS00WGRRUjFXLW1uYmNvaVlnOTg3SHpXd2xGRUoyM3oyZWxrcjRUQW5iNk0?oc=5,Google News RSS,"Sun, 02 Aug 2026 09:37:57 GMT",2026-08-14T08:52:31.945475,India,0,1
106,,"<a href=""https://news.google.com/rss/articles/CBMirgFBVV95cUxOSEQ0QURwMnNSQmRGTk5pbFdmdDlONGNVS2dFdDZTa05wT2g5WFRPNzN5QnRhby1UZDdVM3dSZ2JlX3dmSVllREh5aFA2UzNGZndBTENKMGZ4QllCQ0tIal9YWG5QT2xRX01rbEgyNmNMWWRaVjBUVktoSjFYTnlsMnNuQnJtaklvcTJ1Wjc2YkdOWGhjdHVpbGZTWXhrbGNSSkRLVGEwZ09xdkl6eUHSAbIBQVVfeXFMUFE1TkFNN3ZtRXB5NmRGc3p5RVo3TEgxS2Y5czVrclgwaW1iNUQ2VnlNMFNCbEdPWUc1STRLTmUwVGhUT1VOTjNPZXZRTy1XcWt3ZmltYmd5VGpjdm9USFhvWkRlN3hOQWVxNnUyWnRyWFBUUlVEdXYtakxhczBhTlpGdGxWQWhTNmdCWjRqWU1OQjdWMXdRTTBnYlRsTVlacEhLTFFUSkh1X0w0aWpQVUxNUQ?oc=5"" target=""_blank"">CBI Charge Sheets Bank Officer, Firm Owner In Rs 1.6 Crore Digital Arrest Scam</a>&nbsp;&nbsp;<font color=""#6f6f6f"">Daily Excelsior</font>",1,Digital Arrest,,News Report,English,Critical,CBI,Unknown,https://news.google.com/rss/articles/CBMirgFBVV95cUxOSEQ0QURwMnNSQmRGTk5pbFdmdDlONGNVS2dFdDZTa05wT2g5WFRPNzN5QnRhby1UZDdVM3dSZ2JlX3dmSVllREh5aFA2UzNGZndBTENKMGZ4QllCQ0tIal9YWG5QT2xRX01rbEgyNmNMWWRaVjBUVktoSjFYTnlsMnNuQnJtaklvcTJ1Wjc2YkdOWGhjdHVpbGZTWXhrbGNSSkRLVGEwZ09xdkl6eUHSAbIBQVVfeXFMUFE1TkFNN3ZtRXB5NmRGc3p5RVo3TEgxS2Y5czVrclgwaW1iNUQ2VnlNMFNCbEdPWUc1STRLTmUwVGhUT1VOTjNPZXZRTy1XcWt3ZmltYmd5VGpjdm9USFhvWkRlN3hOQWVxNnUyWnRyWFBUUlVEdXYtakxhczBhTlpGdGxWQWhTNmdCWjRqWU1OQjdWMXdRTTBnYlRsTVlacEhLTFFUSkh1X0w0aWpQVUxNUQ?oc=5,Google News RSS,"Wed, 05 Aug 2026 15:39:36 GMT",2026-08-14T08:52:33.749836,India,0,1
107,,"<a href=""https://news.google.com/rss/articles/CBMinwJBVV95cUxPVk56ZFQxVFFlZWlIWTNYaHlPZ0dSUnBQRDI5aVhNckEyekthSkpWdmNIYjdWQ19oZThrSDFESjNFdU1VSnpsWGFSMTJKUVBlTUV6YXIyTE5pak5PbU5lS1pybHdUUFQydUNxaUNaaG9jTnU3TFowYUx0ZGhTWm41dU5oSkswNDF0YzU0RnZpd0sxTjFQV0hfQmdOUEM1RzdMV2IxTEdtV2RXbURnaEdmdFlZNVMwTTJPRmgtMEpGTFdmVE41QlRVQnFqVC1iNmx6Tm1EZHMwdGFrX3pXbWpsanhNTkdYcHY5ZUlFQjRERTRwenFkOGxBbGU0bVdMTTkydmZMbFJ4VzdHbUhfcXFRZUdwdDBmWUQ4SEtKMjFyTQ?oc=5"" target=""_blank"">DH Evening Brief | Siddaramaiah's silence over ministers inducted in Cabinet fuels unrest; Digital arrest scams: SC gives RBI 4 weeks to adopt SOP for banks</a>&nbsp;&nbsp;<font color=""#6f6f6f"">Deccan Herald</font>",1,Digital Arrest,,News Report,English,High,RBI,Unknown,https://news.google.com/rss/articles/CBMinwJBVV95cUxPVk56ZFQxVFFlZWlIWTNYaHlPZ0dSUnBQRDI5aVhNckEyekthSkpWdmNIYjdWQ19oZThrSDFESjNFdU1VSnpsWGFSMTJKUVBlTUV6YXIyTE5pak5PbU5lS1pybHdUUFQydUNxaUNaaG9jTnU3TFowYUx0ZGhTWm41dU5oSkswNDF0YzU0RnZpd0sxTjFQV0hfQmdOUEM1RzdMV2IxTEdtV2RXbURnaEdmdFlZNVMwTTJPRmgtMEpGTFdmVE41QlRVQnFqVC1iNmx6Tm1EZHMwdGFrX3pXbWpsanhNTkdYcHY5ZUlFQjRERTRwenFkOGxBbGU0bVdMTTkydmZMbFJ4VzdHbUhfcXFRZUdwdDBmWUQ4SEtKMjFyTQ?oc=5,Google News RSS,"Tue, 04 Aug 2026 07:00:00 GMT",2026-08-14T08:52:37.473055,India,0,1
108,,"<a href=""https://news.google.com/rss/articles/CBMi5AFBVV95cUxQZmRtMV9FRzQ3VVlGOHYzMGh2MGU5Qm8xQVhtalpEeEJ0YU1RdDk4OUtwVWJ5dDhjeHdRN3BmQjBkUXNNa1M2dVlMWUJlcE9DNlJfbWNWM2w1QU9JR2FXbU5xVUFveEczU0Y1aGxYVHppbzV3NWk4WERtVTVBeVJoSmVHYk1tejlFSktKTkRTNDQ5WmtoOTRBMk1YTzlDTGJxT0xQX2dOLUF4alZrbDFaNXFuc2tlSV9WSW1kNUstSGE2SzIybE5BMVJTR1JlOV91aEp2Y3MzclI4X3o4QUJMbGxGVGnSAeoBQVVfeXFMTS1YTkpRakxWVlJMb1JfOWVnMzhBQzN3V290VDFVOTJvZEZYQng1Um9ibUZtSllKTU5VVjVpckI3eUlKMGs0bEZwdXF5Y0dGdVJteEhwaHBzdDhzc1A1c1BvLTJkNVNVeXFaSnpTOTZvMHhGNER1WENxay1pdDlUbGRWeVA1RWFGejc1SktoSzZtUS1HaXo4LXBBVS1QalRwUjFHUmg2RUVmMW1lbUdEWEh2eWlBWWxxTVYwWmJUU294MWNlbVRTQjRDbnEyWm55TTFGRk96TklNWmRQb29rWm5ULUg0QjRRamN3?oc=5"" target=""_blank"">'Digital arrest' cases: SC directs RBI to issue mule account SOP, speed up frozen bank account cases</a>&nbsp;&nbsp;<font color=""#6f6f6f"">Moneycontrol.com</font>",1,Digital Arrest,,News Report,English,High,RBI,Unknown,https://news.google.com/rss/articles/CBMi5AFBVV95cUxQZmRtMV9FRzQ3VVlGOHYzMGh2MGU5Qm8xQVhtalpEeEJ0YU1RdDk4OUtwVWJ5dDhjeHdRN3BmQjBkUXNNa1M2dVlMWUJlcE9DNlJfbWNWM2w1QU9JR2FXbU5xVUFveEczU0Y1aGxYVHppbzV3NWk4WERtVTVBeVJoSmVHYk1tejlFSktKTkRTNDQ5WmtoOTRBMk1YTzlDTGJxT0xQX2dOLUF4alZrbDFaNXFuc2tlSV9WSW1kNUstSGE2SzIybE5BMVJTR1JlOV91aEp2Y3MzclI4X3o4QUJMbGxGVGnSAeoBQVVfeXFMTS1YTkpRakxWVlJMb1JfOWVnMzhBQzN3V290VDFVOTJvZEZYQng1Um9ibUZtSllKTU5VVjVpckI3eUlKMGs0bEZwdXF5Y0dGdVJteEhwaHBzdDhzc1A1c1BvLTJkNVNVeXFaSnpTOTZvMHhGNER1WENxay1pdDlUbGRWeVA1RWFGejc1SktoSzZtUS1HaXo4LXBBVS1QalRwUjFHUmg2RUVmMW1lbUdEWEh2eWlBWWxxTVYwWmJUU294MWNlbVRTQjRDbnEyWm55TTFGRk96TklNWmRQb29rWm5ULUg0QjRRamN3?oc=5,Google News RSS,"Tue, 04 Aug 2026 07:00:00 GMT",2026-08-14T08:52:39.376054,India,0,1
109,,"<a href=""https://news.google.com/rss/articles/CBMib0FVX3lxTE01MDN0MW9YTFNEeXJtQ3ktbVE2S09ORVN2enJMUkRmaFVGNFllMmxlcFVNcjQyZ201MnpfR0ZsbHJCNUE2ajFMdHhUNmRRN0NtZjVVTktnNDBSZDJ1QXdVYm1KLXVrWm1wYXowRHlUZw?oc=5"" target=""_blank"">Badlapur Cyber Fraud: 58-Year-Old Duped of ₹86.49 Lakh in Fake NIA ‘Digital Arrest’</a>&nbsp;&nbsp;<font color=""#6f6f6f"">The420.in</font>",1,Digital Arrest,,News Report,English,Critical,,Unknown,https://news.google.com/rss/articles/CBMib0FVX3lxTE01MDN0MW9YTFNEeXJtQ3ktbVE2S09ORVN2enJMUkRmaFVGNFllMmxlcFVNcjQyZ201MnpfR0ZsbHJCNUE2ajFMdHhUNmRRN0NtZjVVTktnNDBSZDJ1QXdVYm1KLXVrWm1wYXowRHlUZw?oc=5,Google News RSS,"Fri, 31 Jul 2026 07:00:00 GMT",2026-08-14T08:52:41.259831,India,0,1
110,,"<a href=""https://news.google.com/rss/articles/CBMi4AFBVV95cUxPQnhfN0NVS3Q4SS0wQnhyZWVQaGRWSTBmZFVFWDg5VFFua0xmYTR0bkREMUY1Znh5MmdmMlE5Znd4WFlTME5FMUQ0Tlh2bzFPY1JWTTlCVF9UaUg3NVlMTnlwSU1TaVJuT1R3bWVCTWV6RlJQN0JEZzRpNWFPZlF5UldSLVQ0eDBBT0g4aVMtdGhmRGtzZ05FdzRTbS0tSlo3cUppal9sVFA0d2p6S3VIN2otVTJYRlZBT05HdkRRT0JnOWVmVm8wVzJzVVI5UkU0MWZrX3d3Ymc2TzQxYm9HYdIB5gFBVV95cUxQM19KWkpzZENDcXhfT2VxM0JCRXNfVmEyUGhOaVE0b2RlVlVVQjUwaGxUd05BSEhic3BwOXZFWXNPeG10TEFaTFpZeHNha2Y2dEFtQlFHQm5weC03QXNRVVk0anlTZEZmcUdQUEZjTUFmSV9nN29ESFppeXlXZTZRQ2U0RDVHcWYtSF9acExab3h6ZG1vMHBpNFBjTjRtOFlWbHJIOU9ta1dDWHF3aDUydDVCWi0tNHk4YnIyaFBITlhGX3RsVTI3Ymp6QnpQNjRwWTlKOUNUUmVheFZxWHFERTFtV2JHUQ?oc=5"" target=""_blank"">Supreme Court orders RBI to frame mule account SOP, steps up crackdown on digital arrest scams</a>&nbsp;&nbsp;<font color=""#6f6f6f"">Moneycontrol.com</font>",1,Digital Arrest,,News Report,English,High,RBI,Unknown,https://news.google.com/rss/articles/CBMi4AFBVV95cUxPQnhfN0NVS3Q4SS0wQnhyZWVQaGRWSTBmZFVFWDg5VFFua0xmYTR0bkREMUY1Znh5MmdmMlE5Znd4WFlTME5FMUQ0Tlh2bzFPY1JWTTlCVF9UaUg3NVlMTnlwSU1TaVJuT1R3bWVCTWV6RlJQN0JEZzRpNWFPZlF5UldSLVQ0eDBBT0g4aVMtdGhmRGtzZ05FdzRTbS0tSlo3cUppal9sVFA0d2p6S3VIN2otVTJYRlZBT05HdkRRT0JnOWVmVm8wVzJzVVI5UkU0MWZrX3d3Ymc2TzQxYm9HYdIB5gFBVV95cUxQM19KWkpzZENDcXhfT2VxM0JCRXNfVmEyUGhOaVE0b2RlVlVVQjUwaGxUd05BSEhic3BwOXZFWXNPeG10TEFaTFpZeHNha2Y2dEFtQlFHQm5weC03QXNRVVk0anlTZEZmcUdQUEZjTUFmSV9nN29ESFppeXlXZTZRQ2U0RDVHcWYtSF9acExab3h6ZG1vMHBpNFBjTjRtOFlWbHJIOU9ta1dDWHF3aDUydDVCWi0tNHk4YnIyaFBITlhGX3RsVTI3Ymp6QnpQNjRwWTlKOUNUUmVheFZxWHFERTFtV2JHUQ?oc=5,Google News RSS,"Wed, 05 Aug 2026 02:32:33 GMT",2026-08-14T08:52:43.095477,India,0,1
111,,"<a href=""https://news.google.com/rss/articles/CBMivgFBVV95cUxORzRCSmNHZHJRdVY4Q1k5SGVqSUg2UmNnZ1d2RXhTdDJFR2h1bjRPc0VjWjFaTU9rZWVOQmdyVFcxdENaWlJHemppdUI2WXhlS19LdTR5Q193eG15b21PYldhWnNJdzF2ZDl1cmVEU21jV2hGQWVOTHdMOFFib2RTbkZPNXNJbm1lWnRLSTJ4eU5IdklzV2Vwc0o3SGxKRWhhbC16RmhfOTZIWWJVOWRhbGhTUzNpc3p6Y01JM1Bn?oc=5"" target=""_blank"">Delhi Senior Citizen Duped of Rs 1.6 Crore: CBI Files Charge Sheet in Digital Arrest Case</a>&nbsp;&nbsp;<font color=""#6f6f6f"">StudyCafe</font>",1,Digital Arrest,,News Report,English,Critical,CBI,Unknown,https://news.google.com/rss/articles/CBMivgFBVV95cUxORzRCSmNHZHJRdVY4Q1k5SGVqSUg2UmNnZ1d2RXhTdDJFR2h1bjRPc0VjWjFaTU9rZWVOQmdyVFcxdENaWlJHemppdUI2WXhlS19LdTR5Q193eG15b21PYldhWnNJdzF2ZDl1cmVEU21jV2hGQWVOTHdMOFFib2RTbkZPNXNJbm1lWnRLSTJ4eU5IdklzV2Vwc0o3SGxKRWhhbC16RmhfOTZIWWJVOWRhbGhTUzNpc3p6Y01JM1Bn?oc=5,Google News RSS,"Thu, 06 Aug 2026 11:39:30 GMT",2026-08-14T08:52:44.968400,India,0,1
112,,"<a href=""https://news.google.com/rss/articles/CBMiqAFBVV95cUxOaVItbFpmTW9ZamNhOGJlel9oVWJBeUQ2d1RjdWhQZFlOLUtoZVJBOUdSSTlXNVdhTDVZQkF1Tjh5NktDT3ZlZnhueUJOMkhqRldKTzFEc0t1Ynd4VlBTZEt3R0ZXUVdPTzBHM0U1cmFqUy1XTG9JdnRpcE1XM0lONzVlUFN2T2FDNUo3VllCekpOekJDSUNudDFJUVdsXzNxR1Rmcy1hTGQ?oc=5"" target=""_blank"">Why India Plans a New Law for Digital Arrest Scams and AI Deepfakes</a>&nbsp;&nbsp;<font color=""#6f6f6f"">CryptoRank</font>",1,Digital Arrest,,News Report,English,High,,Unknown,https://news.google.com/rss/articles/CBMiqAFBVV95cUxOaVItbFpmTW9ZamNhOGJlel9oVWJBeUQ2d1RjdWhQZFlOLUtoZVJBOUdSSTlXNVdhTDVZQkF1Tjh5NktDT3ZlZnhueUJOMkhqRldKTzFEc0t1Ynd4VlBTZEt3R0ZXUVdPTzBHM0U1cmFqUy1XTG9JdnRpcE1XM0lONzVlUFN2T2FDNUo3VllCekpOekJDSUNudDFJUVdsXzNxR1Rmcy1hTGQ?oc=5,Google News RSS,"Mon, 03 Aug 2026 07:00:00 GMT",2026-08-14T08:52:46.831726,India,0,1
113,,"<a href=""https://news.google.com/rss/articles/CBMiigFBVV95cUxQWXlkdHNILXJqbnZpNjdsMWg2RXBackZiOGlNRUtiTS1BVXhUMkJtQmpJdGFRS1YxYTdfbDZ6ZVNMNTNZcmI0RkNhQzRKZ3lTaWs2RURQYlBwV3M3SUlYOC1WbGdXZ25QSHJjakc0ZjlJRE5IOGFzbUxMWU00d2dCSEJibzhvSTk1aGc?oc=5"" target=""_blank"">CBI Files Chargesheet Against Bank Official and Firm Owner in ₹1.6 Crore Digital Arrest Case</a>&nbsp;&nbsp;<font color=""#6f6f6f"">The420.in</font>",1,Digital Arrest,,News Report,English,Critical,CBI,Unknown,https://news.google.com/rss/articles/CBMiigFBVV95cUxQWXlkdHNILXJqbnZpNjdsMWg2RXBackZiOGlNRUtiTS1BVXhUMkJtQmpJdGFRS1YxYTdfbDZ6ZVNMNTNZcmI0RkNhQzRKZ3lTaWs2RURQYlBwV3M3SUlYOC1WbGdXZ25QSHJjakc0ZjlJRE5IOGFzbUxMWU00d2dCSEJibzhvSTk1aGc?oc=5,Google News RSS,"Thu, 06 Aug 2026 14:08:41 GMT",2026-08-14T08:52:50.543041,India,0,1
114,,"<a href=""https://news.google.com/rss/articles/CBMiuAFBVV95cUxQWkpoSmRXQ3k0elJhNFBfcF9LTlVVNUFRMkQ2dlAzRjIyeDdpVWhuTlp4NW5qcnNfUC1PYmxvSnMyYTdSX3Q2YklmdW50Sy14VmlYaTZYSGhxUHFyQVFfZU1QLTdBSTV5a0hSemJTU2ZrVDE3Q0t1ejlOWkNzZFlBalBhT2dvSDlPWnhNaXV4WUxhQUthRjVsUEVNdW1Xenh0dm16cE5taHVWNGhZbk5kaTJ0eUtNNmhx0gG-AUFVX3lxTE9pTzlUMU9yNlJMMk1uS211X3l0bkFPNm1TT01SYlhpZENnRVlfb2JENFd3X1NCTHNSaGdsZTB0TUlWRXFYa195RXI0LTZ3eUswZlB0dkxZc2NHVEVDUnNubm0xN0dSLW9HWmc4dlVKRWl1TFI4NlBEN1FmSG81RXNPVDZlMTJXWV85ci1CaDRSWFJCWXdZVWNOTkRMY2JXQjlEajFvbExSMkZaOVI2TjRGVHl3RGdpOEo3SDlFMXc?oc=5"" target=""_blank"">SC orders crackdown on digital arrests: Directs RBI to frame guidelines to deal with cyber attacks on bank ...</a>&nbsp;&nbsp;<font color=""#6f6f6f"">Bhaskar English</font>",1,Digital Arrest,,News Report,English,High,RBI,Unknown,https://news.google.com/rss/articles/CBMiuAFBVV95cUxQWkpoSmRXQ3k0elJhNFBfcF9LTlVVNUFRMkQ2dlAzRjIyeDdpVWhuTlp4NW5qcnNfUC1PYmxvSnMyYTdSX3Q2YklmdW50Sy14VmlYaTZYSGhxUHFyQVFfZU1QLTdBSTV5a0hSemJTU2ZrVDE3Q0t1ejlOWkNzZFlBalBhT2dvSDlPWnhNaXV4WUxhQUthRjVsUEVNdW1Xenh0dm16cE5taHVWNGhZbk5kaTJ0eUtNNmhx0gG-AUFVX3lxTE9pTzlUMU9yNlJMMk1uS211X3l0bkFPNm1TT01SYlhpZENnRVlfb2JENFd3X1NCTHNSaGdsZTB0TUlWRXFYa195RXI0LTZ3eUswZlB0dkxZc2NHVEVDUnNubm0xN0dSLW9HWmc4dlVKRWl1TFI4NlBEN1FmSG81RXNPVDZlMTJXWV85ci1CaDRSWFJCWXdZVWNOTkRMY2JXQjlEajFvbExSMkZaOVI2TjRGVHl3RGdpOEo3SDlFMXc?oc=5,Google News RSS,"Tue, 04 Aug 2026 11:33:04 GMT",2026-08-14T08:53:00.901897,India,0,1
115,,"<a href=""https://news.google.com/rss/articles/CBMipgFBVV95cUxQNm1jcmdmbnh1NWNoVjk1eFhzTGZLeTY5Q1lXdWxMZ3l5OURob0ZJdDk4ZDBmUTU2aE1Xa3dOcS1abHlNYWpCSUdDZHZUNnVmNXdrbFFRV0pNNWNOSkdIZkxac1ZmOGwwemI4OEdGSFVVT3h1LW1jdVBQZnlWSF9qellrRGRKSGpHWWd1aGRraVg2Nm04V3lpeTJnVWhkTm5CQzR1WTZ30gGrAUFVX3lxTE5rWjlWMGd5WS12ZzJzLVV3WjBVU3E5U2hqcTdpaXBQeHp3Qmw3WFg3S1E2NXRvUEtnVU5ZNXNrc29PbnVrVl9hcmF5ZEcwbVE5X2xXelVCbERBVk5Xd0FWVk54d0RCbEloTnFwSTBJNDFBWVhBWmRoeThKV3loNDJ6azBfZVExYm0zWkYyOVRJWVdFMlVMTm13aThRcHJza2F5U2xNZXRJN2RPVQ?oc=5"" target=""_blank"">Sunil Bajpai recalls SP Oswal's ₹7 crore digital arrest case | Tap to know more | Inshorts</a>&nbsp;&nbsp;<font color=""#6f6f6f"">Inshorts</font>",1,Digital Arrest,,News Report,English,Critical,,Unknown,https://news.google.com/rss/articles/CBMipgFBVV95cUxQNm1jcmdmbnh1NWNoVjk1eFhzTGZLeTY5Q1lXdWxMZ3l5OURob0ZJdDk4ZDBmUTU2aE1Xa3dOcS1abHlNYWpCSUdDZHZUNnVmNXdrbFFRV0pNNWNOSkdIZkxac1ZmOGwwemI4OEdGSFVVT3h1LW1jdVBQZnlWSF9qellrRGRKSGpHWWd1aGRraVg2Nm04V3lpeTJnVWhkTm5CQzR1WTZ30gGrAUFVX3lxTE5rWjlWMGd5WS12ZzJzLVV3WjBVU3E5U2hqcTdpaXBQeHp3Qmw3WFg3S1E2NXRvUEtnVU5ZNXNrc29PbnVrVl9hcmF5ZEcwbVE5X2xXelVCbERBVk5Xd0FWVk54d0RCbEloTnFwSTBJNDFBWVhBWmRoeThKV3loNDJ6azBfZVExYm0zWkYyOVRJWVdFMlVMTm13aThRcHJza2F5U2xNZXRJN2RPVQ?oc=5,Google News RSS,"Sat, 01 Aug 2026 17:13:46 GMT",2026-08-14T08:53:08.356114,India,0,1
116,,"<a href=""https://news.google.com/rss/articles/CBMisAFBVV95cUxPaTFCOU5rS3paTXBOOTRxSXNMNGljYU9CV0tDQl9qTkhJaU1aX2JTbHh0NGZFcmNNUE9ZTGV0cFg0ZFRoYmJabHNwMWZURHVKVFdzMk9veTRkbG05cGFOZUU4NXdsV2ZaWmw2WElQQ0tvT0hBNm5vZlRpSThiV09idmNkQjNvdG1lVWM4LTlVWElLVHJiRHFXcnFYeVhHT251SmFybG03cGxFeTByU2dCSQ?oc=5"" target=""_blank"">SC issues fresh directions to strengthen fight against digital arrest scams</a>&nbsp;&nbsp;<font color=""#6f6f6f"">thehawk.in</font>",1,Digital Arrest,,News Report,English,High,,Unknown,https://news.google.com/rss/articles/CBMisAFBVV95cUxPaTFCOU5rS3paTXBOOTRxSXNMNGljYU9CV0tDQl9qTkhJaU1aX2JTbHh0NGZFcmNNUE9ZTGV0cFg0ZFRoYmJabHNwMWZURHVKVFdzMk9veTRkbG05cGFOZUU4NXdsV2ZaWmw2WElQQ0tvT0hBNm5vZlRpSThiV09idmNkQjNvdG1lVWM4LTlVWElLVHJiRHFXcnFYeVhHT251SmFybG03cGxFeTByU2dCSQ?oc=5,Google News RSS,"Tue, 04 Aug 2026 15:41:26 GMT",2026-08-14T08:53:23.606323,India,0,1
117,,"<a href=""https://news.google.com/rss/articles/CBMiwgFBVV95cUxOTlYtM3V1MTdGNE43Y1V0eVU4SDcwRkhCUktMdFUxRWxZcU1SMzk3U0dvWjNMQ3VhemlRMmp6eDg5OWpoZWI3N1dlVm9kMGVNa3pReENiQXctRC1vSkh2VGtpWENxU2xzeFBUUUJYMUozSnNXOFEzMWtZVWk0UGNtNWJkR01zZWh0dk1uVTREc1BvcFdtWGV4clVvRUFydlhad3RYSVNPSjVRZ1hURDF1VVgwN1dtb2xRS19aX2psNGtQUQ?oc=5"" target=""_blank"">Mangaluru Man Loses Rs 34.48 Lakh in Digital Arrest Scam After Fake Police Threats</a>&nbsp;&nbsp;<font color=""#6f6f6f"">News Mobile</font>",1,Digital Arrest,,News Report,English,Critical,Police,Unknown,https://news.google.com/rss/articles/CBMiwgFBVV95cUxOTlYtM3V1MTdGNE43Y1V0eVU4SDcwRkhCUktMdFUxRWxZcU1SMzk3U0dvWjNMQ3VhemlRMmp6eDg5OWpoZWI3N1dlVm9kMGVNa3pReENiQXctRC1vSkh2VGtpWENxU2xzeFBUUUJYMUozSnNXOFEzMWtZVWk0UGNtNWJkR01zZWh0dk1uVTREc1BvcFdtWGV4clVvRUFydlhad3RYSVNPSjVRZ1hURDF1VVgwN1dtb2xRS19aX2psNGtQUQ?oc=5,Google News RSS,"Thu, 06 Aug 2026 07:16:30 GMT",2026-08-14T08:53:25.422104,India,0,1
118,,"<a href=""https://news.google.com/rss/articles/CBMi3AFBVV95cUxOcHJTWTJjZzFCOWlfV1hVdE9oTk9mN2tvTVBrVnZJSkE2YlhfallKRVk4enhiWmt5dGZTcEtGLS1uTnczclJOczRIbVFIeW5iYVBISXIzMlBzTkRfcTZEZEJhRGxGOVhGeEI3UWpzS0stMGEtNFhGMGdFT2JIRXR6TmQtUmRXdVNxRlh1U09tN3l0cjliaDZVUmVSVGU1QngwaFRGVkJaeEZhMmlkWUd4N0R6QWFUSFhqaEEzcmlOdjY3WlgwNXluaDQ4WUlYN1R0aGpESjBtMEJzclds?oc=5"" target=""_blank"">Supreme Court issues directions on digital arrest cases; RBI asked to issue SOP for banks within 4 weeks</a>&nbsp;&nbsp;<font color=""#6f6f6f"">Zee Business</font>",1,Digital Arrest,,News Report,English,High,RBI,Unknown,https://news.google.com/rss/articles/CBMi3AFBVV95cUxOcHJTWTJjZzFCOWlfV1hVdE9oTk9mN2tvTVBrVnZJSkE2YlhfallKRVk4enhiWmt5dGZTcEtGLS1uTnczclJOczRIbVFIeW5iYVBISXIzMlBzTkRfcTZEZEJhRGxGOVhGeEI3UWpzS0stMGEtNFhGMGdFT2JIRXR6TmQtUmRXdVNxRlh1U09tN3l0cjliaDZVUmVSVGU1QngwaFRGVkJaeEZhMmlkWUd4N0R6QWFUSFhqaEEzcmlOdjY3WlgwNXluaDQ4WUlYN1R0aGpESjBtMEJzclds?oc=5,Google News RSS,"Tue, 04 Aug 2026 15:58:45 GMT",2026-08-14T08:53:27.365380,India,0,1
119,,"<a href=""https://news.google.com/rss/articles/CBMiuAFBVV95cUxQUFlSVjVTNkM2Y3dvX0xfM2FxUVROaVVncnVLeVlSbnFBZ1lJVjZlRDRQNnlfdnVaZDNWWncyUmExX2dpUGVXRkdvOWM4VEx6WWVENnNtLWhhZnlLREJOYkczRHByaTVyUElyRVJHR041dVNxdDh3c3Y1SXA4V3dPNllnd25FeFJtc2gyQzJPZVFnWTV6cnVWVVpYVV9JSUF5ODRZOE1VRzlod0pGRS1td3lNeU9tbWR2?oc=5"" target=""_blank"">Supreme Court issues nationwide directions to curb digital arrest scams</a>&nbsp;&nbsp;<font color=""#6f6f6f"">Big News Network.com</font>",1,Digital Arrest,,News Report,English,High,Supreme Court,Unknown,https://news.google.com/rss/articles/CBMiuAFBVV95cUxQUFlSVjVTNkM2Y3dvX0xfM2FxUVROaVVncnVLeVlSbnFBZ1lJVjZlRDRQNnlfdnVaZDNWWncyUmExX2dpUGVXRkdvOWM4VEx6WWVENnNtLWhhZnlLREJOYkczRHByaTVyUElyRVJHR041dVNxdDh3c3Y1SXA4V3dPNllnd25FeFJtc2gyQzJPZVFnWTV6cnVWVVpYVV9JSUF5ODRZOE1VRzlod0pGRS1td3lNeU9tbWR2?oc=5,Google News RSS,"Tue, 04 Aug 2026 16:04:00 GMT",2026-08-14T08:53:29.255077,India,0,1
120,,"<a href=""https://news.google.com/rss/articles/CBMitgFBVV95cUxPU3ByQ3RidnR5VTlVQURmZGY1dlhxNjBUTExmZ29RWUoxRDhHdVYyYUtnbHdudC1kSjBuYWVEdnBmYTBkbFA4Tm1lMWZtQTdETnlZTVlnRUxYbFFfUlFfeFlaSjViejQ4QlFxcUNQcjdPb2FqTGdCMm05dngtblp4cUU4V0t1dlAyNFBOVTkxRWZTTElHVWh1NXZBaEY5dzItR1lSRzlKU2dkRGhqdGNDUDEtQ3JsQdIBuwFBVV95cUxOWUxGdWF4YUpPTF9XU2JPVVoxYjZsQ1ZYLVZXb0xxcF85emtMbmotYUoxaXpYMm5Va1FJLUdVaFA5UkpQRGZsaFFRY0RQNEVPd2d1T1lLX0lrdjJwUC0wX0RPc1pFTEJKMUVCWDlPSkFCaTJKZnFJOWhkUEgxRVkwYVBoWmtLc0dBWGNJSjZXalVQbk5IQlJBVEZMeWVkRl9RenV3V2cxeF9SY1M2cnBSV3VJYnk1bDc4ZF9Z?oc=5"" target=""_blank"">SC issues fresh directions to strengthen fight against digital arrest scams</a>&nbsp;&nbsp;<font color=""#6f6f6f"">Punjab Kesari English</font>",1,Digital Arrest,,News Report,English,High,,Unknown,https://news.google.com/rss/articles/CBMitgFBVV95cUxPU3ByQ3RidnR5VTlVQURmZGY1dlhxNjBUTExmZ29RWUoxRDhHdVYyYUtnbHdudC1kSjBuYWVEdnBmYTBkbFA4Tm1lMWZtQTdETnlZTVlnRUxYbFFfUlFfeFlaSjViejQ4QlFxcUNQcjdPb2FqTGdCMm05dngtblp4cUU4V0t1dlAyNFBOVTkxRWZTTElHVWh1NXZBaEY5dzItR1lSRzlKU2dkRGhqdGNDUDEtQ3JsQdIBuwFBVV95cUxOWUxGdWF4YUpPTF9XU2JPVVoxYjZsQ1ZYLVZXb0xxcF85emtMbmotYUoxaXpYMm5Va1FJLUdVaFA5UkpQRGZsaFFRY0RQNEVPd2d1T1lLX0lrdjJwUC0wX0RPc1pFTEJKMUVCWDlPSkFCaTJKZnFJOWhkUEgxRVkwYVBoWmtLc0dBWGNJSjZXalVQbk5IQlJBVEZMeWVkRl9RenV3V2cxeF9SY1M2cnBSV3VJYnk1bDc4ZF9Z?oc=5,Google News RSS,"Tue, 04 Aug 2026 15:37:01 GMT",2026-08-14T08:53:31.137873,India,0,1
121,,"<a href=""https://news.google.com/rss/articles/CBMilAFBVV95cUxOYXY0UG10YlF5SGE4WXJxaW93RWJlV0lBX3BqbFlOSlN3NDU4WlJkTU0yd2M2d0F1czItUVlJcFptSDZrZllud0ZrVHpXY0o3NmtRX0JpWm81WWZKS04zQVdkcFF3aHg2czBrVm1HUlNtbG12TDN3SUtTSlI0azBjRWQ1MUpVOHBoNWwzY1RmSGoyb0xj?oc=5"" target=""_blank"">Supreme Court Tightens Crackdown on Digital Arrest Scams</a>&nbsp;&nbsp;<font color=""#6f6f6f"">globalgovernancenews.com</font>",1,Digital Arrest,,News Report,English,High,Supreme Court,Unknown,https://news.google.com/rss/articles/CBMilAFBVV95cUxOYXY0UG10YlF5SGE4WXJxaW93RWJlV0lBX3BqbFlOSlN3NDU4WlJkTU0yd2M2d0F1czItUVlJcFptSDZrZllud0ZrVHpXY0o3NmtRX0JpWm81WWZKS04zQVdkcFF3aHg2czBrVm1HUlNtbG12TDN3SUtTSlI0azBjRWQ1MUpVOHBoNWwzY1RmSGoyb0xj?oc=5,Google News RSS,"Tue, 04 Aug 2026 16:01:57 GMT",2026-08-14T08:53:32.978809,India,0,1
122,,"<a href=""https://news.google.com/rss/articles/CBMirwFBVV95cUxOUkEwTUJQOHIyQW1RbWVPTFRNemhUZWZreGFnSF9oeTVJdFFXTGZCd0FjOVRjYVJZRG5lcFRONHF5WmtMNUxKV3FwRi1PclhmRUYwTTdtcTUxeVMzaERXUTYyZ2VTOTA2Zkw2TXR1NFVlM2tHVTJZOFdrbmx2V3BJYmw4T1hDb0h5S1dWT1J4aWlEWk5MaUl3YkZoSDZCdFVZcTZXM3JRaTE2WjlHeUNv?oc=5"" target=""_blank"">CBI charge sheets bank officer, firm owner in Rs 1.6 crore digital arrest scam</a>&nbsp;&nbsp;<font color=""#6f6f6f"">thehawk.in</font>",1,Digital Arrest,,News Report,English,Critical,CBI,Unknown,https://news.google.com/rss/articles/CBMirwFBVV95cUxOUkEwTUJQOHIyQW1RbWVPTFRNemhUZWZreGFnSF9oeTVJdFFXTGZCd0FjOVRjYVJZRG5lcFRONHF5WmtMNUxKV3FwRi1PclhmRUYwTTdtcTUxeVMzaERXUTYyZ2VTOTA2Zkw2TXR1NFVlM2tHVTJZOFdrbmx2V3BJYmw4T1hDb0h5S1dWT1J4aWlEWk5MaUl3YkZoSDZCdFVZcTZXM3JRaTE2WjlHeUNv?oc=5,Google News RSS,"Wed, 05 Aug 2026 14:41:38 GMT",2026-08-14T08:53:34.803029,India,0,1
123,,"<a href=""https://news.google.com/rss/articles/CBMi3wFBVV95cUxNVW1qWGNaYUtyTlY3V25pckhnVVBKRUpBaHFJUGd6bXdibHNDT1dVTkZlQ3JmbUlENExyTU1QSzR6aHhUT0g3aTdqRlo2dzlVT3hwU213RFJmV0hVbVdmakI1eE9tQzR0VS1ULXZCWlN3RnZfTDVPVGpXMHhPNENaUVJYSlhSb0xiQ1I2NkdzQmU3Yk01a1QtcUVJY2tGd3JpMWdyWkw5N29pNDVqTXNSQlpWSHFmNWcwcHhadTFBUElwNTBGYkgyc3lVV0UyTkh4OTRNTFFxUkJsMmFrajRJ0gHkAUFVX3lxTE4tWTk3aGpadDFnNjFsLUYtX3BMRTBVd2MxSER6MEtzQ2RwWlFtZHkwV0hEZ2Y0WTY1SkRxZGpISEZsUHdWVXRtSFBmV2xNT1N1UmpfZ1B1LUsyQ3llT3Q1UnhBRTE4YTVucWFZZE9scWV3T2ZzYXhuWmd3eDhpanhITHlfMXVDRnZPbmFBYjhfT0cxUnZJbGpMTG1aVktsYkNEcGxHUVNQLVFTR0t2cnJkZG9CTW5xbHhzcDFrMkk3XzkyNUJja2hDZzlSMXMzeUJaYnlxTW1SMkxBc1pCNVFsU19Idw?oc=5"" target=""_blank"">CBI Chargesheets Bank Officer, Firm Owner In ₹1.6 Crore Digital Arrest Scam Linked To Transnational Cyber</a>&nbsp;&nbsp;<font color=""#6f6f6f"">Free Press Journal</font>",1,Digital Arrest,,News Report,English,Critical,CBI,Unknown,https://news.google.com/rss/articles/CBMi3wFBVV95cUxNVW1qWGNaYUtyTlY3V25pckhnVVBKRUpBaHFJUGd6bXdibHNDT1dVTkZlQ3JmbUlENExyTU1QSzR6aHhUT0g3aTdqRlo2dzlVT3hwU213RFJmV0hVbVdmakI1eE9tQzR0VS1ULXZCWlN3RnZfTDVPVGpXMHhPNENaUVJYSlhSb0xiQ1I2NkdzQmU3Yk01a1QtcUVJY2tGd3JpMWdyWkw5N29pNDVqTXNSQlpWSHFmNWcwcHhadTFBUElwNTBGYkgyc3lVV0UyTkh4OTRNTFFxUkJsMmFrajRJ0gHkAUFVX3lxTE4tWTk3aGpadDFnNjFsLUYtX3BMRTBVd2MxSER6MEtzQ2RwWlFtZHkwV0hEZ2Y0WTY1SkRxZGpISEZsUHdWVXRtSFBmV2xNT1N1UmpfZ1B1LUsyQ3llT3Q1UnhBRTE4YTVucWFZZE9scWV3T2ZzYXhuWmd3eDhpanhITHlfMXVDRnZPbmFBYjhfT0cxUnZJbGpMTG1aVktsYkNEcGxHUVNQLVFTR0t2cnJkZG9CTW5xbHhzcDFrMkk3XzkyNUJja2hDZzlSMXMzeUJaYnlxTW1SMkxBc1pCNVFsU19Idw?oc=5,Google News RSS,"Thu, 06 Aug 2026 00:35:09 GMT",2026-08-14T08:53:36.674707,India,0,1
124,,"<a href=""https://news.google.com/rss/articles/CBMitgFBVV95cUxOQjBLbXA4SGZveEhlU1RhTzlVSnN5aC1vT1RCUmgxZEhCUUpZUFo1Tm9DbGZldnBrWDkyeXJDSlNfYlFiRmVPM3pWTmdMNVRkR0k3R2lJdy1rVWJyMFFubTFFa1dvUWs5ZDhsU1JBY2pzazRNS0c0N0RhbUhidldYeGJ4d3h5T0NwYUp4SGkwNU9HeDBYYkhnYUd0WkdQUG1DTU9HZUpWTFlDVVM0Y3NLRzdJSm00d9IBuwFBVV95cUxONks1R0ZoVVZVZHdUVndFRDRGaGpTdnVMZXRGZy1sVzNEaVItMW5RemN5aF9HWEd4VzN6RldtNWpUOC1abEp5Unk3SDZDbWxZdktfZmJiSU5BZUdrMFpMOF9jOHVIdnNVNHlqQnZlaFZIOVd6c0piNDk0b1NNMl9qSlZaVlViS1RJVFhlZHkyTkxidlFVNklZSXRSc0hZV1c5ZVRTSjNKWjNVUV8tN3FKVjdIeWU3eURyTkZF?oc=5"" target=""_blank"">Mumbai Police Arrest Solapur Man In ₹31.5 Lakh ‘Digital Arrest’ Cyber Fraud Case</a>&nbsp;&nbsp;<font color=""#6f6f6f"">Free Press Journal</font>",1,Digital Arrest,,News Report,English,Critical,Mumbai Police,Unknown,https://news.google.com/rss/articles/CBMitgFBVV95cUxOQjBLbXA4SGZveEhlU1RhTzlVSnN5aC1vT1RCUmgxZEhCUUpZUFo1Tm9DbGZldnBrWDkyeXJDSlNfYlFiRmVPM3pWTmdMNVRkR0k3R2lJdy1rVWJyMFFubTFFa1dvUWs5ZDhsU1JBY2pzazRNS0c0N0RhbUhidldYeGJ4d3h5T0NwYUp4SGkwNU9HeDBYYkhnYUd0WkdQUG1DTU9HZUpWTFlDVVM0Y3NLRzdJSm00d9IBuwFBVV95cUxONks1R0ZoVVZVZHdUVndFRDRGaGpTdnVMZXRGZy1sVzNEaVItMW5RemN5aF9HWEd4VzN6RldtNWpUOC1abEp5Unk3SDZDbWxZdktfZmJiSU5BZUdrMFpMOF9jOHVIdnNVNHlqQnZlaFZIOVd6c0piNDk0b1NNMl9qSlZaVlViS1RJVFhlZHkyTkxidlFVNklZSXRSc0hZV1c5ZVRTSjNKWjNVUV8tN3FKVjdIeWU3eURyTkZF?oc=5,Google News RSS,"Mon, 03 Aug 2026 19:41:53 GMT",2026-08-14T08:53:40.424391,India,0,1
125,,"<a href=""https://news.google.com/rss/articles/CBMitAFBVV95cUxPRWhUR2JPcWl1QXlIZWE2MzMzMXJnR3NGS2pHeno5RTRhQnJ2a3JGUEdvMWdtbThINmlHTEY0dVFtZ1dEemNFcXdtMEFsMWh0elNfX1RMa213MWJSSGRnVWZDOVpHYWxJRko4OFR0dWZSMnFNRTVMX01lbmw0bnhKc3pGQURRODhLT1hzQmJBV1VKWHl4ZzdxMDFIVl9XMUgwa1ZyTWNLY2Q3TWVFT0JrZnktRXjSAboBQVVfeXFMTWNFMFdsQ0YxRWhxWWNRUXBTWkExczVZa0hwNVdkWURpR3R5ZzFUVktvWV9tcUEwc2ZpY0c0aEJwSURINS0wYlpuYzJ6Q1hTcW1vS1MtNW1CejdqNXo4MmdvdVVVT2ZDYTZrTXJRU3hNaEU0eGFEcHdfb1Q1cDFKVHVZTGZ0SGV6Sm1HdUUxNlhjLUlaejJyamhyNXNyRHNNNkt0aFMxNlFsX1Rfam53ZzZLcnVDenlGNmV3?oc=5"" target=""_blank"">CBI charge sheets bank officer, firm owner in Rs 1.6 crore digital arrest scam</a>&nbsp;&nbsp;<font color=""#6f6f6f"">lokmattimes.com</font>",1,Digital Arrest,,News Report,English,Critical,CBI,Unknown,https://news.google.com/rss/articles/CBMitAFBVV95cUxPRWhUR2JPcWl1QXlIZWE2MzMzMXJnR3NGS2pHeno5RTRhQnJ2a3JGUEdvMWdtbThINmlHTEY0dVFtZ1dEemNFcXdtMEFsMWh0elNfX1RMa213MWJSSGRnVWZDOVpHYWxJRko4OFR0dWZSMnFNRTVMX01lbmw0bnhKc3pGQURRODhLT1hzQmJBV1VKWHl4ZzdxMDFIVl9XMUgwa1ZyTWNLY2Q3TWVFT0JrZnktRXjSAboBQVVfeXFMTWNFMFdsQ0YxRWhxWWNRUXBTWkExczVZa0hwNVdkWURpR3R5ZzFUVktvWV9tcUEwc2ZpY0c0aEJwSURINS0wYlpuYzJ6Q1hTcW1vS1MtNW1CejdqNXo4MmdvdVVVT2ZDYTZrTXJRU3hNaEU0eGFEcHdfb1Q1cDFKVHVZTGZ0SGV6Sm1HdUUxNlhjLUlaejJyamhyNXNyRHNNNkt0aFMxNlFsX1Rfam53ZzZLcnVDenlGNmV3?oc=5,Google News RSS,"Wed, 05 Aug 2026 14:59:23 GMT",2026-08-14T08:53:42.323126,India,0,1
126,,"<a href=""https://news.google.com/rss/articles/CBMizAFBVV95cUxQWkZNUXpiS214WE5DYjJZYkhaREdUWVNQc0lCbkJQRW9NV1hXTmx3REw4TlcydDhIaWl2OV9fYVNLbnpLSlBRYTkwRVhzMkJmbzZwQXd6Z283UzFwaGpMdGdEQXoxSEZQWFIzc1d5NHRNbkpva1RRMUg0SFpLSm1VQlJQNnhxeklGTXpEc21vbzdMUGdWaTBFUER2YkhHa3BSU2JzT3BucXBkS09LREp4U2F2NmZTYjVBdUhnUnF0WHZJSXRneFNkZ3REYUbSAdIBQVVfeXFMT3liSjlfck56Vms3OVZnUlRmNXFwLXl6bkdpSjdSSVpDNHk2azh0N3h1VkFtazQweDdtMldQUUFRRHp3cFRvM2xVRGQxeXJaMnlsSERXUnR4cDRwTGhWekpoUy15VUJ3U0NBbGJkQkV1clJvb1dMM1Y0MTNoMElLLTNsdVlqSUd0bWZfdmpLSnNFMzNLdHVLbllHRmtZeEpGb1ZzN3E1LS1yZnRQRVNiU2tqNWhVa1RvRUt6c3E0Y3hrQ1lkZ0dkQjVVREs4T0I3TmJn?oc=5"" target=""_blank"">India News | Supreme Court Issues Nationwide Directions to Curb Digital Arrest Scams</a>&nbsp;&nbsp;<font color=""#6f6f6f"">LatestLY</font>",1,Digital Arrest,,News Report,English,High,Supreme Court,Unknown,https://news.google.com/rss/articles/CBMizAFBVV95cUxQWkZNUXpiS214WE5DYjJZYkhaREdUWVNQc0lCbkJQRW9NV1hXTmx3REw4TlcydDhIaWl2OV9fYVNLbnpLSlBRYTkwRVhzMkJmbzZwQXd6Z283UzFwaGpMdGdEQXoxSEZQWFIzc1d5NHRNbkpva1RRMUg0SFpLSm1VQlJQNnhxeklGTXpEc21vbzdMUGdWaTBFUER2YkhHa3BSU2JzT3BucXBkS09LREp4U2F2NmZTYjVBdUhnUnF0WHZJSXRneFNkZ3REYUbSAdIBQVVfeXFMT3liSjlfck56Vms3OVZnUlRmNXFwLXl6bkdpSjdSSVpDNHk2azh0N3h1VkFtazQweDdtMldQUUFRRHp3cFRvM2xVRGQxeXJaMnlsSERXUnR4cDRwTGhWekpoUy15VUJ3U0NBbGJkQkV1clJvb1dMM1Y0MTNoMElLLTNsdVlqSUd0bWZfdmpLSnNFMzNLdHVLbllHRmtZeEpGb1ZzN3E1LS1yZnRQRVNiU2tqNWhVa1RvRUt6c3E0Y3hrQ1lkZ0dkQjVVREs4T0I3TmJn?oc=5,Google News RSS,"Tue, 04 Aug 2026 14:12:24 GMT",2026-08-14T08:53:47.858395,India,0,1
127,,"<a href=""https://news.google.com/rss/articles/CBMilgJBVV95cUxPbnpWN2RyaklJd2JLMXdvZWFncGNyZE1Obl9weG8yQWdTemtqVVJTTlJ3Zmx0MzRsenZBYmhiRmZJOWVic1VfWmNaMlVEOFJJckV1UVpPM2ZKdk1tWHBlU3Q2LTdIZ05SZXVDdG5WcHRWLThzbE8xNmRQay1aa2x2dFVzbW5MUV90QWlwQktUc01RQUVRVVFMTnlHMGlMU3NTa0QtRlhBbTN5NnJaNFVrQkZuSnFBMW16TEpkU3NoWEExRTlFbm1acTljeVAtMWxZX2xJUUZpOGJsREJwb2lBa0l5MkZLS2ZHbFNaVExWTlNieVJvdFdlSnZyUzVzelpSQWk1c2RuZXE5LWdHWTRIVHFTeWh5dw?oc=5"" target=""_blank"">CBI Files Chargesheet Against Axis Bank Officer, Firm Owner in ₹1.6 Crore Digital Arrest Scam</a>&nbsp;&nbsp;<font color=""#6f6f6f"">Dailyhunt</font>",1,Digital Arrest,,News Report,English,Critical,CBI,Unknown,https://news.google.com/rss/articles/CBMilgJBVV95cUxPbnpWN2RyaklJd2JLMXdvZWFncGNyZE1Obl9weG8yQWdTemtqVVJTTlJ3Zmx0MzRsenZBYmhiRmZJOWVic1VfWmNaMlVEOFJJckV1UVpPM2ZKdk1tWHBlU3Q2LTdIZ05SZXVDdG5WcHRWLThzbE8xNmRQay1aa2x2dFVzbW5MUV90QWlwQktUc01RQUVRVVFMTnlHMGlMU3NTa0QtRlhBbTN5NnJaNFVrQkZuSnFBMW16TEpkU3NoWEExRTlFbm1acTljeVAtMWxZX2xJUUZpOGJsREJwb2lBa0l5MkZLS2ZHbFNaVExWTlNieVJvdFdlSnZyUzVzelpSQWk1c2RuZXE5LWdHWTRIVHFTeWh5dw?oc=5,Google News RSS,"Thu, 06 Aug 2026 00:33:12 GMT",2026-08-14T08:53:49.763482,India,0,1
128,,"<a href=""https://news.google.com/rss/articles/CBMiqwFBVV95cUxOTkdLQlozVloxMzAyVXVwMGRBd0FlQXJNaTdBbzc0V1NqcW5ETzJWcklmaWhHRlRpbGp0eDR6bHVRbWN4RUhMdDJmZEhqZm52bXE1b01wdFB4TWQ4enVtVll5YnU3SFdmZkRDdTRpS0NmWHcwc1VmZnRDQ29KQkdMYks5dkZJNDFWQi0yRmpRTVhFRndMbVhtekJRRkVxWVRpeVVhYnZLbmNHQlk?oc=5"" target=""_blank"">Supreme Court seeks sops to tackle digital arrests and refunds</a>&nbsp;&nbsp;<font color=""#6f6f6f"">NewsBytes</font>",1,Digital Arrest,,News Report,English,High,Supreme Court,Unknown,https://news.google.com/rss/articles/CBMiqwFBVV95cUxOTkdLQlozVloxMzAyVXVwMGRBd0FlQXJNaTdBbzc0V1NqcW5ETzJWcklmaWhHRlRpbGp0eDR6bHVRbWN4RUhMdDJmZEhqZm52bXE1b01wdFB4TWQ4enVtVll5YnU3SFdmZkRDdTRpS0NmWHcwc1VmZnRDQ29KQkdMYks5dkZJNDFWQi0yRmpRTVhFRndMbVhtekJRRkVxWVRpeVVhYnZLbmNHQlk?oc=5,Google News RSS,"Tue, 04 Aug 2026 07:00:00 GMT",2026-08-14T08:53:51.609192,India,0,1
129,,"<a href=""https://news.google.com/rss/articles/CBMiigFBVV95cUxQTE9XSktDTnREdUVzaEQyMDBCQ3hZYnFYNUFGemI1NzZKbm9TQ0hsdXROLWh5RUpLMFd2c2NhdTBMb0doZkFTVDRRejlPQmh6T3VXd1Q1bUtHVEtTcTJ5dUNBenlJOTRxTW95RXVuSXczR2EzNFc2M1ZqQU9KOUc2VGx1MXNmZVRjWkE?oc=5"" target=""_blank"">Professor Lost Nearly $500,000 in a Chilling 'Digital Arrest' Scam: 'They Were F***ing Brilliant'</a>&nbsp;&nbsp;<font color=""#6f6f6f"">ibtimes.co.uk</font>",1,Digital Arrest,,News Report,English,High,,Unknown,https://news.google.com/rss/articles/CBMiigFBVV95cUxQTE9XSktDTnREdUVzaEQyMDBCQ3hZYnFYNUFGemI1NzZKbm9TQ0hsdXROLWh5RUpLMFd2c2NhdTBMb0doZkFTVDRRejlPQmh6T3VXd1Q1bUtHVEtTcTJ5dUNBenlJOTRxTW95RXVuSXczR2EzNFc2M1ZqQU9KOUc2VGx1MXNmZVRjWkE?oc=5,Google News RSS,"Fri, 31 Jul 2026 07:00:00 GMT",2026-08-14T08:53:53.428576,India,0,1
130,,"<a href=""https://news.google.com/rss/articles/CBMi2AFBVV95cUxPam5nM0EwWTR0VnBMX0ZiRG1sX1VvQkI3bzgtMzhpWl9fZWhrMVBJOG9rZGZNMFUydzloS2VvbEpNLUJ1QmxPTG5vX29mUm4wWldldHIza0ROWFBsTHlockQxOERiYkhCUHMwazZ6V1ZjYTlnSzFULWloZUxNWmxJMXBuWXF0Wjl3S01RaW1yU19LZV9GTHlVMkVDSmR5SW10ZnVNdUNFenJfX1NKcjdmZ3Z3R25EdlM3M05CVnNHOHRlTnlqNWI1d3h1aV82b0w3N0VxYmVUTFPSAd4BQVVfeXFMTjJTNjBXejhZRjd1c2pncTk0QzBGNEJYWURCQkRidTVwRlp4ZDRLZjBSNWVMZDFyak1aUjE4UENXYk1lV1lQSnh6NV9iSEJzWVVDVEZ0N0NmQzM5T0FBaEJNclB4RmUtM0lTLWQxTWxkN0VaczBISXBVVm9XeFVKR3JMVnV0NndCemR6ZU01SDhsMF9RWUxOT3B5ZzI3RDB3bnhpMWxGclhZNEJrOGVVNldLWFo1V1ZZcmRocFlBaW5NWjlnemdfamhUTG5vZWh3ZXRLdnZ2WkQ2MVQwbl9R?oc=5"" target=""_blank"">Supreme Court: No bail in digital arrest cases barring exceptional grounds</a>&nbsp;&nbsp;<font color=""#6f6f6f"">The Times of India</font>",1,Digital Arrest,,News Report,English,High,Supreme Court,Unknown,https://news.google.com/rss/articles/CBMi2AFBVV95cUxPam5nM0EwWTR0VnBMX0ZiRG1sX1VvQkI3bzgtMzhpWl9fZWhrMVBJOG9rZGZNMFUydzloS2VvbEpNLUJ1QmxPTG5vX29mUm4wWldldHIza0ROWFBsTHlockQxOERiYkhCUHMwazZ6V1ZjYTlnSzFULWloZUxNWmxJMXBuWXF0Wjl3S01RaW1yU19LZV9GTHlVMkVDSmR5SW10ZnVNdUNFenJfX1NKcjdmZ3Z3R25EdlM3M05CVnNHOHRlTnlqNWI1d3h1aV82b0w3N0VxYmVUTFPSAd4BQVVfeXFMTjJTNjBXejhZRjd1c2pncTk0QzBGNEJYWURCQkRidTVwRlp4ZDRLZjBSNWVMZDFyak1aUjE4UENXYk1lV1lQSnh6NV9iSEJzWVVDVEZ0N0NmQzM5T0FBaEJNclB4RmUtM0lTLWQxTWxkN0VaczBISXBVVm9XeFVKR3JMVnV0NndCemR6ZU01SDhsMF9RWUxOT3B5ZzI3RDB3bnhpMWxGclhZNEJrOGVVNldLWFo1V1ZZcmRocFlBaW5NWjlnemdfamhUTG5vZWh3ZXRLdnZ2WkQ2MVQwbl9R?oc=5,Google News RSS,"Tue, 28 Jul 2026 07:00:00 GMT",2026-08-14T08:53:57.082544,India,0,1
131,,"<a href=""https://news.google.com/rss/articles/CBMiuAFBVV95cUxNMS0wZG9Jd2M1Q01KZFhYdHRZTy1hcFhjVTc2cWtzd2ZUS1RBNjl0TVVaSnp4YjhXZ1lQb3liU1RtYnB3QWFseXZuUXVDTFFVMzYtSzdEeXJmNkpPdUJmalRWdDgxakVHQ05VZ3VIaTNfcXFGM09aUmluUzl6QlZ1Yy1PbDlHUTlkUkw0QW9Hc0lPNXd1LXkzWnhVSGhDT3JZaGVzdThEYVpRV3VyNkdFQnpmdXRkQTZY0gG-AUFVX3lxTFBuUFZ5Y3NJY0VJd3BQeTZ6SEdnTy1JT1I4eGd4amt6cXpMRWZDNy1jY3hFRTJsYlJIYXUtT0xmVWdaVXliaDdZV2pua09lNWhTV3RpdFZEWUd0UDNtU1Q1MVFYc1VPdzU5aklSdDVrVlo3dnBmcE83XzNtdFhJSnFjeFh4RkNFcWZjMVllTVVVMXFETVJjZ0UzNjhvWkpFbUlHcEx4c1NvTm8zclRjNm1DSnpsX0FXWWZaQlFYc1E?oc=5"" target=""_blank"">Supreme Court Moots Penal Definition For Digital Arrests As Standalone Offence</a>&nbsp;&nbsp;<font color=""#6f6f6f"">LawBeat</font>",1,Digital Arrest,,News Report,English,High,Supreme Court,Unknown,https://news.google.com/rss/articles/CBMiuAFBVV95cUxNMS0wZG9Jd2M1Q01KZFhYdHRZTy1hcFhjVTc2cWtzd2ZUS1RBNjl0TVVaSnp4YjhXZ1lQb3liU1RtYnB3QWFseXZuUXVDTFFVMzYtSzdEeXJmNkpPdUJmalRWdDgxakVHQ05VZ3VIaTNfcXFGM09aUmluUzl6QlZ1Yy1PbDlHUTlkUkw0QW9Hc0lPNXd1LXkzWnhVSGhDT3JZaGVzdThEYVpRV3VyNkdFQnpmdXRkQTZY0gG-AUFVX3lxTFBuUFZ5Y3NJY0VJd3BQeTZ6SEdnTy1JT1I4eGd4amt6cXpMRWZDNy1jY3hFRTJsYlJIYXUtT0xmVWdaVXliaDdZV2pua09lNWhTV3RpdFZEWUd0UDNtU1Q1MVFYc1VPdzU5aklSdDVrVlo3dnBmcE83XzNtdFhJSnFjeFh4RkNFcWZjMVllTVVVMXFETVJjZ0UzNjhvWkpFbUlHcEx4c1NvTm8zclRjNm1DSnpsX0FXWWZaQlFYc1E?oc=5,Google News RSS,"Tue, 28 Jul 2026 07:00:00 GMT",2026-08-14T08:53:59.302929,India,0,1
132,,"<a href=""https://news.google.com/rss/articles/CBMiyAFBVV95cUxPSHg3OTJDTG11TEVuT3R5X1lzVFlfYTllZGs1MFVXWEZRc1dTZDlCTlpDWTNoa3g0UUI2U2dWUkQxQTNtckhfXzdVQUNqODNCZnJPZG82VHVuVEVfdjY3TnFtNkM3YzkxbE53UEUxVHJIVHNhenBKR2xJdmUtYXQtOXRuaTMwYVRWcmN4c0c3RUtCellSVWExRklmcVRucTBWUnB0dkQ5cG9qUkw0Zzk0X09BQmNiV0VXS25xREVFX3l5TXl0STE2VdIBzwFBVV95cUxOczVVTURMYnNoQWh5RDVfSzFaVnl5Tzl1MHdvVjZ0cFVkQzBfUnl3bktTbzVuTDdYVkgzVjQ3NkNGNHVpdTZGZGNrLU1tM09YWjUtNmJJSzNRd1hUclp0dG13SkZPZW82ZmlXTE5EUndlTEdCYXhRMUZ0NXlNb3hrckRzbGZMNVJreHJTeFAycFJlbXQ0a2lDQTY3SkRNcVdBeV9BS3pNMWoxRjhvTjlFRzhvRVJzODJaSEFBbW9QVVp5QzdIR0p1TU1DcExmU2M?oc=5"" target=""_blank"">Does digital arrest need to be made a ‘standalone offence’: Supreme Court</a>&nbsp;&nbsp;<font color=""#6f6f6f"">The Hindu</font>",1,Digital Arrest,,News Report,English,High,Supreme Court,Unknown,https://news.google.com/rss/articles/CBMiyAFBVV95cUxPSHg3OTJDTG11TEVuT3R5X1lzVFlfYTllZGs1MFVXWEZRc1dTZDlCTlpDWTNoa3g0UUI2U2dWUkQxQTNtckhfXzdVQUNqODNCZnJPZG82VHVuVEVfdjY3TnFtNkM3YzkxbE53UEUxVHJIVHNhenBKR2xJdmUtYXQtOXRuaTMwYVRWcmN4c0c3RUtCellSVWExRklmcVRucTBWUnB0dkQ5cG9qUkw0Zzk0X09BQmNiV0VXS25xREVFX3l5TXl0STE2VdIBzwFBVV95cUxOczVVTURMYnNoQWh5RDVfSzFaVnl5Tzl1MHdvVjZ0cFVkQzBfUnl3bktTbzVuTDdYVkgzVjQ3NkNGNHVpdTZGZGNrLU1tM09YWjUtNmJJSzNRd1hUclp0dG13SkZPZW82ZmlXTE5EUndlTEdCYXhRMUZ0NXlNb3hrckRzbGZMNVJreHJTeFAycFJlbXQ0a2lDQTY3SkRNcVdBeV9BS3pNMWoxRjhvTjlFRzhvRVJzODJaSEFBbW9QVVp5QzdIR0p1TU1DcExmU2M?oc=5,Google News RSS,"Tue, 28 Jul 2026 07:00:00 GMT",2026-08-14T08:54:01.467286,India,0,1
133,,"<a href=""https://news.google.com/rss/articles/CBMi0gFBVV95cUxOWDkxY2lyc01GNV9vRGU3UExfdkZ2ZW9aczhNN0N5aUZBb2w3WHpBQWZjME02aFZPWlBXUndNTXdwT2lfUFFac1RvVnpWSXBnNkY2d2xpQ2RPQk9wVjIwSGdSSmJFR2hBcEpCSW43TElmUGIydF9VTUxuUWtCcnBRaFpVbUNGcGMyWU01WVRPQ0ZoaU1IZ1NUcmJRX21DNmxIMU9zN3kwVmxLTjZmRi1selBfV3dGelRXcmx3UUUwTHNRM0wtb2xoS1k1a00zek9EX0HSAd8BQVVfeXFMTVJIUkNXZFUtLWxfY3R0ekE3VGFzZUUtYlkxSnQ1bjNKX1NfV2JveDFLRnBLU3NaZG1OTUZTckxPdUIzeXMtTlhBUDhTMXEtSXhpWDlJdDdMS1BsbDByR0lXRHd4Q2ZUQ3V1U1g4WWo0VFpmS1ZrWkJ3QTJfdVFDS1ZZNmNNUGxnUkN0ZE9EOUZXT0dvQ0RJWFNkM0gzcm1pYTRpejM1QnB6VEJuY09HcERva204WnhMVTZzdWhzUUJ6aHRHcXFqZFUzVVhTQm5WbDFjLXdGQldfb2N4UFotNA?oc=5"" target=""_blank"">SC flags rise of digital arrest frauds, asks Centre to codify it as standalone crime</a>&nbsp;&nbsp;<font color=""#6f6f6f"">The New Indian Express</font>",1,Digital Arrest,,News Report,English,High,,Unknown,https://news.google.com/rss/articles/CBMi0gFBVV95cUxOWDkxY2lyc01GNV9vRGU3UExfdkZ2ZW9aczhNN0N5aUZBb2w3WHpBQWZjME02aFZPWlBXUndNTXdwT2lfUFFac1RvVnpWSXBnNkY2d2xpQ2RPQk9wVjIwSGdSSmJFR2hBcEpCSW43TElmUGIydF9VTUxuUWtCcnBRaFpVbUNGcGMyWU01WVRPQ0ZoaU1IZ1NUcmJRX21DNmxIMU9zN3kwVmxLTjZmRi1selBfV3dGelRXcmx3UUUwTHNRM0wtb2xoS1k1a00zek9EX0HSAd8BQVVfeXFMTVJIUkNXZFUtLWxfY3R0ekE3VGFzZUUtYlkxSnQ1bjNKX1NfV2JveDFLRnBLU3NaZG1OTUZTckxPdUIzeXMtTlhBUDhTMXEtSXhpWDlJdDdMS1BsbDByR0lXRHd4Q2ZUQ3V1U1g4WWo0VFpmS1ZrWkJ3QTJfdVFDS1ZZNmNNUGxnUkN0ZE9EOUZXT0dvQ0RJWFNkM0gzcm1pYTRpejM1QnB6VEJuY09HcERva204WnhMVTZzdWhzUUJ6aHRHcXFqZFUzVVhTQm5WbDFjLXdGQldfb2N4UFotNA?oc=5,Google News RSS,"Tue, 28 Jul 2026 07:00:00 GMT",2026-08-14T08:54:03.363750,India,0,1
134,,"<a href=""https://news.google.com/rss/articles/CBMi5wFBVV95cUxNeTdMVHhYbmhzNlE0Zlh0NW9fMnNFc09WMTg0eUZLWlRQVjhwUHNabVFPcEstN3dpcjMyVHg4dld3ZXBxcXEybWsxT0ZSZFp5RlhVT1RQQ2FwWEJLeXdMWnB2THVEY0J3ZkN4NS1LOTBocEYzS2N1WjQ4TkVHUG82TXN1bXZaQ0ctUWo4dG1XOXZETGNsSWQzMnBxQ3hFaDVOc0d3TVpORkplcks0YnZ0UVpJNkRBdEU2QzVHbjRnc0FxbjVETmZEd2JDeVYwTGxXcDcwdUVQVWJUZEY3dkROdnVOb3NQTDjSAewBQVVfeXFMTU1mWS1YNzB4VzJUS21YN1k3c2otOFFDUEhzSHB6REJ4b1dGY2JqWE56bm4tdGRta1VWSVNWS2ZaR3E1amdtZ0llR0YyanRJcEJnLU9YTlByZEVaRHdTamVCVTItV0dWV3VPTXBKMGwzVzZGTzVSc2xZbVNXVmdkdWtVVGpFa2VaejJhQWhmOS14OGNqdi1VT0VUZ3cxdE1jLWtoRWhFeTBPdW5QX1ZyajNBNjhDaFBMcGtxeDFmelNmMDRnc2FWczBseU5SUm9nWHg0eGhjRzNpRjBiUFBKSG9yeW1nVUxNRVVnOGQ?oc=5"" target=""_blank"">Digital arrests: As India explores a dedicated law for this cyber con, a look at how bad the problem really is | Hindustan Times</a>&nbsp;&nbsp;<font color=""#6f6f6f"">Hindustan Times</font>",1,Digital Arrest,,News Report,English,High,,Unknown,https://news.google.com/rss/articles/CBMi5wFBVV95cUxNeTdMVHhYbmhzNlE0Zlh0NW9fMnNFc09WMTg0eUZLWlRQVjhwUHNabVFPcEstN3dpcjMyVHg4dld3ZXBxcXEybWsxT0ZSZFp5RlhVT1RQQ2FwWEJLeXdMWnB2THVEY0J3ZkN4NS1LOTBocEYzS2N1WjQ4TkVHUG82TXN1bXZaQ0ctUWo4dG1XOXZETGNsSWQzMnBxQ3hFaDVOc0d3TVpORkplcks0YnZ0UVpJNkRBdEU2QzVHbjRnc0FxbjVETmZEd2JDeVYwTGxXcDcwdUVQVWJUZEY3dkROdnVOb3NQTDjSAewBQVVfeXFMTU1mWS1YNzB4VzJUS21YN1k3c2otOFFDUEhzSHB6REJ4b1dGY2JqWE56bm4tdGRta1VWSVNWS2ZaR3E1amdtZ0llR0YyanRJcEJnLU9YTlByZEVaRHdTamVCVTItV0dWV3VPTXBKMGwzVzZGTzVSc2xZbVNXVmdkdWtVVGpFa2VaejJhQWhmOS14OGNqdi1VT0VUZ3cxdE1jLWtoRWhFeTBPdW5QX1ZyajNBNjhDaFBMcGtxeDFmelNmMDRnc2FWczBseU5SUm9nWHg0eGhjRzNpRjBiUFBKSG9yeW1nVUxNRVVnOGQ?oc=5,Google News RSS,"Wed, 29 Jul 2026 07:00:00 GMT",2026-08-14T08:54:05.236205,India,0,1
135,,"<a href=""https://news.google.com/rss/articles/CBMiiwFBVV95cUxPODVPN0dieFhMRERxWnlqVEhrN2lHZVpKYXo3aDF6cmpvamY2RmtlcDdpcHQ2UGNHVVlMell1RG55bUtZRklIWGpLTGE3ZEpjaGtZb1hzVGNLLW85SXp5eUZjMHJMdy1MUTFVcGlBVV9IZ2VpdG9Pb0JDWGZmbzVwcWlnT19VekRGOVlR0gGQAUFVX3lxTE90UVl2aHNybDg0YjQxbTFVc3dzSjBWUFZHVGNQOXBtRDZwT0JrZ09oclpLVjVvMVNhM3UxOUo5V0l6RGw2TE9tRV9yUjVsRWhWYzFMZkoyeVBBS016RzIwRzdRMG1rZVlkbVFXVjJZZnQzRlI1VHF4S1VXLTJKNWxyTW84MTBSLU5MMjRneFhXdg?oc=5"" target=""_blank"">Worst Kind of Crimes: SC Says No Bail in Digital Arrest Cases Unless There Are Extraordinary Grounds</a>&nbsp;&nbsp;<font color=""#6f6f6f"">TheWire.in</font>",1,Digital Arrest,,News Report,English,High,,Unknown,https://news.google.com/rss/articles/CBMiiwFBVV95cUxPODVPN0dieFhMRERxWnlqVEhrN2lHZVpKYXo3aDF6cmpvamY2RmtlcDdpcHQ2UGNHVVlMell1RG55bUtZRklIWGpLTGE3ZEpjaGtZb1hzVGNLLW85SXp5eUZjMHJMdy1MUTFVcGlBVV9IZ2VpdG9Pb0JDWGZmbzVwcWlnT19VekRGOVlR0gGQAUFVX3lxTE90UVl2aHNybDg0YjQxbTFVc3dzSjBWUFZHVGNQOXBtRDZwT0JrZ09oclpLVjVvMVNhM3UxOUo5V0l6RGw2TE9tRV9yUjVsRWhWYzFMZkoyeVBBS016RzIwRzdRMG1rZVlkbVFXVjJZZnQzRlI1VHF4S1VXLTJKNWxyTW84MTBSLU5MMjRneFhXdg?oc=5,Google News RSS,"Tue, 28 Jul 2026 07:00:00 GMT",2026-08-14T08:54:07.095853,India,0,1
136,,"<a href=""https://news.google.com/rss/articles/CBMi7gFBVV95cUxNY3dWSUE0MWJfOHNWX2U1cFFCbkhvRHAwQWVWZ3RVZ2E0TlYxR0dJcTVIaVV5cTFCUG1KMkdFSk5oYXlZc3N1aWNpdkhHT1F2VGxFLWVUNVVoVmtqWDdwQVlLdG1sdEh3VnphRk5pVXlLWGZZUElkdWFiZjBLdmY1ejc1b0JwdEg2RlBpdTBoQXozSXFrR0FpVVdXRTZId2l6elZ3OWxqZ2RoWlVUSjF6WWtRSlVyMnVBUkxSMjFnUmtTWkN6SkRUYTZtX21CSlFjWFRIX0o5ekM2RXVKaEJYQnM4TTlVT0NNdUswMEl30gHzAUFVX3lxTE9zM1JhRVRzQzNSS2lMRndxdnpyaUhEV2t5YTlhVGhubHFJZ0oyZ3QtOWFQM29vV3ZBdDgyM2V3YUlBMk1TT1Jpb0ZaYXFNN1hHUzkydlJnYVU4MzlPMkdsQ0NHYXUwUDZ1UkZSb0JHNW52ZGl1V3FscEswbjFIMHNqUlpjMERYd2NXOUtXbXBzc3pwclV3NnZ2dFQ0LWJUNjBxcUJkQmpkUS1Xclg1TG9zRk9rdENUbkhjV3JQQ205OTBHa1AwbUVpRFdod2hqSktqekJ1a25MRHhrWElQSGtfOGJ4TlhNdHNienlYbFRONWdkbw?oc=5"" target=""_blank"">Supreme Court: Digital arrest scams are 'worst kind of crime'; no bail unless extraordinary grounds exist</a>&nbsp;&nbsp;<font color=""#6f6f6f"">livemint.com</font>",1,Digital Arrest,,News Report,English,High,Supreme Court,Unknown,https://news.google.com/rss/articles/CBMi7gFBVV95cUxNY3dWSUE0MWJfOHNWX2U1cFFCbkhvRHAwQWVWZ3RVZ2E0TlYxR0dJcTVIaVV5cTFCUG1KMkdFSk5oYXlZc3N1aWNpdkhHT1F2VGxFLWVUNVVoVmtqWDdwQVlLdG1sdEh3VnphRk5pVXlLWGZZUElkdWFiZjBLdmY1ejc1b0JwdEg2RlBpdTBoQXozSXFrR0FpVVdXRTZId2l6elZ3OWxqZ2RoWlVUSjF6WWtRSlVyMnVBUkxSMjFnUmtTWkN6SkRUYTZtX21CSlFjWFRIX0o5ekM2RXVKaEJYQnM4TTlVT0NNdUswMEl30gHzAUFVX3lxTE9zM1JhRVRzQzNSS2lMRndxdnpyaUhEV2t5YTlhVGhubHFJZ0oyZ3QtOWFQM29vV3ZBdDgyM2V3YUlBMk1TT1Jpb0ZaYXFNN1hHUzkydlJnYVU4MzlPMkdsQ0NHYXUwUDZ1UkZSb0JHNW52ZGl1V3FscEswbjFIMHNqUlpjMERYd2NXOUtXbXBzc3pwclV3NnZ2dFQ0LWJUNjBxcUJkQmpkUS1Xclg1TG9zRk9rdENUbkhjV3JQQ205OTBHa1AwbUVpRFdod2hqSktqekJ1a25MRHhrWElQSGtfOGJ4TlhNdHNienlYbFRONWdkbw?oc=5,Google News RSS,"Tue, 28 Jul 2026 07:00:00 GMT",2026-08-14T08:54:08.988909,India,0,1
137,,"<a href=""https://news.google.com/rss/articles/CBMixgFBVV95cUxPT0UtUWhyTjVJdHpUVXRSMEhYOXczcnAxeWRkQzVwcGNYSGFsbXhvX1NVMlBpc2hiZkdtWGlINVNrcnZZZFM4R0xrMklWTFFMU1JHZkpqYS1LZ0pCVHBVaFFBVnhrSDhVVk9GYXloRFVsRERadlFBVVRwRy1mVGJneGJIVGh3ODZrYUk1UnlOMHR1YWlxS2RERkMyN3M2UXJVN29fNlhYUlo5YVhCbFVzOW1QVW14dm9RbW9ObUZJYndtS2tVc2c?oc=5"" target=""_blank"">Supreme Court calls for separate offence on digital arrests, harsher punishment against accused</a>&nbsp;&nbsp;<font color=""#6f6f6f"">Bar and Bench</font>",1,Digital Arrest,,News Report,English,High,Supreme Court,Unknown,https://news.google.com/rss/articles/CBMixgFBVV95cUxPT0UtUWhyTjVJdHpUVXRSMEhYOXczcnAxeWRkQzVwcGNYSGFsbXhvX1NVMlBpc2hiZkdtWGlINVNrcnZZZFM4R0xrMklWTFFMU1JHZkpqYS1LZ0pCVHBVaFFBVnhrSDhVVk9GYXloRFVsRERadlFBVVRwRy1mVGJneGJIVGh3ODZrYUk1UnlOMHR1YWlxS2RERkMyN3M2UXJVN29fNlhYUlo5YVhCbFVzOW1QVW14dm9RbW9ObUZJYndtS2tVc2c?oc=5,Google News RSS,"Tue, 28 Jul 2026 07:00:00 GMT",2026-08-14T08:54:10.835010,India,0,1
138,,"<a href=""https://news.google.com/rss/articles/CBMi_wFBVV95cUxQUkJTOWV6MXlINGJYb3hQWEtvbzIyV2pPaF9pSlA4LWo4M3FhSDF3dGw5NHRPbWlWdTNXWWNyTlRMNFpodmlWRzdUb3RmaWhLMkpmSm9ORzh3bloyc1RtWHJadUxSWjlSTG41MUx6T0gxdkI1T1RfeF9ydEtjR2x6NGpFRlJYWXZVbC1iVnZ0TUdWbm5JNGJlNG1iNXUtMEV3azRFMHJRZFItc0dXelVLOXJtdXdVeDhwYTJaNC1MU3JIdUt6eHotTWpmbXhDVUJiNWJfMXdFTmtQMGE5MVVPR2RvQktIRk1KSUVMM0pEY182RlpwWklQNmt3OUdXaG8?oc=5"" target=""_blank"">Gujarat: Sabarkantha Cyber Crime Police save elderly couple from 'digital arrest' fraud, save their gold, money</a>&nbsp;&nbsp;<font color=""#6f6f6f"">ANI News</font>",1,Digital Arrest,,News Report,English,High,Police,Unknown,https://news.google.com/rss/articles/CBMi_wFBVV95cUxQUkJTOWV6MXlINGJYb3hQWEtvbzIyV2pPaF9pSlA4LWo4M3FhSDF3dGw5NHRPbWlWdTNXWWNyTlRMNFpodmlWRzdUb3RmaWhLMkpmSm9ORzh3bloyc1RtWHJadUxSWjlSTG41MUx6T0gxdkI1T1RfeF9ydEtjR2x6NGpFRlJYWXZVbC1iVnZ0TUdWbm5JNGJlNG1iNXUtMEV3azRFMHJRZFItc0dXelVLOXJtdXdVeDhwYTJaNC1MU3JIdUt6eHotTWpmbXhDVUJiNWJfMXdFTmtQMGE5MVVPR2RvQktIRk1KSUVMM0pEY182RlpwWklQNmt3OUdXaG8?oc=5,Google News RSS,"Fri, 24 Jul 2026 07:00:00 GMT",2026-08-14T08:54:12.721613,India,0,1
139,,"<a href=""https://news.google.com/rss/articles/CBMixgFBVV95cUxOcmVMVVJrRmY5UWtpU1ZvUU85dXBZTXJLeC0wYnpWTU14NFpWLU1MZDgtYVJEUGtzUjM4RUM0OTdlVDZheFFwLVJEbmRtS2RXWGpEM2c4V0JqRFhJTU1iN1RhZ2dRZ0lUblFpVmFYdjZZc016eElobVRGRlNfbjlsdzFpMkxmUmgxX1VDUEdHenpIdXJDUldhWkhGRWhaUzJ5RzVQSy1ZZ1dpM0VFMHpfcktsS0V3OV9zTFpMcjQ4NVZxanJmMGfSAcwBQVVfeXFMTVRReGNaalR6LXV6bXZNakcyYUpzUlBLOVllZ1Z6MDVaVlJTWUVOSHl5MGx3ZFNCbUVoaEtfUHRYZ3JnU1lJeGh5U3ZueURXbWtwNmdadFp4R25sRmtWS1NrWExUYXlGdHdaak1fR1VtTTRhTGo0ejZ3bFU1Tmo2MnRFaW1keloxbXh0bWZnQ1MyZmY4UVViVjhyUXk2ZjBvWllYXzB5ZUVldHdwZ24zdW94RHBfaWJjdUJyZmJYRGFYTHIxZzQ4MVdiazN6?oc=5"" target=""_blank"">Digital arrest scam: ‘Lock your house or accused will kill you’: Retiree loses Rs 50.5 lakh</a>&nbsp;&nbsp;<font color=""#6f6f6f"">The Indian Express</font>",1,Digital Arrest,,News Report,English,Critical,,Unknown,https://news.google.com/rss/articles/CBMixgFBVV95cUxOcmVMVVJrRmY5UWtpU1ZvUU85dXBZTXJLeC0wYnpWTU14NFpWLU1MZDgtYVJEUGtzUjM4RUM0OTdlVDZheFFwLVJEbmRtS2RXWGpEM2c4V0JqRFhJTU1iN1RhZ2dRZ0lUblFpVmFYdjZZc016eElobVRGRlNfbjlsdzFpMkxmUmgxX1VDUEdHenpIdXJDUldhWkhGRWhaUzJ5RzVQSy1ZZ1dpM0VFMHpfcktsS0V3OV9zTFpMcjQ4NVZxanJmMGfSAcwBQVVfeXFMTVRReGNaalR6LXV6bXZNakcyYUpzUlBLOVllZ1Z6MDVaVlJTWUVOSHl5MGx3ZFNCbUVoaEtfUHRYZ3JnU1lJeGh5U3ZueURXbWtwNmdadFp4R25sRmtWS1NrWExUYXlGdHdaak1fR1VtTTRhTGo0ejZ3bFU1Tmo2MnRFaW1keloxbXh0bWZnQ1MyZmY4UVViVjhyUXk2ZjBvWllYXzB5ZUVldHdwZ24zdW94RHBfaWJjdUJyZmJYRGFYTHIxZzQ4MVdiazN6?oc=5,Google News RSS,"Tue, 28 Jul 2026 07:00:00 GMT",2026-08-14T08:54:14.558858,India,0,1
140,,"<a href=""https://news.google.com/rss/articles/CBMixgFBVV95cUxNcG1iNHh4T0dhbWQwZUliWE14WDBRT3N3R2Nhem1vRGdJWGJkcERKYmF3ZkdsVTRXSXluNkNjaDAtN3dQWnlENDByRXRCREszSTRiRlBTcVM3Wm8zQzNyR0NPZ2lrODRnbVNLRGhuWXFVWHFZUGJMWGZITW4zb0N5ZFB5bkhMQlBrTzVsVmJkTFBUdTlpcVFieHBQazUyQW1vQ1ozbjhqNGt3ZnQ1bk95RjZURF9sXzl1dlZMd2dZUWRsM0VscUE?oc=5"" target=""_blank"">Bank of Baroda data breach: Beware of 'Digital Arrest' scam; here's how to safeguard your account</a>&nbsp;&nbsp;<font color=""#6f6f6f"">Deccan Herald</font>",1,Digital Arrest,,News Report,English,High,,Unknown,https://news.google.com/rss/articles/CBMixgFBVV95cUxNcG1iNHh4T0dhbWQwZUliWE14WDBRT3N3R2Nhem1vRGdJWGJkcERKYmF3ZkdsVTRXSXluNkNjaDAtN3dQWnlENDByRXRCREszSTRiRlBTcVM3Wm8zQzNyR0NPZ2lrODRnbVNLRGhuWXFVWHFZUGJMWGZITW4zb0N5ZFB5bkhMQlBrTzVsVmJkTFBUdTlpcVFieHBQazUyQW1vQ1ozbjhqNGt3ZnQ1bk95RjZURF9sXzl1dlZMd2dZUWRsM0VscUE?oc=5,Google News RSS,"Tue, 28 Jul 2026 07:00:00 GMT",2026-08-14T08:54:16.454608,India,0,1
141,,"<a href=""https://news.google.com/rss/articles/CBMi3gFBVV95cUxNYzAzYldvbWdkajVHcXJja3BGaXBKa0c5a1ZUVGs2NmtoTU5pRFRlN1U5VV8td0cweGh1ZGlNVVk4LWpfQlluMmFvMzdlMDdwQm9HWjl1Z0pnTmlNY2NJOE5oNmNpM1dvQlh5Sl83OGhVRVRnc3dwYlZmUTFXNGlIa0NUamhsMjJxUXFOVDkxWm1ybXMzSjN4ZUI4NlFDSllza0ZZbURmdlpScWk5ODJYX1doYVZKQUtSclFWOC0zTEtLZlJNX0JPX1AxNEFiNllvMDhlcnd4cHZoTkVGZEHSAeMBQVVfeXFMTnM0RTJSQzFlTHNxNGFwWi1ZNzFIb0pnYkRxblVaRmNOMkdlQnJYaXN1X21jbGgySlNTejV5dk1SS0lhMEVKTTJCczlCbjN0ekNKZWVqLTJkUjhxb0tPb0lQNENWR0ZEYlEtV0tIRVMxei03djc2MmFIQjRZdWs2SERvT0w0cmdGT2hXVHI5MWdQYkQxMElyZ3MyNTRNa1owMnQtYTBwclh0NmZBenh4NWx5SFJzWS1NNWdCcVlxWVNsY1Zic2FqaW9Kd1JnM0JveU5ya2pKUGpSUmdUbWZPcEZ4c0U?oc=5"" target=""_blank"">'Need To Define Digital Arrest As Offence': SC Favours Legislative Intervention Against Deepfakes</a>&nbsp;&nbsp;<font color=""#6f6f6f"">ETV Bharat</font>",1,Digital Arrest,,News Report,English,High,,Unknown,https://news.google.com/rss/articles/CBMi3gFBVV95cUxNYzAzYldvbWdkajVHcXJja3BGaXBKa0c5a1ZUVGs2NmtoTU5pRFRlN1U5VV8td0cweGh1ZGlNVVk4LWpfQlluMmFvMzdlMDdwQm9HWjl1Z0pnTmlNY2NJOE5oNmNpM1dvQlh5Sl83OGhVRVRnc3dwYlZmUTFXNGlIa0NUamhsMjJxUXFOVDkxWm1ybXMzSjN4ZUI4NlFDSllza0ZZbURmdlpScWk5ODJYX1doYVZKQUtSclFWOC0zTEtLZlJNX0JPX1AxNEFiNllvMDhlcnd4cHZoTkVGZEHSAeMBQVVfeXFMTnM0RTJSQzFlTHNxNGFwWi1ZNzFIb0pnYkRxblVaRmNOMkdlQnJYaXN1X21jbGgySlNTejV5dk1SS0lhMEVKTTJCczlCbjN0ekNKZWVqLTJkUjhxb0tPb0lQNENWR0ZEYlEtV0tIRVMxei03djc2MmFIQjRZdWs2SERvT0w0cmdGT2hXVHI5MWdQYkQxMElyZ3MyNTRNa1owMnQtYTBwclh0NmZBenh4NWx5SFJzWS1NNWdCcVlxWVNsY1Zic2FqaW9Kd1JnM0JveU5ya2pKUGpSUmdUbWZPcEZ4c0U?oc=5,Google News RSS,"Tue, 28 Jul 2026 07:00:00 GMT",2026-08-14T08:54:19.294865,India,0,1
142,,"<a href=""https://news.google.com/rss/articles/CBMi0wFBVV95cUxNbzNSaVpuSFRqdEF1MGllRGpUX3BWZThSRlhRZnVUdFhMN2NiaC00S1JqOWZRNEdRYjV4R09xU1luTk1TVWNaMnRvS3JNUjNPbkpWSHpCb1JKeXoyOW1rSlpTMVgyQzFGSEFKOVh0N0N4NVptaE9rbEtsRTAtVWNnMHR0ZEVIZ2x6aWhxdjlmYlFPNGJENTc0U2MyQzFLcWJ3WlFJQndBVmliS0dkbkZNc05zU240SXhiSTJDdGkyWFhWd0ZsY21JOTdrU1pFLTM5SkVN0gHYAUFVX3lxTE9OYXZ4UmRydmM4VVROd3g2S1BNbV9URUJpaWdmUVZhYUNnVTBxNmU4d1hHQ2ZnaVZBWTZkNEViNnNxaThfSm9YRm1KczliYlJmZzl6bmJfR05UMWI4SWpqY1JCd1R5cEM4TFVxR25tUGJPUHo1eV9PT2NhdWxUU2dvdEtfZ09haTBfWVc2YnVOUzFQT3NON053aGtjejlMYU8wR3ZMT2l5eVp0dks4UElUR2lfZ19Da1B2enliWlNKQ1UyUkhRWXc3Vm1heHY2RmxUM0g2RGZTYQ?oc=5"" target=""_blank"">Keep WhatsApp out, add kill switch for long video calls—amicus tells SC on digital arrest suo motu case</a>&nbsp;&nbsp;<font color=""#6f6f6f"">ThePrint</font>",1,Digital Arrest,,News Report,English,High,,WhatsApp,https://news.google.com/rss/articles/CBMi0wFBVV95cUxNbzNSaVpuSFRqdEF1MGllRGpUX3BWZThSRlhRZnVUdFhMN2NiaC00S1JqOWZRNEdRYjV4R09xU1luTk1TVWNaMnRvS3JNUjNPbkpWSHpCb1JKeXoyOW1rSlpTMVgyQzFGSEFKOVh0N0N4NVptaE9rbEtsRTAtVWNnMHR0ZEVIZ2x6aWhxdjlmYlFPNGJENTc0U2MyQzFLcWJ3WlFJQndBVmliS0dkbkZNc05zU240SXhiSTJDdGkyWFhWd0ZsY21JOTdrU1pFLTM5SkVN0gHYAUFVX3lxTE9OYXZ4UmRydmM4VVROd3g2S1BNbV9URUJpaWdmUVZhYUNnVTBxNmU4d1hHQ2ZnaVZBWTZkNEViNnNxaThfSm9YRm1KczliYlJmZzl6bmJfR05UMWI4SWpqY1JCd1R5cEM4TFVxR25tUGJPUHo1eV9PT2NhdWxUU2dvdEtfZ09haTBfWVc2YnVOUzFQT3NON053aGtjejlMYU8wR3ZMT2l5eVp0dks4UElUR2lfZ19Da1B2enliWlNKQ1UyUkhRWXc3Vm1heHY2RmxUM0g2RGZTYQ?oc=5,Google News RSS,"Thu, 30 Jul 2026 07:00:00 GMT",2026-08-14T08:54:21.178237,India,0,1
143,,"<a href=""https://news.google.com/rss/articles/CBMirAFBVV95cUxPQloweEJoZEZ1b3d4dkNEN3dZRjUwbzNZYVI0dG04SzNlbFU0THltLTNBcnplSXowODRNdWJyQnd2U3ZVbmtNYXJXZzhVdmFkS2NrOTltbTZvWTVfT2RySndreXVHYzZBN19hY0J2aWNoREE0bEJkeVlkTjF0MDduS1MxQldaU0dUamNtWEtzbkt6VG5mN0NKRncySmQwVzZfbU9yb0pCNmF1bjRu?oc=5"" target=""_blank"">SC suggests defining digital arrest as standalone offence with harsher punishment</a>&nbsp;&nbsp;<font color=""#6f6f6f"">telanganatoday.com</font>",1,Digital Arrest,,News Report,English,High,,Unknown,https://news.google.com/rss/articles/CBMirAFBVV95cUxPQloweEJoZEZ1b3d4dkNEN3dZRjUwbzNZYVI0dG04SzNlbFU0THltLTNBcnplSXowODRNdWJyQnd2U3ZVbmtNYXJXZzhVdmFkS2NrOTltbTZvWTVfT2RySndreXVHYzZBN19hY0J2aWNoREE0bEJkeVlkTjF0MDduS1MxQldaU0dUamNtWEtzbkt6VG5mN0NKRncySmQwVzZfbU9yb0pCNmF1bjRu?oc=5,Google News RSS,"Tue, 28 Jul 2026 07:00:00 GMT",2026-08-14T08:54:23.049065,India,0,1
144,,"<a href=""https://news.google.com/rss/articles/CBMi7gFBVV95cUxONEFNVVAtQ3JVM0RXRmlLWV9jRE9rOTJUYnFSVkkyTjNvRHJJVGtHMHBlalI0RmFMSTlwekRtSllQVmlieklhU1NKcklmeUd1aEhIaGlaZi1KV1F4cnZXUF9QbFYyOHk1MXBnMWJuWWJYbFlZTG8yallXSFNoRnVmRzN1SnVuRC1wa3l0Ml9rUkFjZV85amI5eXlVYy1XbkdYZlhCS1B4MWV3d3lsR3loQjBwbTNZUndiRXdsaFlNTXU5TkozVk0wMjhnQjFIMk5JV25pVWFrVmZ2QVNodk9XVHNYcFZpbGh2SG1qX29B0gHzAUFVX3lxTE5DTkVNM043WjNjTm9WSVNvZHBsOHdOQVpnUWFmdVp6b19ZTzNYRTBFcGlHZVV0V2lHS0N0dzI2WTUwMW1aUzBqSEdLU3VxNzFKRmRKeDRId20xNld6OU1vQjVOOVZseHk2cWg4RnpCcGpNUkxJbjNQdFFWU3ZKU1JMNHdKZEpROWp3TU1NSjdzZ2szMlNqWDlxS2lWTlZOTmY2UFJWU1hJVzNKVTFMX1RaZEUyTnhzc0NsQVFqX0k5OEVXRVlaaUxQcVZMM1ZkZXZGZ2hzTUF4OEplNWJsLUJBUndXZVFid1J6TGFGQzJPQ29PWQ?oc=5"" target=""_blank"">Mumbai senior citizen kept under ‘digital arrest’ for 2 weeks, loses nearly Rs 8 crore</a>&nbsp;&nbsp;<font color=""#6f6f6f"">The Times of India</font>",1,Digital Arrest,,News Report,English,Critical,,Unknown,https://news.google.com/rss/articles/CBMi7gFBVV95cUxONEFNVVAtQ3JVM0RXRmlLWV9jRE9rOTJUYnFSVkkyTjNvRHJJVGtHMHBlalI0RmFMSTlwekRtSllQVmlieklhU1NKcklmeUd1aEhIaGlaZi1KV1F4cnZXUF9QbFYyOHk1MXBnMWJuWWJYbFlZTG8yallXSFNoRnVmRzN1SnVuRC1wa3l0Ml9rUkFjZV85amI5eXlVYy1XbkdYZlhCS1B4MWV3d3lsR3loQjBwbTNZUndiRXdsaFlNTXU5TkozVk0wMjhnQjFIMk5JV25pVWFrVmZ2QVNodk9XVHNYcFZpbGh2SG1qX29B0gHzAUFVX3lxTE5DTkVNM043WjNjTm9WSVNvZHBsOHdOQVpnUWFmdVp6b19ZTzNYRTBFcGlHZVV0V2lHS0N0dzI2WTUwMW1aUzBqSEdLU3VxNzFKRmRKeDRId20xNld6OU1vQjVOOVZseHk2cWg4RnpCcGpNUkxJbjNQdFFWU3ZKU1JMNHdKZEpROWp3TU1NSjdzZ2szMlNqWDlxS2lWTlZOTmY2UFJWU1hJVzNKVTFMX1RaZEUyTnhzc0NsQVFqX0k5OEVXRVlaaUxQcVZMM1ZkZXZGZ2hzTUF4OEplNWJsLUJBUndXZVFid1J6TGFGQzJPQ29PWQ?oc=5,Google News RSS,"Sat, 25 Jul 2026 07:00:00 GMT",2026-08-14T08:54:24.901866,India,0,1
145,,"<a href=""https://news.google.com/rss/articles/CBMi4AFBVV95cUxPclBJRm0wNVNTcGNsY1Q4VEltYXRBM3lvcmY2OGdYa05KMnJEWFpobmF3Q3RNazFrQmcxUlJyVlhaeUszOXgydmNXT1BrVzdKems1TzMxbFAzSjZnRTBpaWpJNkx3bVFVT1JTX0pNS0E1S3FKX0tubk1RWVg0S292TTRwNHp4Q1ZwMndBLVFRNFJQS0ZoOUpMMWpBSElsVW96eVl4TFE4SmtvN3JtVVhJZm8tZVFrdGFhMVQ1TE9aYno3Zi13Qlo0SjRrVXM1a3dFS1pwdW9FemNsT2xlSC1Hcw?oc=5"" target=""_blank"">Define 'digital arrest' as standalone crime with stringent punishment: Supreme Court tells Centre</a>&nbsp;&nbsp;<font color=""#6f6f6f"">Deccan Herald</font>",1,Digital Arrest,,News Report,English,High,Supreme Court,Unknown,https://news.google.com/rss/articles/CBMi4AFBVV95cUxPclBJRm0wNVNTcGNsY1Q4VEltYXRBM3lvcmY2OGdYa05KMnJEWFpobmF3Q3RNazFrQmcxUlJyVlhaeUszOXgydmNXT1BrVzdKems1TzMxbFAzSjZnRTBpaWpJNkx3bVFVT1JTX0pNS0E1S3FKX0tubk1RWVg0S292TTRwNHp4Q1ZwMndBLVFRNFJQS0ZoOUpMMWpBSElsVW96eVl4TFE4SmtvN3JtVVhJZm8tZVFrdGFhMVQ1TE9aYno3Zi13Qlo0SjRrVXM1a3dFS1pwdW9FemNsT2xlSC1Hcw?oc=5,Google News RSS,"Tue, 28 Jul 2026 07:00:00 GMT",2026-08-14T08:54:26.750989,India,0,1
146,,"<a href=""https://news.google.com/rss/articles/CBMiwAFBVV95cUxQS2xUeFBZTHRNcEZoOTd4b3RQZjcxYzB1U2hhaXQ1WVRBWVV1UGo3Tlc3WTRwMktXanNJcGZTREstOWNsem93dGdxMnJyR0FDeE5QdHJzT0Z3V2RrYVRiOGZKTFRyVmtDbUptM1Y5R2czRTFrbEw1d1dibzR1dkNYWFhUVi1tWHR1eUd6bHRMdHBEUVlyT2tyVzZ1WmxiVnY2XzlIMkVjQ2xKWW5vSmR2cUN6Q2o4bFRNNkFXbkFES1nSAcYBQVVfeXFMT1ZUc19GekNjcTU4Y1JQdi04RWxZbEg2dDlmVjVPU0g1aWQ4OGpKa1hiTlluTWJkSXNZYmo1QngxaXYwbUdNN0V0X2R1LV9VSk5QSnVjSlBTQmREd1NDQ3RubS00a0x4V0ZuLVBTbDY2bE1odUd5NlgxYUdGMFpPSDdHR1hXTGlWX2lMb0xGR0dlTmFsY2V3QXJOZUZJNHFLVzkwbnVLLXpFSm1CWWktLV9Vd2Q4cUZmN0ppc2tSeHE2bkxhc1lR?oc=5"" target=""_blank"">Two Arrested From Haryana In Digital Arrest Scam</a>&nbsp;&nbsp;<font color=""#6f6f6f"">The Times of India</font>",1,Digital Arrest,,News Report,English,High,,Unknown,https://news.google.com/rss/articles/CBMiwAFBVV95cUxQS2xUeFBZTHRNcEZoOTd4b3RQZjcxYzB1U2hhaXQ1WVRBWVV1UGo3Tlc3WTRwMktXanNJcGZTREstOWNsem93dGdxMnJyR0FDeE5QdHJzT0Z3V2RrYVRiOGZKTFRyVmtDbUptM1Y5R2czRTFrbEw1d1dibzR1dkNYWFhUVi1tWHR1eUd6bHRMdHBEUVlyT2tyVzZ1WmxiVnY2XzlIMkVjQ2xKWW5vSmR2cUN6Q2o4bFRNNkFXbkFES1nSAcYBQVVfeXFMT1ZUc19GekNjcTU4Y1JQdi04RWxZbEg2dDlmVjVPU0g1aWQ4OGpKa1hiTlluTWJkSXNZYmo1QngxaXYwbUdNN0V0X2R1LV9VSk5QSnVjSlBTQmREd1NDQ3RubS00a0x4V0ZuLVBTbDY2bE1odUd5NlgxYUdGMFpPSDdHR1hXTGlWX2lMb0xGR0dlTmFsY2V3QXJOZUZJNHFLVzkwbnVLLXpFSm1CWWktLV9Vd2Q4cUZmN0ppc2tSeHE2bkxhc1lR?oc=5,Google News RSS,"Sun, 26 Jul 2026 07:00:00 GMT",2026-08-14T08:54:29.183278,India,0,1
147,,"<a href=""https://news.google.com/rss/articles/CBMixwFBVV95cUxPOTNlT1B6YnBZMUVVb3QtMDJmS3ZBUzBIdjhCNjk2Q1ljZG92TGNfU0M0UVEyY1hwTlJWWC1UVEJsa1dBTjRsSlBXeUJLSDkwM21XS0xQZ0g2U245azVhNzR5NEFuZXVKS0RvaEttMEF0T05vV1ozZ1BydUhySS1ZeGo2X1BidUhSTDdvLTZCa1BSQVZKVG9oTUFwYmNHZWxmbUVOR0ozZDd4S2QwYmV4T2ljNVg1N2VvY2E2aFJ4b1duLWdDUmU40gHMAUFVX3lxTFBzdWg5WTd3UGN4SFMzeWhQekItajFxS05NejlGQWtZT2dITTJLSlBFNEJtdUVCVjd0Tk1NOHgtSnRCcEthWXN0R3RPeGJocjFOZkc2dS03b1RkeldRa2ptU2VqSnVPTHQ2ZFNkSHk4YlNRZkZiWTZSeU51SjJpUVlvaVk0RHBzTlVyelZLTENOaDRRVU9UbTNoV0JMZnFiamtEZjlac1g2WmRCLWU3ekwzZDR0VVNUakd5RDc0WHJxbURRSTJaNVYyOW83ZQ?oc=5"" target=""_blank"">Treat digital arrests and cyber frauds as organised crime: SC</a>&nbsp;&nbsp;<font color=""#6f6f6f"">The Times of India</font>",1,Digital Arrest,,News Report,English,High,,Unknown,https://news.google.com/rss/articles/CBMixwFBVV95cUxPOTNlT1B6YnBZMUVVb3QtMDJmS3ZBUzBIdjhCNjk2Q1ljZG92TGNfU0M0UVEyY1hwTlJWWC1UVEJsa1dBTjRsSlBXeUJLSDkwM21XS0xQZ0g2U245azVhNzR5NEFuZXVKS0RvaEttMEF0T05vV1ozZ1BydUhySS1ZeGo2X1BidUhSTDdvLTZCa1BSQVZKVG9oTUFwYmNHZWxmbUVOR0ozZDd4S2QwYmV4T2ljNVg1N2VvY2E2aFJ4b1duLWdDUmU40gHMAUFVX3lxTFBzdWg5WTd3UGN4SFMzeWhQekItajFxS05NejlGQWtZT2dITTJLSlBFNEJtdUVCVjd0Tk1NOHgtSnRCcEthWXN0R3RPeGJocjFOZkc2dS03b1RkeldRa2ptU2VqSnVPTHQ2ZFNkSHk4YlNRZkZiWTZSeU51SjJpUVlvaVk0RHBzTlVyelZLTENOaDRRVU9UbTNoV0JMZnFiamtEZjlac1g2WmRCLWU3ekwzZDR0VVNUakd5RDc0WHJxbURRSTJaNVYyOW83ZQ?oc=5,Google News RSS,"Sat, 25 Jul 2026 07:00:00 GMT",2026-08-14T08:54:31.049249,India,0,1
148,,"<a href=""https://news.google.com/rss/articles/CBMi1wFBVV95cUxOcEdIQThOT1lvdngzYUVJcE5FYVpWUEt3LVk4N1ZHWkFtU2JEanBKOXVlWTB5TVJVQlpFS0pETjRleUw1S0tYMmhEeXFud3pNV0dadms3R2JOam5sZkRWQTA1QnFYTGtuWDhESVI0Z25wUXV2WkNvNXJ6bC1Ud3kxNHZhbzJyR1lqWnhnRXZIQ0ZOUVhJZnRUbF9OdXlaWVJ5UlpHeDdvSEJwdTJ2Mk9sb0cwSG1yalo2alB6OEdjUFZnMkF1ei1VaXJHcnJKOTVmS1Nqci04WdIB3AFBVV95cUxOdUNBdVNnb1J0NUNTaFE1c0ZwNmZEVFF0TjhWT2dMaEJ5LU05Vl9YSzFpX2xVU0pWQUI4clY2aDBteHRJSDE5LS1DN2NtQjJ4NkdhUkNlVnkwcDR1czVGWkticTNRRVZwYm1UaVV4WHJLNVA2eDlTYkhac0kxX0k1b1JkbmNkSHZHeGwyT0h6SEhPQ0lsNDE3Y2ttWVZ5WkRNWlhLTWxUcF9CQm9FcGxOZEktMXp1cU9VTldndFVfenNJNU9IdllVWlgzVlF4VWJhbDlzVTlESl9qT0Zk?oc=5"" target=""_blank"">Centre may table bill to make deepfakes, digital arrest separate offences</a>&nbsp;&nbsp;<font color=""#6f6f6f"">The Times of India</font>",1,Digital Arrest,,News Report,English,High,,Unknown,https://news.google.com/rss/articles/CBMi1wFBVV95cUxOcEdIQThOT1lvdngzYUVJcE5FYVpWUEt3LVk4N1ZHWkFtU2JEanBKOXVlWTB5TVJVQlpFS0pETjRleUw1S0tYMmhEeXFud3pNV0dadms3R2JOam5sZkRWQTA1QnFYTGtuWDhESVI0Z25wUXV2WkNvNXJ6bC1Ud3kxNHZhbzJyR1lqWnhnRXZIQ0ZOUVhJZnRUbF9OdXlaWVJ5UlpHeDdvSEJwdTJ2Mk9sb0cwSG1yalo2alB6OEdjUFZnMkF1ei1VaXJHcnJKOTVmS1Nqci04WdIB3AFBVV95cUxOdUNBdVNnb1J0NUNTaFE1c0ZwNmZEVFF0TjhWT2dMaEJ5LU05Vl9YSzFpX2xVU0pWQUI4clY2aDBteHRJSDE5LS1DN2NtQjJ4NkdhUkNlVnkwcDR1czVGWkticTNRRVZwYm1UaVV4WHJLNVA2eDlTYkhac0kxX0k1b1JkbmNkSHZHeGwyT0h6SEhPQ0lsNDE3Y2ttWVZ5WkRNWlhLTWxUcF9CQm9FcGxOZEktMXp1cU9VTldndFVfenNJNU9IdllVWlgzVlF4VWJhbDlzVTlESl9qT0Zk?oc=5,Google News RSS,"Wed, 29 Jul 2026 07:00:00 GMT",2026-08-14T08:54:32.898918,India,0,1
149,,"<a href=""https://news.google.com/rss/articles/CBMijgJBVV95cUxQWC1IZ0tIR2NOM25UcXMwS2JSR0wyYjZzcWRWc1FvWTk5c0p4QWtDRWQ0d09tLTFfeGFacmZsd2xyTERSaWpFZWNPNFBEaUhqOFJBdDZtRmhsT0dOOTVPS1VteEhudmVyRFJGeU9nZC1tVUVNcDk0LTFaR1lsc29uNFUzOERDMEF2UGdtaWJnUEtoYkFSVjJxWmJkUDc3cE1TQjNCMXpNdVNBbHV6N3F1U0lNbDhDbGlHTnZUSHdTSTYzNk5IUHBXQkg0VzUxUHBYaUt0c3ZabnlRbjlPaXFSUEliWUVRSThVdEkzdFA5ZFBZbVN1SFNJLUtjVGVsc08xVkZIUXM2Q3dzWkdtR2fSAZMCQVVfeXFMUENrd19tRmIxV3lvbUVwQ1NfNEFSZHRqWUczZnpROTVtaTY5UVQ4dnY0aHNoWjVFVXUtM25oaXUwTFNfankwdGs1cGtaMEtBUzZXTVV1NlcwSnB3RFdWM3JMQUxGU2NRSWc3RDNjeEJ2MEdROWtSRFZxd3lvNWVYbUhFTDdUUVRsbFlKeTJEaVNXNHZ5STlncldHRkNkc3hnUUlIY2VqejVuZlp1NGc5MEx3bHZ0S3VPaUFBUGtIdndUaGxVNm9IU1BjQ0hCOHA0ZjdBQUcwZnNlNkxCaTdweVFaMmt1R2FxNVZ1TXBIYldHSXNjbnlNUDJ2NjNDd2Q5TkJCY2REdngwNTQtOXBlc2xYVk0?oc=5"" target=""_blank"">Cyber police recovers Rs 1.1 crore out of Rs 7.9 crore that Mumbai businessman lost in digital arrest fra</a>&nbsp;&nbsp;<font color=""#6f6f6f"">The Times of India</font>",1,Digital Arrest,,News Report,English,Critical,Police,Unknown,https://news.google.com/rss/articles/CBMijgJBVV95cUxQWC1IZ0tIR2NOM25UcXMwS2JSR0wyYjZzcWRWc1FvWTk5c0p4QWtDRWQ0d09tLTFfeGFacmZsd2xyTERSaWpFZWNPNFBEaUhqOFJBdDZtRmhsT0dOOTVPS1VteEhudmVyRFJGeU9nZC1tVUVNcDk0LTFaR1lsc29uNFUzOERDMEF2UGdtaWJnUEtoYkFSVjJxWmJkUDc3cE1TQjNCMXpNdVNBbHV6N3F1U0lNbDhDbGlHTnZUSHdTSTYzNk5IUHBXQkg0VzUxUHBYaUt0c3ZabnlRbjlPaXFSUEliWUVRSThVdEkzdFA5ZFBZbVN1SFNJLUtjVGVsc08xVkZIUXM2Q3dzWkdtR2fSAZMCQVVfeXFMUENrd19tRmIxV3lvbUVwQ1NfNEFSZHRqWUczZnpROTVtaTY5UVQ4dnY0aHNoWjVFVXUtM25oaXUwTFNfankwdGs1cGtaMEtBUzZXTVV1NlcwSnB3RFdWM3JMQUxGU2NRSWc3RDNjeEJ2MEdROWtSRFZxd3lvNWVYbUhFTDdUUVRsbFlKeTJEaVNXNHZ5STlncldHRkNkc3hnUUlIY2VqejVuZlp1NGc5MEx3bHZ0S3VPaUFBUGtIdndUaGxVNm9IU1BjQ0hCOHA0ZjdBQUcwZnNlNkxCaTdweVFaMmt1R2FxNVZ1TXBIYldHSXNjbnlNUDJ2NjNDd2Q5TkJCY2REdngwNTQtOXBlc2xYVk0?oc=5,Google News RSS,"Mon, 27 Jul 2026 07:00:00 GMT",2026-08-14T08:54:35.068604,India,0,1
150,,"<a href=""https://news.google.com/rss/articles/CBMi4AFBVV95cUxPRkVvNlROUW1reFhZSHdZU0lwZXpZT1U0RGE1V0Frcmg2bjItb05VT29NU3Q5TTlRNWFiZzUyNUwzalRJM0FKam5TVzFMY0s2M29MVndxLWpJZVFNb3I0S0JPMGxSeUlNc0NvWkR5dEJqaGNBdm1wVnVxRndCMDd5YzlOSzBLZmxsT3Zjb0FqWnZSYlNNSWpMZFFUTjYxNUdLSE9DYzBIa19yQmVza3dERnJNN19EWW9MbFhaZzFrSEVOS0Vka2lvUzVsQ2ZmMWJELXM4WVdjU2lHbVNHcmVZWQ?oc=5"" target=""_blank"">Supreme Court urges Centre to criminalise digital arrest, calls for law on deepfakes</a>&nbsp;&nbsp;<font color=""#6f6f6f"">ANI News</font>",1,Digital Arrest,,News Report,English,High,Supreme Court,Unknown,https://news.google.com/rss/articles/CBMi4AFBVV95cUxPRkVvNlROUW1reFhZSHdZU0lwZXpZT1U0RGE1V0Frcmg2bjItb05VT29NU3Q5TTlRNWFiZzUyNUwzalRJM0FKam5TVzFMY0s2M29MVndxLWpJZVFNb3I0S0JPMGxSeUlNc0NvWkR5dEJqaGNBdm1wVnVxRndCMDd5YzlOSzBLZmxsT3Zjb0FqWnZSYlNNSWpMZFFUTjYxNUdLSE9DYzBIa19yQmVza3dERnJNN19EWW9MbFhaZzFrSEVOS0Vka2lvUzVsQ2ZmMWJELXM4WVdjU2lHbVNHcmVZWQ?oc=5,Google News RSS,"Tue, 28 Jul 2026 07:00:00 GMT",2026-08-14T08:54:37.018908,India,0,1
151,,"<a href=""https://news.google.com/rss/articles/CBMiwwFBVV95cUxNSzJ6WUVLaXo1b1JSWUc1akJDbnNQRjFialNlNjNOZ1pEM1hURldQajBWbGdTbWIwOFFCa21CS0NyX19ySWJJUUlfYmVhMHRqVE4zbk1uZ3RfQWlQdFU5ajNLb0lnVDV3YXJvOVRuVEdTTkY4UEl1aHI1TG5ONEFPaGpPRlgzYU9ZaTRSb1FVRTVtRDBtVi0xNjIzRVRnZ0lLZFBlWklaSktfSmM2aW56RTBfWGszNnBZQ1pkQ3hBTUdiZzDSAcgBQVVfeXFMT2p3ZnhITmpqc0xsVThFNk9TUmtZOGdBT1B0NVV4eVdtajVIcU01TTgxZnpnYmplS21aOU5hWkgwc09qaTlEV2hoYmRXcEdLQkZVU1dQbGhnMEN1bVg0aExKSjBCRmdnNDRoX0dnWWt3QnNzRzRLdWFoVXpaTmNIcjVBRG80a1d1akdFQ3E0dmx2RTl0eVN4QUpYN2RGT3huTDVQMHJ3V1FZdGNEYmdjOEFlM0VJR0lIRWZkQ0Fsd2w2R1dhUlk5Qkk?oc=5"" target=""_blank"">Consumer Commission Orders Bank To Reimburse Money In Digital Arrest Cyber Fraud Case Citing Violation Of ...</a>&nbsp;&nbsp;<font color=""#6f6f6f"">Verdictum</font>",1,Digital Arrest,,News Report,English,High,,Unknown,https://news.google.com/rss/articles/CBMiwwFBVV95cUxNSzJ6WUVLaXo1b1JSWUc1akJDbnNQRjFialNlNjNOZ1pEM1hURldQajBWbGdTbWIwOFFCa21CS0NyX19ySWJJUUlfYmVhMHRqVE4zbk1uZ3RfQWlQdFU5ajNLb0lnVDV3YXJvOVRuVEdTTkY4UEl1aHI1TG5ONEFPaGpPRlgzYU9ZaTRSb1FVRTVtRDBtVi0xNjIzRVRnZ0lLZFBlWklaSktfSmM2aW56RTBfWGszNnBZQ1pkQ3hBTUdiZzDSAcgBQVVfeXFMT2p3ZnhITmpqc0xsVThFNk9TUmtZOGdBT1B0NVV4eVdtajVIcU01TTgxZnpnYmplS21aOU5hWkgwc09qaTlEV2hoYmRXcEdLQkZVU1dQbGhnMEN1bVg0aExKSjBCRmdnNDRoX0dnWWt3QnNzRzRLdWFoVXpaTmNIcjVBRG80a1d1akdFQ3E0dmx2RTl0eVN4QUpYN2RGT3huTDVQMHJ3V1FZdGNEYmdjOEFlM0VJR0lIRWZkQ0Fsd2w2R1dhUlk5Qkk?oc=5,Google News RSS,"Wed, 29 Jul 2026 07:00:00 GMT",2026-08-14T08:54:41.800720,India,0,1
152,,"<a href=""https://news.google.com/rss/articles/CBMixwFBVV95cUxNSXdWY0NtMm0xVlA1cGp0NDV2X0wtMUYtc0xTSERwMGdqRkREVFlNaXhFRWJ3WkVSa01CUzBjV3AyN3pwdHVfOUdVQTFubGtzTUx5a1g3cG1ZdjFpVTBvYzlnMEMzVEdiNkxPaWlYMnJaWThvLXdZSDVlODZOVjBwdTVvMnRnOXFvVWhJRGpXSWJVaGpyR0FIWFBkNzc2d1d5VE9sNUozYzNBdWZTal8xVXpxREFaQVlqT1VWUVIzeEZrb0xRYnJn0gHMAUFVX3lxTE5PM3Iwa0JJR1A0UFlZa2k2cGk0WFllMFdCWk8xRks4YTNweGtzcnhMZUVzNkpCeXY5QXpOZTVtY19xbGVua1lvdlRxeDBadEJXYi1CMjlyNVU3Y1V2Zy1LYlJQWjRJMDJRYnVJWmQ3SlpXZ0xiQVA1cTBOUnNaanVKVzV2TXNTck90MGZhZ0RqN2FOVTRvenF1R3MxQ3BoN0s5cXRoZWV4VmlDdXozLVpvRVB0cEZwa0ZVUXBpeWpZT3lqdkpiaFpKRTRMVA?oc=5"" target=""_blank"">2 elderly men lose over ₹9L in digital arrest frauds</a>&nbsp;&nbsp;<font color=""#6f6f6f"">The Times of India</font>",1,Digital Arrest,,News Report,English,High,,Unknown,https://news.google.com/rss/articles/CBMixwFBVV95cUxNSXdWY0NtMm0xVlA1cGp0NDV2X0wtMUYtc0xTSERwMGdqRkREVFlNaXhFRWJ3WkVSa01CUzBjV3AyN3pwdHVfOUdVQTFubGtzTUx5a1g3cG1ZdjFpVTBvYzlnMEMzVEdiNkxPaWlYMnJaWThvLXdZSDVlODZOVjBwdTVvMnRnOXFvVWhJRGpXSWJVaGpyR0FIWFBkNzc2d1d5VE9sNUozYzNBdWZTal8xVXpxREFaQVlqT1VWUVIzeEZrb0xRYnJn0gHMAUFVX3lxTE5PM3Iwa0JJR1A0UFlZa2k2cGk0WFllMFdCWk8xRks4YTNweGtzcnhMZUVzNkpCeXY5QXpOZTVtY19xbGVua1lvdlRxeDBadEJXYi1CMjlyNVU3Y1V2Zy1LYlJQWjRJMDJRYnVJWmQ3SlpXZ0xiQVA1cTBOUnNaanVKVzV2TXNTck90MGZhZ0RqN2FOVTRvenF1R3MxQ3BoN0s5cXRoZWV4VmlDdXozLVpvRVB0cEZwa0ZVUXBpeWpZT3lqdkpiaFpKRTRMVA?oc=5,Google News RSS,"Sat, 25 Jul 2026 07:00:00 GMT",2026-08-14T08:54:43.640936,India,0,1
153,,"<a href=""https://news.google.com/rss/articles/CBMiwgFBVV95cUxNZ19PWlphVW5EQUpEdjRqUkxxcHo2NmsxSDJiSmYteDI1VDRTclVWUTdlSWloMjFZbUxBdWJOX2otTlhVdG9Yelo5ekltZy1CLVBDbFY1MmRrcXhsN2NSYTc4WWxnQjRkSUdpVFNHQm9lVVFyQnRQWEwxYkktbFRMQWdyRTA2QkhodjFwNlRvWTFpUHp6UGg1czRCUzlhQ1hIQkFrRHFBLU43NDRpZHliQzd0STZuMGpoSWJIM2pPWVgtUdIBzwFBVV95cUxPRHlYc0UtS3hwcmhsck4tX3prNlU2NGZZalhpLVFNWGVMMUx3N05jZWNQZGhpdHVaMjdWaE5DenlHN095bzUwdHNqaW1SWFQxQTlFYUZaTGxyeGZUMGxHMGh0dmFDZ1UzMkVKSW1yTVJScDI1SklsYk02RzcxeXpEZnVZQy1TM1VLRTNrSkZOemZEc1NleE1RcFk0WmxKRjRlRnhmNHhjQXdtTDdFOGlaN09JN1VCTjM4WWRCdHFwSTl3clVqeUZVdlU4ampqZjA?oc=5"" target=""_blank"">Supreme Court Flags Need For Standalone Digital Arrest Offence; Centre Working On Draft Law</a>&nbsp;&nbsp;<font color=""#6f6f6f"">Outlook Money</font>",1,Digital Arrest,,News Report,English,High,Supreme Court,Unknown,https://news.google.com/rss/articles/CBMiwgFBVV95cUxNZ19PWlphVW5EQUpEdjRqUkxxcHo2NmsxSDJiSmYteDI1VDRTclVWUTdlSWloMjFZbUxBdWJOX2otTlhVdG9Yelo5ekltZy1CLVBDbFY1MmRrcXhsN2NSYTc4WWxnQjRkSUdpVFNHQm9lVVFyQnRQWEwxYkktbFRMQWdyRTA2QkhodjFwNlRvWTFpUHp6UGg1czRCUzlhQ1hIQkFrRHFBLU43NDRpZHliQzd0STZuMGpoSWJIM2pPWVgtUdIBzwFBVV95cUxPRHlYc0UtS3hwcmhsck4tX3prNlU2NGZZalhpLVFNWGVMMUx3N05jZWNQZGhpdHVaMjdWaE5DenlHN095bzUwdHNqaW1SWFQxQTlFYUZaTGxyeGZUMGxHMGh0dmFDZ1UzMkVKSW1yTVJScDI1SklsYk02RzcxeXpEZnVZQy1TM1VLRTNrSkZOemZEc1NleE1RcFk0WmxKRjRlRnhmNHhjQXdtTDdFOGlaN09JN1VCTjM4WWRCdHFwSTl3clVqeUZVdlU4ampqZjA?oc=5,Google News RSS,"Wed, 29 Jul 2026 07:00:00 GMT",2026-08-14T08:54:45.510669,India,0,1
154,,"<a href=""https://news.google.com/rss/articles/CBMi1gFBVV95cUxNbElMTjdCSWNJUDZoQVRuRTl0RzNmRDlwNjdvczBOaUxhd2c1REdYX0RJcmlzdEwyMTFWWTQ1dGpzNnp3NFhpNlppdXhhankzeXowc051VnVmUFBmM19sQVNsUE5YU0xvcFdrMUtaMFEtU0Q2NUFKMlM5ZVNlb2puR3dneGZrZTBadm1sWk1lSGI4T01yM0pFMTBvd3pzRVVob1V5QlZQUVllUjZMRUN4V3FVX0N3bkNqQ1BPU0V2UjItNHdYNUJNM2hFXy00bXhTUW5DVVRn0gHbAUFVX3lxTE9GYVY5WWttTGVkbUtCLUpWd0treXJFbFJzU1lhRTlmd01ZQzBpNXVfRTVTLVR1R202bF9xWHBwN3JfVTZid3ZKNzRncndYTHJWSzFYUEM2VE1WRjFDUEpmUVQwNzBrWHpkTm83SGF5cG1ZbFZiOU5SNGp1eWs2MzJYY1dTRmpPSzRDRWRHZDdGeC00a1N1UGs4c0hUVTlFX3kwT2wtZjdHZjMySkp5bURzeU9xbUpveGNXQVAzUkJhcjBGX2c2YkZ6VWxGQTN1Nm44dTdOSExzRzdvQQ?oc=5"" target=""_blank"">Cybercrooks use ‘digital arrest’ ploy to cheat retired officer of ₹1cr</a>&nbsp;&nbsp;<font color=""#6f6f6f"">The Times of India</font>",1,Digital Arrest,,News Report,English,High,,Unknown,https://news.google.com/rss/articles/CBMi1gFBVV95cUxNbElMTjdCSWNJUDZoQVRuRTl0RzNmRDlwNjdvczBOaUxhd2c1REdYX0RJcmlzdEwyMTFWWTQ1dGpzNnp3NFhpNlppdXhhankzeXowc051VnVmUFBmM19sQVNsUE5YU0xvcFdrMUtaMFEtU0Q2NUFKMlM5ZVNlb2puR3dneGZrZTBadm1sWk1lSGI4T01yM0pFMTBvd3pzRVVob1V5QlZQUVllUjZMRUN4V3FVX0N3bkNqQ1BPU0V2UjItNHdYNUJNM2hFXy00bXhTUW5DVVRn0gHbAUFVX3lxTE9GYVY5WWttTGVkbUtCLUpWd0treXJFbFJzU1lhRTlmd01ZQzBpNXVfRTVTLVR1R202bF9xWHBwN3JfVTZid3ZKNzRncndYTHJWSzFYUEM2VE1WRjFDUEpmUVQwNzBrWHpkTm83SGF5cG1ZbFZiOU5SNGp1eWs2MzJYY1dTRmpPSzRDRWRHZDdGeC00a1N1UGs4c0hUVTlFX3kwT2wtZjdHZjMySkp5bURzeU9xbUpveGNXQVAzUkJhcjBGX2c2YkZ6VWxGQTN1Nm44dTdOSExzRzdvQQ?oc=5,Google News RSS,"Thu, 30 Jul 2026 07:00:00 GMT",2026-08-14T08:54:47.488565,India,0,1
155,,"<a href=""https://news.google.com/rss/articles/CBMisAFBVV95cUxNWTZxTGxlYmdHMWc3Q1ZuYTZXclE5dGZaVHFfVmZ3bWUtOXp3d1pxc3NPSHNpQmw0RmdjREtkSmdwbFZDQ1ItakExcE9rNXRSOE85elltQXdwS05HZ1owak5VQzg4YUVUd2dmTFlJV2xxeVBTQkpZaTdRblNnOVltSDhlRFBwYVJ0dWVzbHpXckhOOFYxeDkxT1FobWlucXBHdEEwdzdiVkdvTWZ5Y3BHMtIBtgFBVV95cUxOWl9JMTBrcHNBNUh2aEN3WTB2T0lCUlB6eDcySEowbG5IWU1oSWEzUDk5NUhhZm9rY3dPbFRPN0sxa05Hc1NiS2FCdDEyVENfMTAwVkR3eFlnWE9XQjlZVVBIUE45cEFXLXVwQlBkU1FnZ29UaE80bW1RWTJJTXRreGZHZXZqT2dfZDUzaDBULUYzVmptRGotYnlhQ2xRR2hwU1J4Xy10MHJ5YjlRZmxRczFnbmIyUQ?oc=5"" target=""_blank"">SC calls for standalone law on digital arrest frauds, Centre says Bill in the works | India News</a>&nbsp;&nbsp;<font color=""#6f6f6f"">Hindustan Times</font>",1,Digital Arrest,,News Report,English,High,,Unknown,https://news.google.com/rss/articles/CBMisAFBVV95cUxNWTZxTGxlYmdHMWc3Q1ZuYTZXclE5dGZaVHFfVmZ3bWUtOXp3d1pxc3NPSHNpQmw0RmdjREtkSmdwbFZDQ1ItakExcE9rNXRSOE85elltQXdwS05HZ1owak5VQzg4YUVUd2dmTFlJV2xxeVBTQkpZaTdRblNnOVltSDhlRFBwYVJ0dWVzbHpXckhOOFYxeDkxT1FobWlucXBHdEEwdzdiVkdvTWZ5Y3BHMtIBtgFBVV95cUxOWl9JMTBrcHNBNUh2aEN3WTB2T0lCUlB6eDcySEowbG5IWU1oSWEzUDk5NUhhZm9rY3dPbFRPN0sxa05Hc1NiS2FCdDEyVENfMTAwVkR3eFlnWE9XQjlZVVBIUE45cEFXLXVwQlBkU1FnZ29UaE80bW1RWTJJTXRreGZHZXZqT2dfZDUzaDBULUYzVmptRGotYnlhQ2xRR2hwU1J4Xy10MHJ5YjlRZmxRczFnbmIyUQ?oc=5,Google News RSS,"Wed, 29 Jul 2026 07:00:00 GMT",2026-08-14T08:54:49.476353,India,0,1
156,,"<a href=""https://news.google.com/rss/articles/CBMi8wFBVV95cUxOUE1KREtrcTNRcUp0em9tQW1QcFBKWmtvc1ExQTlLZmpQTnpFZ1BwcGRBcngya0xEN0hUNlI0d3BCTUZmU2xGczNEYl91LW9nVHBRbU1uazZ6SUdQT2ZONy1qWkFaWGxZSHN5cC1ybnkyMTE3MldDVEVUTFMyd0tzSmpYbGlQd3lkR1lhOEZaeERMVHc1U1diUzY4QWpSTFRqWGY2blQ4a3JLZllCMk1TdW5xbDNzSUpzdVJjMEtmeXZ4VlRlMHg4TmVFdDhRRzhGc21CSjFHUWVpc1FjN1luUk5LNHVWY1hZQkY3SXJSRW5rdW_SAfgBQVVfeXFMUE11R0FTcHhyekRWcDRtejhZN3hsZEtKUUdxempFbUcwN1ZFRFp3dlZLMGI0empJOVpCZElxSG9nNU9pdWZUNTRyNU8xUFprLWM4dmJZY3RZMHJlRkpKVi1ONktHdktoQ2dVenNFQ292QUxpdEltZ21OdUtTSlk2Y0o4bjJiMVVCanhnSnZXVXVDMFZGaThVVEZFckluZ19BM0Vjc0FpSkdtM2NTcmpHT3R2SkViNTZpcWw4czZzTzltcDZFcTJsdnNoQmFrUnptWHVMSF9RVExtVWFQY0IzQ3VWVGxieFNBdUxVakczOUFsUXlhS1Y1Mi0?oc=5"" target=""_blank"">Police bust e-SIM racket linked to ₹70-lakh ‘digital arrest’ scam; two held, ₹35 lakh frozen</a>&nbsp;&nbsp;<font color=""#6f6f6f"">The Times of India</font>",1,Digital Arrest,,News Report,English,Critical,Police,Unknown,https://news.google.com/rss/articles/CBMi8wFBVV95cUxOUE1KREtrcTNRcUp0em9tQW1QcFBKWmtvc1ExQTlLZmpQTnpFZ1BwcGRBcngya0xEN0hUNlI0d3BCTUZmU2xGczNEYl91LW9nVHBRbU1uazZ6SUdQT2ZONy1qWkFaWGxZSHN5cC1ybnkyMTE3MldDVEVUTFMyd0tzSmpYbGlQd3lkR1lhOEZaeERMVHc1U1diUzY4QWpSTFRqWGY2blQ4a3JLZllCMk1TdW5xbDNzSUpzdVJjMEtmeXZ4VlRlMHg4TmVFdDhRRzhGc21CSjFHUWVpc1FjN1luUk5LNHVWY1hZQkY3SXJSRW5rdW_SAfgBQVVfeXFMUE11R0FTcHhyekRWcDRtejhZN3hsZEtKUUdxempFbUcwN1ZFRFp3dlZLMGI0empJOVpCZElxSG9nNU9pdWZUNTRyNU8xUFprLWM4dmJZY3RZMHJlRkpKVi1ONktHdktoQ2dVenNFQ292QUxpdEltZ21OdUtTSlk2Y0o4bjJiMVVCanhnSnZXVXVDMFZGaThVVEZFckluZ19BM0Vjc0FpSkdtM2NTcmpHT3R2SkViNTZpcWw4czZzTzltcDZFcTJsdnNoQmFrUnptWHVMSF9RVExtVWFQY0IzQ3VWVGxieFNBdUxVakczOUFsUXlhS1Y1Mi0?oc=5,Google News RSS,"Thu, 30 Jul 2026 07:00:00 GMT",2026-08-14T08:54:51.551138,India,0,1
157,,"<a href=""https://news.google.com/rss/articles/CBMi5gFBVV95cUxNRktnY2VmMHJmY3NkWlN0TG1YcDFOVXA3MUNjcXNtVkJ0eG10b19NdVNSRmtCV0VZM05lTXBDYTFRWV9yd2JBUVREdlg4SG5WcnE2WkVacU9OLXp2NlIyOGxqZXdkSzB6Mkt3OU16cEpFNURFbVhYSTZUdkRVcHBNWEhKRVdqUktENEJHX3RjeDE3ODFqdC1BUl9STGVPR09KWUxKSXZfSjlTRzE5UFBaNWNUQjBaRl9fZmp3NzE0RmVrVVNtZ0Nhd1BwREJPaGxiWGFmb2VmRXo0dFFZVnRBaWUxWXZKZ9IB6wFBVV95cUxNSkplT3ktRXZFcmU2T2RDallZYU9Oa1ZPeXdYNUFFTkNCc2N3UDdUZVJXMUVFdm5VMjBVWUI5WGhTcXVJbUNWeU5WclhucnIyckxQM1kwYmhBbVVVYVJDdjA0bmhCeGtJYzJaNDRTQ01aS1U1Tm95RHpyUGVvMEc0Uy14eVFKWmpfbk93dldlM3hpcERRbUFncl9CRktva1VsWnI3bjZRRnZFWnVQOUZnbS1mNWFrenhLM0NYcXV0ZVVjaFFocG95aEFlRXpjb2xaRGVKNU9DeVpTRDF3RGxHOHh6NW5DcWIyY1NV?oc=5"" target=""_blank"">Police nab mastermind of cyber-fraud syndicate that duped people with ‘digital arrest’ threat</a>&nbsp;&nbsp;<font color=""#6f6f6f"">The Statesman</font>",1,Digital Arrest,,News Report,English,High,Police,Unknown,https://news.google.com/rss/articles/CBMi5gFBVV95cUxNRktnY2VmMHJmY3NkWlN0TG1YcDFOVXA3MUNjcXNtVkJ0eG10b19NdVNSRmtCV0VZM05lTXBDYTFRWV9yd2JBUVREdlg4SG5WcnE2WkVacU9OLXp2NlIyOGxqZXdkSzB6Mkt3OU16cEpFNURFbVhYSTZUdkRVcHBNWEhKRVdqUktENEJHX3RjeDE3ODFqdC1BUl9STGVPR09KWUxKSXZfSjlTRzE5UFBaNWNUQjBaRl9fZmp3NzE0RmVrVVNtZ0Nhd1BwREJPaGxiWGFmb2VmRXo0dFFZVnRBaWUxWXZKZ9IB6wFBVV95cUxNSkplT3ktRXZFcmU2T2RDallZYU9Oa1ZPeXdYNUFFTkNCc2N3UDdUZVJXMUVFdm5VMjBVWUI5WGhTcXVJbUNWeU5WclhucnIyckxQM1kwYmhBbVVVYVJDdjA0bmhCeGtJYzJaNDRTQ01aS1U1Tm95RHpyUGVvMEc0Uy14eVFKWmpfbk93dldlM3hpcERRbUFncl9CRktva1VsWnI3bjZRRnZFWnVQOUZnbS1mNWFrenhLM0NYcXV0ZVVjaFFocG95aEFlRXpjb2xaRGVKNU9DeVpTRDF3RGxHOHh6NW5DcWIyY1NV?oc=5,Google News RSS,"Mon, 27 Jul 2026 07:00:00 GMT",2026-08-14T08:54:53.412711,India,0,1
158,,"<a href=""https://news.google.com/rss/articles/CBMi-AFBVV95cUxOdkE0TWRZSXdjMm9Sd2tqbDFiZWEwQ01GTHptT1lqeDVZS290MnpSaHhrMkMwQmFzN1FadUhabkY0cTZZN2ZZTUhIbEdnZmI4cW05dDNmdFU4ZWRWV0w1ekxoXzdhT0pXc1IzNThXZWp4M3M2UGNrTXdldVRQTGd0RzhEUkYzdUhuQzdtTlhqTUZ5c2M0aDV5Rl9pRlQxb2RXbXkwTGJQalJnc3V3Xzh0ZDQxaVQ4bDVwb1hETWJEbDBLMkg0azduV21DV2gxMlJtWU5zYUlfLVV6bXNYaUR0TXhiQ05XYTkwNm5YUzRTYUdnWHdHNEJpVg?oc=5"" target=""_blank"">Supreme Court asks Centre to define digital arrests as distinct crime, suggests asset freeze mechanism for accused</a>&nbsp;&nbsp;<font color=""#6f6f6f"">India Legal</font>",1,Digital Arrest,,News Report,English,High,Supreme Court,Unknown,https://news.google.com/rss/articles/CBMi-AFBVV95cUxOdkE0TWRZSXdjMm9Sd2tqbDFiZWEwQ01GTHptT1lqeDVZS290MnpSaHhrMkMwQmFzN1FadUhabkY0cTZZN2ZZTUhIbEdnZmI4cW05dDNmdFU4ZWRWV0w1ekxoXzdhT0pXc1IzNThXZWp4M3M2UGNrTXdldVRQTGd0RzhEUkYzdUhuQzdtTlhqTUZ5c2M0aDV5Rl9pRlQxb2RXbXkwTGJQalJnc3V3Xzh0ZDQxaVQ4bDVwb1hETWJEbDBLMkg0azduV21DV2gxMlJtWU5zYUlfLVV6bXNYaUR0TXhiQ05XYTkwNm5YUzRTYUdnWHdHNEJpVg?oc=5,Google News RSS,"Tue, 28 Jul 2026 07:00:00 GMT",2026-08-14T08:54:55.470256,India,0,1
159,,"<a href=""https://news.google.com/rss/articles/CBMif0FVX3lxTFByY3ZQa0hkUjRlcVFjYnZTV3BsMWI3WVkxOFVtd3NCRGsyUEs1SEZTaXlFNFZPX2pJUkh2OE1FblZLTlVmM2N1M0dfOXlaRGNkaFBjbHNTZ21UOVNGMGs1T1E0eEhsT2NvUjN2MEVhMHk4VlM4SUp6T2RYMG9FYVE?oc=5"" target=""_blank"">Supreme Court Equates ""Digital Arrest Scams"" to ""Robbery"", Questions Omission of Organised Crime Laws</a>&nbsp;&nbsp;<font color=""#6f6f6f"">The420.in</font>",1,Digital Arrest,,News Report,English,High,Supreme Court,Unknown,https://news.google.com/rss/articles/CBMif0FVX3lxTFByY3ZQa0hkUjRlcVFjYnZTV3BsMWI3WVkxOFVtd3NCRGsyUEs1SEZTaXlFNFZPX2pJUkh2OE1FblZLTlVmM2N1M0dfOXlaRGNkaFBjbHNTZ21UOVNGMGs1T1E0eEhsT2NvUjN2MEVhMHk4VlM4SUp6T2RYMG9FYVE?oc=5,Google News RSS,"Fri, 24 Jul 2026 07:00:00 GMT",2026-08-14T08:54:59.202422,India,0,1
160,,"<a href=""https://news.google.com/rss/articles/CBMizwFBVV95cUxQT3lLalBPYzRNOWN3T0dYakN3QndGYVZYSm9qTzZsLUpCcDZ6WDdUM1Y0NXRrQmt1b3RTaGIyX3paeUhRTXBqOGxlUXJoRTFjNVVGZmU0UE9HdzV1UFU2cGY4RnY1NmpBVEdqaDVURGE3REhFZUNucWZTbG5tU1RPSFBCUng3YmxKRzczMTQ0MVRPYkhSX1pkdmJEbzJGd3NHbWxwZ1VsOGx1cnlNelRTUl9vVTdRZHNPbjVYSHo2ZEMzYm9ZNFg1WVU0YjFSZGM?oc=5"" target=""_blank"">SC Suggests Making 'Digital Arrest' Separate Offence</a>&nbsp;&nbsp;<font color=""#6f6f6f"">Rediff</font>",1,Digital Arrest,,News Report,English,High,,Unknown,https://news.google.com/rss/articles/CBMizwFBVV95cUxQT3lLalBPYzRNOWN3T0dYakN3QndGYVZYSm9qTzZsLUpCcDZ6WDdUM1Y0NXRrQmt1b3RTaGIyX3paeUhRTXBqOGxlUXJoRTFjNVVGZmU0UE9HdzV1UFU2cGY4RnY1NmpBVEdqaDVURGE3REhFZUNucWZTbG5tU1RPSFBCUng3YmxKRzczMTQ0MVRPYkhSX1pkdmJEbzJGd3NHbWxwZ1VsOGx1cnlNelRTUl9vVTdRZHNPbjVYSHo2ZEMzYm9ZNFg1WVU0YjFSZGM?oc=5,Google News RSS,"Wed, 29 Jul 2026 07:00:00 GMT",2026-08-14T08:55:02.970686,India,0,1
161,,"<a href=""https://news.google.com/rss/articles/CBMi0wFBVV95cUxPRXVRd3N3QkhKTS00b3VuMkVEdHdJUjNSaVVld0d1TFEycEhpZFdHc1dnVXJ5X091R0kzd1ZCd2tDZUR2MXF0VzdNWHl5REZDTGF4b2ZrNTl6WFB0YzFNM1lKeFpDRkxPb2dNcmpxUGU2TzNFRmw1RlkyTGFmZEVSdC04Mkh3QmhaQjFmM00wZV8xZ21ob2pYTGJfYmpaa2lpbVBNQ1RLQXlqbTltdlItdVVmOWVmQWdxRXdSVjIyZ2hSci1TOGNDRFpDNjZJUkF5Szlr0gHYAUFVX3lxTE5kNWtyajFnRVJGSzV5M3diX0RNRjQ1VnhuX1dYRW1WbDlGaWhQRDE5QjEzZWZrY2JwZm1RSVR0Ul9yamFoUkVRSUxTZ2FJaEVaNkR4OTRyNWkzYzBONUJxSjV3TkppUEZLeGE1U295aDBnTXgtVWo4TjdFM3paUl96bl9tREZNVWV6VmtIWkFVQU95cWowUnBGdXhxcnprYnJ3YlRGcldZNTN2aFNWYnNSRE9KdHIwdnc0QlQyOHpIeGNYVmZTSXF5SXNKSjhuWmwyeFZOdHJvQg?oc=5"" target=""_blank"">Centre to introduce Bill criminalising digital arrests and AI-generated deepfakes</a>&nbsp;&nbsp;<font color=""#6f6f6f"">livemint.com</font>",1,Digital Arrest,,News Report,English,High,,Unknown,https://news.google.com/rss/articles/CBMi0wFBVV95cUxPRXVRd3N3QkhKTS00b3VuMkVEdHdJUjNSaVVld0d1TFEycEhpZFdHc1dnVXJ5X091R0kzd1ZCd2tDZUR2MXF0VzdNWHl5REZDTGF4b2ZrNTl6WFB0YzFNM1lKeFpDRkxPb2dNcmpxUGU2TzNFRmw1RlkyTGFmZEVSdC04Mkh3QmhaQjFmM00wZV8xZ21ob2pYTGJfYmpaa2lpbVBNQ1RLQXlqbTltdlItdVVmOWVmQWdxRXdSVjIyZ2hSci1TOGNDRFpDNjZJUkF5Szlr0gHYAUFVX3lxTE5kNWtyajFnRVJGSzV5M3diX0RNRjQ1VnhuX1dYRW1WbDlGaWhQRDE5QjEzZWZrY2JwZm1RSVR0Ul9yamFoUkVRSUxTZ2FJaEVaNkR4OTRyNWkzYzBONUJxSjV3TkppUEZLeGE1U295aDBnTXgtVWo4TjdFM3paUl96bl9tREZNVWV6VmtIWkFVQU95cWowUnBGdXhxcnprYnJ3YlRGcldZNTN2aFNWYnNSRE9KdHIwdnc0QlQyOHpIeGNYVmZTSXF5SXNKSjhuWmwyeFZOdHJvQg?oc=5,Google News RSS,"Wed, 29 Jul 2026 07:00:00 GMT",2026-08-14T08:55:04.841500,India,0,1
162,,"<a href=""https://news.google.com/rss/articles/CBMikgFBVV95cUxNTk9td1JacEozM0xla1VnU1M1ajBMeWtPMTFsVFVqUWZPSk1NLTZTdFl3YkNqTEhVdFpZMENRQlR1ZHpGQUZyd1lta21kdUJqQjNYNWxVMnVFNm42dXVrZlNqam41V0JrLUpiRkQ2YjRKR1BzNjF4WkRyUTdtOHZadG5EaDBhZHIxMUdIclU4ZnNPdw?oc=5"" target=""_blank"">Digital Arrest Scam: How a Fake ACP Scammed a Kanpur CA Out of Rs 2.60 Lakh</a>&nbsp;&nbsp;<font color=""#6f6f6f"">The420.in</font>",1,Digital Arrest,,News Report,English,Critical,,Unknown,https://news.google.com/rss/articles/CBMikgFBVV95cUxNTk9td1JacEozM0xla1VnU1M1ajBMeWtPMTFsVFVqUWZPSk1NLTZTdFl3YkNqTEhVdFpZMENRQlR1ZHpGQUZyd1lta21kdUJqQjNYNWxVMnVFNm42dXVrZlNqam41V0JrLUpiRkQ2YjRKR1BzNjF4WkRyUTdtOHZadG5EaDBhZHIxMUdIclU4ZnNPdw?oc=5,Google News RSS,"Tue, 28 Jul 2026 07:00:00 GMT",2026-08-14T08:55:06.694879,India,0,1
163,,"<a href=""https://news.google.com/rss/articles/CBMi3gFBVV95cUxPaG9FY1VaZ3gydFNIZmVYVXZmc0lJeS1HTGNQaGVNZkpSOHdQYzJGQjN6cnl4TXBGMkhDZVdDZU5tT1I4azJzdG4ydDNQeXNEYWh2Uk1KblNRTkhBVnZ6bndjVmV1Unhndy1DcXhHQWw4aVVDLUh4Mm1NSmoxbFNaaTlKSFFuZWF1dDhRNmxrTVRLMFJQZ1FLZlNZWWg5V2k5a0R5QnZKX1lZaU1fQU1INzFKU1lEYlBKaWVsZVNXa0pYZF9GX2JTdzdHNS1kZlJGbFl6QU5SNllNc3otSnfSAeMBQVVfeXFMTmdoVUM4OTN2cndxOHRUeDB3N2VSWC1JUERKcXRUd2N6emxzQUZCT2VpajlIRlloWjZNcFQxTUdJajRrTnY3RXJrZHRGSzdlWlRCc0VyNEN2MkV0VXg5clF6bHVpb3JoVGdoSGNnT0ZpaHh5U2RJbkduUWJfYzdKdDY4eHNCYnFwS3RDNHJKVXBQaFppcDJ1SmtuOEZla1ZiU3k2LTlmcEM0N3Y2c2VULXB5QW44SEFIQUJCSTc5b0dSRXZHenBPS01xM0dUS0I1WFlEMVVRci1nWDlVSmFrZlB4SVU?oc=5"" target=""_blank"">Elderly couple held under digital arrest for 3 days, duped of Rs 20 lakh</a>&nbsp;&nbsp;<font color=""#6f6f6f"">The Times of India</font>",1,Digital Arrest,,News Report,English,Critical,,Unknown,https://news.google.com/rss/articles/CBMi3gFBVV95cUxPaG9FY1VaZ3gydFNIZmVYVXZmc0lJeS1HTGNQaGVNZkpSOHdQYzJGQjN6cnl4TXBGMkhDZVdDZU5tT1I4azJzdG4ydDNQeXNEYWh2Uk1KblNRTkhBVnZ6bndjVmV1Unhndy1DcXhHQWw4aVVDLUh4Mm1NSmoxbFNaaTlKSFFuZWF1dDhRNmxrTVRLMFJQZ1FLZlNZWWg5V2k5a0R5QnZKX1lZaU1fQU1INzFKU1lEYlBKaWVsZVNXa0pYZF9GX2JTdzdHNS1kZlJGbFl6QU5SNllNc3otSnfSAeMBQVVfeXFMTmdoVUM4OTN2cndxOHRUeDB3N2VSWC1JUERKcXRUd2N6emxzQUZCT2VpajlIRlloWjZNcFQxTUdJajRrTnY3RXJrZHRGSzdlWlRCc0VyNEN2MkV0VXg5clF6bHVpb3JoVGdoSGNnT0ZpaHh5U2RJbkduUWJfYzdKdDY4eHNCYnFwS3RDNHJKVXBQaFppcDJ1SmtuOEZla1ZiU3k2LTlmcEM0N3Y2c2VULXB5QW44SEFIQUJCSTc5b0dSRXZHenBPS01xM0dUS0I1WFlEMVVRci1nWDlVSmFrZlB4SVU?oc=5,Google News RSS,"Sun, 26 Jul 2026 07:00:00 GMT",2026-08-14T08:55:08.819548,India,0,1
164,,"<a href=""https://news.google.com/rss/articles/CBMiqAJBVV95cUxNNXp1X3pVN1VFTmx1cTNHZW0wRkNmSFh2MFMxanAzbmM5dmZ6NG9IYU02aWZQOFJnWVBza3dZNzhyaDR5cU1qMjVpUk9HOGRQX3g1SGxEZzkxTTRTNWJaUVhmQjlkd0doWTNRV0tLOE92bFZtUFpHVEhkUy0yVGNPb3VBUGkzMWk1RG5ndHVMTlJDRDFaLW1wNlBJdnNNM2dmZnNjR2c2NUNDcTJmTExseTFkTW5vN0ljWWZmVlRIaUZXeFdfY1ZKNENQN21WWjVaQVViVkRWRWx3TGxDcTd4YzR2MmJFQjhaVDVZYjFvSElpR282UXBPaU4zWWdvZ1ltRExxMkk3TUJpVThSVE1GeVFiaGxtNUZMU3BlTS1XcTdOY2tORnZUc9IBrgJBVV95cUxNclBVZ1dRMl9UblFNVlV3MjZ0TnhzR1ViUDQtbmFNTHhLZXJzb18zX0VhTHpUcFJJRXBFS3hjcTJwWFhqVVMwc2NvbnRiNEhLdjVSNmFvU0xJMWE4OTB4MnBNRXRyelVFeDR3aGgxTnkwZUU0UGtzLWFseVFfV19TdmJRUnYySWt2cExoVmlEcFRWR3UxWmRvZlBMVVU5ZlJmMURZeEVxVWx1YjFhRWZ2NDZXdkhkLUo5ZzM2UXVNYmVqd0VpQnZDXzBnRHNXXzJFZTRUWnQ3azFTMG5peGp5MWFSU0FlZDU0cTVMWGg4QzFRdThMSVNEVEVrZGs2TEliUGJ5LWV3Mlg0VGs3ZklETHFOYmVuWjNYRm9ScXZVZnUzWElUUmVBd2doaGZpUQ?oc=5"" target=""_blank"">Supreme Court pushes Centre to define 'digital arrest' as standalone crime with tougher punishment amid ri</a>&nbsp;&nbsp;<font color=""#6f6f6f"">The Economic Times</font>",1,Digital Arrest,,News Report,English,High,Supreme Court,Unknown,https://news.google.com/rss/articles/CBMiqAJBVV95cUxNNXp1X3pVN1VFTmx1cTNHZW0wRkNmSFh2MFMxanAzbmM5dmZ6NG9IYU02aWZQOFJnWVBza3dZNzhyaDR5cU1qMjVpUk9HOGRQX3g1SGxEZzkxTTRTNWJaUVhmQjlkd0doWTNRV0tLOE92bFZtUFpHVEhkUy0yVGNPb3VBUGkzMWk1RG5ndHVMTlJDRDFaLW1wNlBJdnNNM2dmZnNjR2c2NUNDcTJmTExseTFkTW5vN0ljWWZmVlRIaUZXeFdfY1ZKNENQN21WWjVaQVViVkRWRWx3TGxDcTd4YzR2MmJFQjhaVDVZYjFvSElpR282UXBPaU4zWWdvZ1ltRExxMkk3TUJpVThSVE1GeVFiaGxtNUZMU3BlTS1XcTdOY2tORnZUc9IBrgJBVV95cUxNclBVZ1dRMl9UblFNVlV3MjZ0TnhzR1ViUDQtbmFNTHhLZXJzb18zX0VhTHpUcFJJRXBFS3hjcTJwWFhqVVMwc2NvbnRiNEhLdjVSNmFvU0xJMWE4OTB4MnBNRXRyelVFeDR3aGgxTnkwZUU0UGtzLWFseVFfV19TdmJRUnYySWt2cExoVmlEcFRWR3UxWmRvZlBMVVU5ZlJmMURZeEVxVWx1YjFhRWZ2NDZXdkhkLUo5ZzM2UXVNYmVqd0VpQnZDXzBnRHNXXzJFZTRUWnQ3azFTMG5peGp5MWFSU0FlZDU0cTVMWGg4QzFRdThMSVNEVEVrZGs2TEliUGJ5LWV3Mlg0VGs3ZklETHFOYmVuWjNYRm9ScXZVZnUzWElUUmVBd2doaGZpUQ?oc=5,Google News RSS,"Tue, 28 Jul 2026 07:00:00 GMT",2026-08-14T08:55:10.774012,India,0,1
165,,"<a href=""https://news.google.com/rss/articles/CBMi8gFBVV95cUxONVpZR0pFbFA2bkdUUWFhMjI2NUFNRGF5VThhTjRubnBCbWV1OXFramhoU2hGdVdrQ0pJZmFCbHo4NHRXa1c4R1BjWHhNVlg4c2dnVERUZk1MRHBObFhGanJTcmRKRFZIZlJxdE42LTB4dUFlazZ6MnNDWEJXazRiQnJnTUtMbDNWVkxpWW54TUxzd1ljOVE0RzZsU284R2FTcXVickZIQ0xJSWtCS3YzUnpkaUo1VEd0X25wYU9iaE4xcU9RN08yV3ptRXlncXdZT1F2dTRlV0JYaFdPQzZFdnJGQU1QYkx1WnIzZEMwTEpvd9IB9wFBVV95cUxPUnQwLVZCQm9VM3doRUdQN09KTnRGa1lZa0Y3ZDkxVlh6QXhiUzAwVTFLNWh1azdyWmFNZVc1RFlfQnNKZjRndWFPcWgyUDVUbDZvQ2R5aVphUXdUYzJYNmtGUVFNM0d2ZGRMT2lGdF9fQnFFWHh0ZjZZWWtobWxOTDlBQXRRMnRFM3ZvU1NYLUdjOEZvVDFtM2hKUFJXbGlySGRTZTFtb0hzUDBUOHJUb25KZW9tbUY1TjdtSlRkMlpRdkcyZlhRbGl1NFk4YmhMbG5GcUw2YlFsUTRJT2ltMVFGUTlSMF9idWxuUFBqRjAwQ0hMeWVn?oc=5"" target=""_blank"">Fraudster posing as police officer dupes PSU worker of Rs 27 lakh in digital arrest</a>&nbsp;&nbsp;<font color=""#6f6f6f"">The Times of India</font>",1,Digital Arrest,,News Report,English,Critical,Police,Unknown,https://news.google.com/rss/articles/CBMi8gFBVV95cUxONVpZR0pFbFA2bkdUUWFhMjI2NUFNRGF5VThhTjRubnBCbWV1OXFramhoU2hGdVdrQ0pJZmFCbHo4NHRXa1c4R1BjWHhNVlg4c2dnVERUZk1MRHBObFhGanJTcmRKRFZIZlJxdE42LTB4dUFlazZ6MnNDWEJXazRiQnJnTUtMbDNWVkxpWW54TUxzd1ljOVE0RzZsU284R2FTcXVickZIQ0xJSWtCS3YzUnpkaUo1VEd0X25wYU9iaE4xcU9RN08yV3ptRXlncXdZT1F2dTRlV0JYaFdPQzZFdnJGQU1QYkx1WnIzZEMwTEpvd9IB9wFBVV95cUxPUnQwLVZCQm9VM3doRUdQN09KTnRGa1lZa0Y3ZDkxVlh6QXhiUzAwVTFLNWh1azdyWmFNZVc1RFlfQnNKZjRndWFPcWgyUDVUbDZvQ2R5aVphUXdUYzJYNmtGUVFNM0d2ZGRMT2lGdF9fQnFFWHh0ZjZZWWtobWxOTDlBQXRRMnRFM3ZvU1NYLUdjOEZvVDFtM2hKUFJXbGlySGRTZTFtb0hzUDBUOHJUb25KZW9tbUY1TjdtSlRkMlpRdkcyZlhRbGl1NFk4YmhMbG5GcUw2YlFsUTRJT2ltMVFGUTlSMF9idWxuUFBqRjAwQ0hMeWVn?oc=5,Google News RSS,"Sun, 26 Jul 2026 07:00:00 GMT",2026-08-14T08:55:12.571509,India,0,1
166,,"<a href=""https://news.google.com/rss/articles/CBMirAFBVV95cUxPZlJubEttclMtWE1DUXVESkF0TGRhMDNPaEtEb2lPcThXUks3MTBtYW1wUVdDZ3BpbU8yUjQ2VjRFREhkbWU4MWEzOWNGWFdWbW1nc0FpUzVoSjc2U0hNaFRxSUVqbDBDSTJpOFdZVGxqZDRGVW5oZWVnVXVVZ3NGLURLMTkxdXl3emhVTk92X21qWmxEMEx5eUlnajVpY0hoQWJ4VjNDVl9INUIx0gGyAUFVX3lxTFBIb0RaTHd6T0c3S1JycmRMSGRJZzFialF2SEg3bHloV2NGSEZ6bHVzSXZiemQ1aTVmQ2laMHNpZ0twSnE5b250T0d2czFNUUh6ZUhnQ0pwQ1V3S042REkta3Z5XzlZWDE2emNHakVyZWc2Z3pKQUNvNnJxcjZTbTBsdldZWlZZdllVWWtVQWQzdVVKTFBOOWdreUtidGxIVFo3OVMyMVNWd0pGVFdUZWlRdlE?oc=5"" target=""_blank"">Centre should consider making digital arrest a separate offence: SC says stricter punishment should also be...</a>&nbsp;&nbsp;<font color=""#6f6f6f"">Bhaskar English</font>",1,Digital Arrest,,News Report,English,High,,Unknown,https://news.google.com/rss/articles/CBMirAFBVV95cUxPZlJubEttclMtWE1DUXVESkF0TGRhMDNPaEtEb2lPcThXUks3MTBtYW1wUVdDZ3BpbU8yUjQ2VjRFREhkbWU4MWEzOWNGWFdWbW1nc0FpUzVoSjc2U0hNaFRxSUVqbDBDSTJpOFdZVGxqZDRGVW5oZWVnVXVVZ3NGLURLMTkxdXl3emhVTk92X21qWmxEMEx5eUlnajVpY0hoQWJ4VjNDVl9INUIx0gGyAUFVX3lxTFBIb0RaTHd6T0c3S1JycmRMSGRJZzFialF2SEg3bHloV2NGSEZ6bHVzSXZiemQ1aTVmQ2laMHNpZ0twSnE5b250T0d2czFNUUh6ZUhnQ0pwQ1V3S042REkta3Z5XzlZWDE2emNHakVyZWc2Z3pKQUNvNnJxcjZTbTBsdldZWlZZdllVWWtVQWQzdVVKTFBOOWdreUtidGxIVFo3OVMyMVNWd0pGVFdUZWlRdlE?oc=5,Google News RSS,"Wed, 29 Jul 2026 19:55:52 GMT",2026-08-14T08:55:14.575148,India,0,1
167,,"<a href=""https://news.google.com/rss/articles/CBMisgFBVV95cUxNaXI3TVhVR3NneHphNnpFaElmMFdVNEtHZlVGZmJoQk1DU0Q2VFlETmU3am1zX2JOX2lGcHZfNXBYRjc2TnFZazVTVlp2VUc3LWEzVXU1Q0NOZkhoZ1pRWWNkMTQ4MjVuRzZWbnZBa25Wd0J2V0E4WWdobDFMTC1XbGhpLTN5bE1ncVRXaDZXQ2xlUHpGQzI2cDZtUHpndmJOSEQwV3ZCZldxNW1QaHlabmh3?oc=5"" target=""_blank"">Supreme Court urges regulation of digital arrest and deepfakes in India</a>&nbsp;&nbsp;<font color=""#6f6f6f"">The News Mill</font>",1,Digital Arrest,,News Report,English,High,Supreme Court,Unknown,https://news.google.com/rss/articles/CBMisgFBVV95cUxNaXI3TVhVR3NneHphNnpFaElmMFdVNEtHZlVGZmJoQk1DU0Q2VFlETmU3am1zX2JOX2lGcHZfNXBYRjc2TnFZazVTVlp2VUc3LWEzVXU1Q0NOZkhoZ1pRWWNkMTQ4MjVuRzZWbnZBa25Wd0J2V0E4WWdobDFMTC1XbGhpLTN5bE1ncVRXaDZXQ2xlUHpGQzI2cDZtUHpndmJOSEQwV3ZCZldxNW1QaHlabmh3?oc=5,Google News RSS,"Tue, 28 Jul 2026 07:00:00 GMT",2026-08-14T08:55:16.434237,India,0,1
168,,"<a href=""https://news.google.com/rss/articles/CBMi0AFBVV95cUxNekRpd3UtSFBCUmgtOHVzd1VIX05hbFVNQXNINVJtcGIyazdMRVJoNGFKQlJCd2xqOERGQ1RUNnZ1Y05sUjh1UDlCSFR5dDI4c3ZFNG1UV3BQZEd0Vk91Q3IzTWpLTk9OeHJINm1wMFVLN3lCZElZQTlBSWhxRkp3a2VVeEd4VUE2UUZ5eHpBeUNmbW0zX1kzQzQ3MkMxMmtpN09WbVV4VmJXdlJoeDBRUERKX21heFRnV2R1NlFBN0lrTTZkLUg0RjFWblp2Nm1U?oc=5"" target=""_blank"">Digital Arrests: Supreme Court Calls for Separate Offence, Harsher Punishment Against Accused</a>&nbsp;&nbsp;<font color=""#6f6f6f"">Moneylife</font>",1,Digital Arrest,,News Report,English,High,Supreme Court,Unknown,https://news.google.com/rss/articles/CBMi0AFBVV95cUxNekRpd3UtSFBCUmgtOHVzd1VIX05hbFVNQXNINVJtcGIyazdMRVJoNGFKQlJCd2xqOERGQ1RUNnZ1Y05sUjh1UDlCSFR5dDI4c3ZFNG1UV3BQZEd0Vk91Q3IzTWpLTk9OeHJINm1wMFVLN3lCZElZQTlBSWhxRkp3a2VVeEd4VUE2UUZ5eHpBeUNmbW0zX1kzQzQ3MkMxMmtpN09WbVV4VmJXdlJoeDBRUERKX21heFRnV2R1NlFBN0lrTTZkLUg0RjFWblp2Nm1U?oc=5,Google News RSS,"Tue, 28 Jul 2026 12:45:58 GMT",2026-08-14T08:55:18.280157,India,0,1
169,,"<a href=""https://news.google.com/rss/articles/CBMifkFVX3lxTE5FQ0xWMmFELW9FMTV6dV9teHhFQnczMXN6ZGNZRW8tWE5PZGV1X3poVGgwa0oxbFROQ2c5WjVtSXhzekZoaTRxNFlWd2FIYjcxcjU1SXNsVXBNbHQtZFpxX1EyWHk5LUtkYUt2ZVdSbmtvMGhuSkJzNms2cFN3dw?oc=5"" target=""_blank"">Supreme Court Flags Rise in Digital Arrest Frauds, Urges Centre to Define It as a Standalone Offence</a>&nbsp;&nbsp;<font color=""#6f6f6f"">The420.in</font>",1,Digital Arrest,,News Report,English,High,Supreme Court,Unknown,https://news.google.com/rss/articles/CBMifkFVX3lxTE5FQ0xWMmFELW9FMTV6dV9teHhFQnczMXN6ZGNZRW8tWE5PZGV1X3poVGgwa0oxbFROQ2c5WjVtSXhzekZoaTRxNFlWd2FIYjcxcjU1SXNsVXBNbHQtZFpxX1EyWHk5LUtkYUt2ZVdSbmtvMGhuSkJzNms2cFN3dw?oc=5,Google News RSS,"Wed, 29 Jul 2026 06:19:31 GMT",2026-08-14T08:55:20.189426,India,0,1
170,,"<a href=""https://news.google.com/rss/articles/CBMiekFVX3lxTE1BMnhCaWROMFcyeHk2NXpySk5ndDNIb3pPZzluY2JHQVhUcGxsd0JldkRCRXMyTUxIemlXZG1wTGp1TThURzA0X0kzVThlOXRBNDdXNFJ2V1RELUFkbDNYVW01NmZkM0pDS1FEeG1oUDNwV1N6emdCbnlB?oc=5"" target=""_blank"">Mumbai Businessman Loses ₹7.9 Crore in Digital Arrest Scam, ₹1.1 Crore Recovered</a>&nbsp;&nbsp;<font color=""#6f6f6f"">The420.in</font>",1,Digital Arrest,,News Report,English,Critical,,Unknown,https://news.google.com/rss/articles/CBMiekFVX3lxTE1BMnhCaWROMFcyeHk2NXpySk5ndDNIb3pPZzluY2JHQVhUcGxsd0JldkRCRXMyTUxIemlXZG1wTGp1TThURzA0X0kzVThlOXRBNDdXNFJ2V1RELUFkbDNYVW01NmZkM0pDS1FEeG1oUDNwV1N6emdCbnlB?oc=5,Google News RSS,"Tue, 28 Jul 2026 07:00:00 GMT",2026-08-14T08:55:22.074014,India,0,1
171,,"<a href=""https://news.google.com/rss/articles/CBMic0FVX3lxTE8zT2V4S0p6LVFicmdZY2RybXJjLUhRdjdGTGFCOWtPdXhUYzNVN19fMXl5ZHZPNFlmUUU0Z2hKS1ljTFVrZ1JFSVV2aHR2RlZ6UEtSLUE4QVNxemU3Z2JLVmdVZFc5WTVyYkYxUmx0Q3RibUk?oc=5"" target=""_blank"">From Digital Arrest to Online Fraud, FIR Can Now Be Filed from Home</a>&nbsp;&nbsp;<font color=""#6f6f6f"">The420.in</font>",1,Digital Arrest,,News Report,English,High,,Unknown,https://news.google.com/rss/articles/CBMic0FVX3lxTE8zT2V4S0p6LVFicmdZY2RybXJjLUhRdjdGTGFCOWtPdXhUYzNVN19fMXl5ZHZPNFlmUUU0Z2hKS1ljTFVrZ1JFSVV2aHR2RlZ6UEtSLUE4QVNxemU3Z2JLVmdVZFc5WTVyYkYxUmx0Q3RibUk?oc=5,Google News RSS,"Thu, 30 Jul 2026 14:45:49 GMT",2026-08-14T08:55:25.686892,India,0,1
172,,"<a href=""https://news.google.com/rss/articles/CBMi2AFBVV95cUxPcWt0RnFKaDZZNjM4bUpBa29CUDNQbXl2V1UxSTFpc3Z5aUNTakpnWV9pOFNVQ1VqaTE2WVJHaHllN2xMRFhHTVllMHRvSlJFemM0WUhObXVPMVZJbkc4d240aXJlNXNJenhYbFc1amVkVkZEOEtEVzBjSlRJSDZDNERmekFXTFp0TkpVMEhmOUREbWV2c1pJT1VBcDZycEFsUmNXSUNYYm9DbHUzQUhqQnl2WlJROTZaSE9pcmVzb2NDeTJCSG45TDA4bTIwcTIwSE1BU0ZSbkXSAeYBQVVfeXFMUEZTMmN5eU1fdVFoby1hT25XcTE2ekxrMEpiSjJmdVNSdmVlN0l0eVJVUWh6a2tVa3FEWGdHc3RWUUJfaERETGhPZDF3YWZ5TFY2c0dEUkFieEVGN0E1NHF1VDNDSFhka1M4dGpNYmRkZDRoRlozTi1XZG04cDV6WVlIUDdnTVV0WHFlb0Rjd0ZkVUFpTUdSMVF0dUk0Y1lIR2lYYkszRUYxUXNETDlwd1NHZzdwR2hibzQyQWRQWEp1eW1UeDdObFZtbmpMbkRONFQ0NGNMNUg4NUlNWGJXUXJWMzJVQXc?oc=5"" target=""_blank"">Digital Arrest Scam Cases: SC Denies Bail Without ‘Extraordinary Grounds’, Calls Frauds ‘Worst Kind Of Crime’</a>&nbsp;&nbsp;<font color=""#6f6f6f"">Outlook India</font>",1,Digital Arrest,,News Report,English,High,,Unknown,https://news.google.com/rss/articles/CBMi2AFBVV95cUxPcWt0RnFKaDZZNjM4bUpBa29CUDNQbXl2V1UxSTFpc3Z5aUNTakpnWV9pOFNVQ1VqaTE2WVJHaHllN2xMRFhHTVllMHRvSlJFemM0WUhObXVPMVZJbkc4d240aXJlNXNJenhYbFc1amVkVkZEOEtEVzBjSlRJSDZDNERmekFXTFp0TkpVMEhmOUREbWV2c1pJT1VBcDZycEFsUmNXSUNYYm9DbHUzQUhqQnl2WlJROTZaSE9pcmVzb2NDeTJCSG45TDA4bTIwcTIwSE1BU0ZSbkXSAeYBQVVfeXFMUEZTMmN5eU1fdVFoby1hT25XcTE2ekxrMEpiSjJmdVNSdmVlN0l0eVJVUWh6a2tVa3FEWGdHc3RWUUJfaERETGhPZDF3YWZ5TFY2c0dEUkFieEVGN0E1NHF1VDNDSFhka1M4dGpNYmRkZDRoRlozTi1XZG04cDV6WVlIUDdnTVV0WHFlb0Rjd0ZkVUFpTUdSMVF0dUk0Y1lIR2lYYkszRUYxUXNETDlwd1NHZzdwR2hibzQyQWRQWEp1eW1UeDdObFZtbmpMbkRONFQ0NGNMNUg4NUlNWGJXUXJWMzJVQXc?oc=5,Google News RSS,"Tue, 28 Jul 2026 07:00:00 GMT",2026-08-14T08:55:27.786978,India,0,1
173,,"<a href=""https://news.google.com/rss/articles/CBMi1AFBVV95cUxQUC1CVkY1YlhGVzMzdkw4SjNLTEJ5RzRiNHpkckVYWER4bVV5Rk11LTlDcXBpU2xfRlEzSFdzamxleTJ4OVRTVzFwd2JxWFNyZFo5QVRKS3lITVBZZ3BxUFNVY2hHWjVtV3hBLWVvb2FhQ2tWOXNOUlRPaUdZd3NVM0lVellMbEdSanhlTHVVbzVMemRZdGRPc0swTmpPazkyN3FEWXA2NnJZb0syc3hwTnRLODU4cU1felJIaEdIY2dyTEVibERuWDZwZEptVE5vNnBSS9IB2gFBVV95cUxOaFpZUEZxWVM3QUlXYUtmUFNlOFRGMXVVdWJtNng3MG1DV2YxMlBVUXhnY0NRWWlzckdCdW92WkEzNE9JLW4zRzFoSnBxZVppT3doRmlHNU1aeGlQY1g4WXpHZ1lvbjdrV1NMMm11NHgtNzVsbVA0NFh0ZWpQZWlzOE5GTnZsQTBmRHVlb3p6a0ZBUVVJeW1NdUNqaXpiaDdjNzBjNWYwZHJQckY0TGlVTXFhS2Z3dkgtMXNiR19QN0hlbm0tblVuNHQ5eDRUVEd1Ylc2d3g5dGZTUQ?oc=5"" target=""_blank"">Centre May Soon Criminalise Deepfakes, 'Digital Arrest' With New Law After Supreme Court Push</a>&nbsp;&nbsp;<font color=""#6f6f6f"">News18</font>",1,Digital Arrest,,News Report,English,High,Supreme Court,Unknown,https://news.google.com/rss/articles/CBMi1AFBVV95cUxQUC1CVkY1YlhGVzMzdkw4SjNLTEJ5RzRiNHpkckVYWER4bVV5Rk11LTlDcXBpU2xfRlEzSFdzamxleTJ4OVRTVzFwd2JxWFNyZFo5QVRKS3lITVBZZ3BxUFNVY2hHWjVtV3hBLWVvb2FhQ2tWOXNOUlRPaUdZd3NVM0lVellMbEdSanhlTHVVbzVMemRZdGRPc0swTmpPazkyN3FEWXA2NnJZb0syc3hwTnRLODU4cU1felJIaEdIY2dyTEVibERuWDZwZEptVE5vNnBSS9IB2gFBVV95cUxOaFpZUEZxWVM3QUlXYUtmUFNlOFRGMXVVdWJtNng3MG1DV2YxMlBVUXhnY0NRWWlzckdCdW92WkEzNE9JLW4zRzFoSnBxZVppT3doRmlHNU1aeGlQY1g4WXpHZ1lvbjdrV1NMMm11NHgtNzVsbVA0NFh0ZWpQZWlzOE5GTnZsQTBmRHVlb3p6a0ZBUVVJeW1NdUNqaXpiaDdjNzBjNWYwZHJQckY0TGlVTXFhS2Z3dkgtMXNiR19QN0hlbm0tblVuNHQ5eDRUVEd1Ylc2d3g5dGZTUQ?oc=5,Google News RSS,"Wed, 29 Jul 2026 07:00:00 GMT",2026-08-14T08:55:29.870144,India,0,1
174,,"<a href=""https://news.google.com/rss/articles/CBMi5gFBVV95cUxNUFlzVDI4T2tRQldnYW1FVnpvZzMzcjlkSU84VF8wZGJaX25xZHVYS055SGdzdzBvUnN0MkU3YjJqV1YzNXNjRnE3eFh6T3FmUGVIYlFDSlhITGZpMnd0ZF9xN2tCdjB4S0xLUFExSEpFTHdDVGJBc25SOER2TlRjcHF6TVRON3p5UFpHR1g0MXNhUHI2a2hqQWgzY0lDZ2JROVFaVmVJOWZqSXN5bnJLbGZGNTBqVEE1NnhjZHdvaUlIREZPVXQ0TFR2dXFyV29GSzlBeG1DOWRadzBSdnMwY05EZDU0d9IB6wFBVV95cUxPN19PUUFabGY2Skgzb1ROc3BWSVZOaHlMUE5IRmpPNUpwZ3lEY0pEcjc1dDhYVjRQeTJ4LTdEbTd0VDJtX0NTczVTdEtaRU1ja0ZpRFZvWmUyVHJvNC1acURqU0otYVBaNmRHYXl3TG0zQzNWSjlvMG1BZk1paU8tYnVxYjlneXdGbGE1b2E4M2tZUmxLMkx6MkVoYVktVUlVeDBOSDA1azlfbzV0c1hiekxObVVSUExjVElWcEtVbW1jd0VOUnB2cE80R0VHc3NreWloOXB1OWJDanBoTjBFbmh4RnBKbkVuSHlv?oc=5"" target=""_blank"">Digital arrest, AI deepfakes may soon become separate criminal offences in India, new bill likely in Parliame</a>&nbsp;&nbsp;<font color=""#6f6f6f"">India.com</font>",1,Digital Arrest,,News Report,English,High,,Unknown,https://news.google.com/rss/articles/CBMi5gFBVV95cUxNUFlzVDI4T2tRQldnYW1FVnpvZzMzcjlkSU84VF8wZGJaX25xZHVYS055SGdzdzBvUnN0MkU3YjJqV1YzNXNjRnE3eFh6T3FmUGVIYlFDSlhITGZpMnd0ZF9xN2tCdjB4S0xLUFExSEpFTHdDVGJBc25SOER2TlRjcHF6TVRON3p5UFpHR1g0MXNhUHI2a2hqQWgzY0lDZ2JROVFaVmVJOWZqSXN5bnJLbGZGNTBqVEE1NnhjZHdvaUlIREZPVXQ0TFR2dXFyV29GSzlBeG1DOWRadzBSdnMwY05EZDU0d9IB6wFBVV95cUxPN19PUUFabGY2Skgzb1ROc3BWSVZOaHlMUE5IRmpPNUpwZ3lEY0pEcjc1dDhYVjRQeTJ4LTdEbTd0VDJtX0NTczVTdEtaRU1ja0ZpRFZvWmUyVHJvNC1acURqU0otYVBaNmRHYXl3TG0zQzNWSjlvMG1BZk1paU8tYnVxYjlneXdGbGE1b2E4M2tZUmxLMkx6MkVoYVktVUlVeDBOSDA1azlfbzV0c1hiekxObVVSUExjVElWcEtVbW1jd0VOUnB2cE80R0VHc3NreWloOXB1OWJDanBoTjBFbmh4RnBKbkVuSHlv?oc=5,Google News RSS,"Wed, 29 Jul 2026 01:50:51 GMT",2026-08-14T08:55:31.734559,India,0,1
175,,"<a href=""https://news.google.com/rss/articles/CBMiwwFBVV95cUxOdV9rMERzaVVnS3dTMFdfcHVvUDNsQXczb1dKUHVFcDdSWVgxc1haMDhiZ3pUQV9nMUFaUkpRY2c5UFE4V1I1NVExSnFvTDlmTHJBUlc3SFJEQi1KZ3ZLTFk4T1ZFU3BjdEdpNkl5V1QtNVpzd25LcW1hSW5ubld6VTRtNXAtYURHelJRUkZ6T21JbGh6Z0lCR1dfOHZWU2dLSUxzclBEeURHQjNBUUplRUxsNG4xSUtET1FwN0lmWWktdTQ?oc=5"" target=""_blank"">India Supreme Court Demands Criminal Law for Digital Arrest, Deepfake Fraud</a>&nbsp;&nbsp;<font color=""#6f6f6f"">Tech Times</font>",1,Digital Arrest,,News Report,English,High,Supreme Court,Unknown,https://news.google.com/rss/articles/CBMiwwFBVV95cUxOdV9rMERzaVVnS3dTMFdfcHVvUDNsQXczb1dKUHVFcDdSWVgxc1haMDhiZ3pUQV9nMUFaUkpRY2c5UFE4V1I1NVExSnFvTDlmTHJBUlc3SFJEQi1KZ3ZLTFk4T1ZFU3BjdEdpNkl5V1QtNVpzd25LcW1hSW5ubld6VTRtNXAtYURHelJRUkZ6T21JbGh6Z0lCR1dfOHZWU2dLSUxzclBEeURHQjNBUUplRUxsNG4xSUtET1FwN0lmWWktdTQ?oc=5,Google News RSS,"Wed, 29 Jul 2026 07:00:00 GMT",2026-08-14T08:55:35.380151,India,0,1
176,,"<a href=""https://news.google.com/rss/articles/CBMiywFBVV95cUxQQXVSeWpyZkJZaGhLQzlTTXBwYmwteHhPLV9NTTVpVkRyaUJvUFBxN0NFYkVZUDJqNzc1dEo5bkppVWVfbnJaa29jRFNBcHJTNEtYdUlsVlE2ZHVIdmRFcGVtamhYWGVqbVF3UkNFdjNKa1RCNE5QVmJFM2wxcGtlMm9KdXhQdnRiT0l1cjM5RlFlSjVBbk4zM095cXlMOHNCS0IwSlEySklQMUxBSzg4X0o1bV82YWI1ZW1NUUV4SU5idFZwM1dVQ0tVWQ?oc=5"" target=""_blank"">Supreme Court Urges Centre To Criminalise Digital Arrest Scams, Bring Law On Deepfakes</a>&nbsp;&nbsp;<font color=""#6f6f6f"">News Mobile</font>",1,Digital Arrest,,News Report,English,High,Supreme Court,Unknown,https://news.google.com/rss/articles/CBMiywFBVV95cUxQQXVSeWpyZkJZaGhLQzlTTXBwYmwteHhPLV9NTTVpVkRyaUJvUFBxN0NFYkVZUDJqNzc1dEo5bkppVWVfbnJaa29jRFNBcHJTNEtYdUlsVlE2ZHVIdmRFcGVtamhYWGVqbVF3UkNFdjNKa1RCNE5QVmJFM2wxcGtlMm9KdXhQdnRiT0l1cjM5RlFlSjVBbk4zM095cXlMOHNCS0IwSlEySklQMUxBSzg4X0o1bV82YWI1ZW1NUUV4SU5idFZwM1dVQ0tVWQ?oc=5,Google News RSS,"Thu, 30 Jul 2026 07:00:00 GMT",2026-08-14T08:56:01.092898,India,0,1
177,,"<a href=""https://news.google.com/rss/articles/CBMisAFBVV95cUxPMmVmRVVuMnpRYnJjdWFpN3BUX0FlNzJpR1Z4T04zaVpPeVEwTXloaDhJVjg4Vmxfb0dDWWExc3k2UWJGd3NsWHFXcm9UMzhKUkpSQWlXVTM1NVJuRmRMTGMzQXVQb0NqcTRWVFduY09NU1BEaVBDajFyTmxPWUFvMVU4TkxHVmJmbnRST3hXOElRRHpJclZ1UWY4UU9tcWZOVTFoSkVJdlEwdkRpMzNvZ9IBvgFBVV95cUxQb0dtVXMteEw5OWhlTF8ybVcwdlVQT0F2S0x5NXVkTXc2eUpkMi1xWkloNTd3NC1zaDRzM0tpclNYdjFfT2lvOXRieUNMS21TOHB4NXh6ZGE0bEJUd0V6OXJwc1k3OHpQcXBHYTFuMXhSQWk3V0JET3BrcGFSaTg0UkJmMG44Y083SU5aSlRtUlg3UGlYRlN3R2VmNm5nX3BHM09DSi1BTTFXSUw5VWtQQUZTQmwtY1lLUTlEZ1pB?oc=5"" target=""_blank"">Pune Cyber Crime: Senior Citizen Duped of ₹1.05 Crore in ‘Digital Arrest’ Scam</a>&nbsp;&nbsp;<font color=""#6f6f6f"">The Bridge Chronicle</font>",1,Digital Arrest,,News Report,English,Critical,,Unknown,https://news.google.com/rss/articles/CBMisAFBVV95cUxPMmVmRVVuMnpRYnJjdWFpN3BUX0FlNzJpR1Z4T04zaVpPeVEwTXloaDhJVjg4Vmxfb0dDWWExc3k2UWJGd3NsWHFXcm9UMzhKUkpSQWlXVTM1NVJuRmRMTGMzQXVQb0NqcTRWVFduY09NU1BEaVBDajFyTmxPWUFvMVU4TkxHVmJmbnRST3hXOElRRHpJclZ1UWY4UU9tcWZOVTFoSkVJdlEwdkRpMzNvZ9IBvgFBVV95cUxQb0dtVXMteEw5OWhlTF8ybVcwdlVQT0F2S0x5NXVkTXc2eUpkMi1xWkloNTd3NC1zaDRzM0tpclNYdjFfT2lvOXRieUNMS21TOHB4NXh6ZGE0bEJUd0V6OXJwc1k3OHpQcXBHYTFuMXhSQWk3V0JET3BrcGFSaTg0UkJmMG44Y083SU5aSlRtUlg3UGlYRlN3R2VmNm5nX3BHM09DSi1BTTFXSUw5VWtQQUZTQmwtY1lLUTlEZ1pB?oc=5,Google News RSS,"Fri, 31 Jul 2026 03:05:56 GMT",2026-08-14T08:56:03.025836,India,0,1
178,,"<a href=""https://news.google.com/rss/articles/CBMiygFBVV95cUxObzAxMFc2bERvRC01alF4VVA5OWhiaFlwMUJtX2lmUTFkbXdZTlN4NWFENGhselJKeVZKR0k1bVFqX0lKVzF2VklwMzhFOFAwUHlaanlkcVJ4VGllWlJZM0w3LTBPQ0ZLeEczeWdrYXU0aXFWaEoxRUt4bFhDUWNPbWJ4QTVHYVNPSnRrSTh0UGw1TE9IY1RyOVh0RnhGZHV4MFo5ZzlPZ1ZmMmtmSVZGT2taR09uMFR0RXM1dFNHUF9OZ1MyWjF3ZWl3?oc=5"" target=""_blank"">Are deepfake & digital arrest separate crimes? Centre plans new law after Supreme Court push</a>&nbsp;&nbsp;<font color=""#6f6f6f"">Zee Business</font>",1,Digital Arrest,,News Report,English,High,Supreme Court,Unknown,https://news.google.com/rss/articles/CBMiygFBVV95cUxObzAxMFc2bERvRC01alF4VVA5OWhiaFlwMUJtX2lmUTFkbXdZTlN4NWFENGhselJKeVZKR0k1bVFqX0lKVzF2VklwMzhFOFAwUHlaanlkcVJ4VGllWlJZM0w3LTBPQ0ZLeEczeWdrYXU0aXFWaEoxRUt4bFhDUWNPbWJ4QTVHYVNPSnRrSTh0UGw1TE9IY1RyOVh0RnhGZHV4MFo5ZzlPZ1ZmMmtmSVZGT2taR09uMFR0RXM1dFNHUF9OZ1MyWjF3ZWl3?oc=5,Google News RSS,"Wed, 29 Jul 2026 11:47:55 GMT",2026-08-14T08:56:04.877426,India,0,1
179,,"<a href=""https://news.google.com/rss/articles/CBMivAFBVV95cUxQanA4aHUzNUZrd0dWUDlrNGllYURxVThyMDFNV0ZKUjdkU0YtV2JsWlcxdTFrTklzOTZiMkhzTjkyLXFFVjFuUzNBVkpmQWppakE3ZlYxQXZ4RnEyT1JBbmljYTUzZ3FtYzZMeEJpOW9QYVZ1akxTUEViRVB3ZC1EM0NnR3ZUbTZUZ21uejNWdUNqck5IRXBoWHdDVlBEMTRYZVc0bWlUbmczSTI4MnowdUFsbEhJWWtUVjY0Tg?oc=5"" target=""_blank"">Gujarat Police Save Elderly Couple from Melting 25 Tolas Gold in ‘Digital Arrest’ Scam</a>&nbsp;&nbsp;<font color=""#6f6f6f"">DeshGujarat</font>",1,Digital Arrest,,News Report,English,High,Police,Unknown,https://news.google.com/rss/articles/CBMivAFBVV95cUxQanA4aHUzNUZrd0dWUDlrNGllYURxVThyMDFNV0ZKUjdkU0YtV2JsWlcxdTFrTklzOTZiMkhzTjkyLXFFVjFuUzNBVkpmQWppakE3ZlYxQXZ4RnEyT1JBbmljYTUzZ3FtYzZMeEJpOW9QYVZ1akxTUEViRVB3ZC1EM0NnR3ZUbTZUZ21uejNWdUNqck5IRXBoWHdDVlBEMTRYZVc0bWlUbmczSTI4MnowdUFsbEhJWWtUVjY0Tg?oc=5,Google News RSS,"Fri, 24 Jul 2026 07:00:00 GMT",2026-08-14T08:56:08.416983,India,0,1
180,,"<a href=""https://news.google.com/rss/articles/CBMilgFBVV95cUxOdWhYb0hjTDVQcVljS210d2hsZTV0S0NxTjc2bWxsbHlLR3NyQmhiS3JTTEVNem45QktXOVdSb3EzVDNuWjFWQ2RUUFotR01nbXJneXZhTWZqcV9WdHhjMXZBaGxtaE9lU0ZEZE96Vkc4Qy0yUU1INGlaRHlHZHA2ZXpDcndNSWd0dm85QUNUc1F6NHo4ZFE?oc=5"" target=""_blank"">'Digital arrest scams worst kind of crime': SC</a>&nbsp;&nbsp;<font color=""#6f6f6f"">NewsBytes</font>",1,Digital Arrest,,News Report,English,High,,Unknown,https://news.google.com/rss/articles/CBMilgFBVV95cUxOdWhYb0hjTDVQcVljS210d2hsZTV0S0NxTjc2bWxsbHlLR3NyQmhiS3JTTEVNem45QktXOVdSb3EzVDNuWjFWQ2RUUFotR01nbXJneXZhTWZqcV9WdHhjMXZBaGxtaE9lU0ZEZE96Vkc4Qy0yUU1INGlaRHlHZHA2ZXpDcndNSWd0dm85QUNUc1F6NHo4ZFE?oc=5,Google News RSS,"Tue, 28 Jul 2026 07:00:00 GMT",2026-08-14T08:56:10.272278,India,0,1
181,,"<a href=""https://news.google.com/rss/articles/CBMirgFBVV95cUxPNzVvYVAzbjhyR052NnNYV0tfdnQtX2FvbnpFaDhMemE1Tmt4OWtaMFgwQUQzZEQtcnU5MDNhY2JEd01lWDJ3dklFSlFQVlF0RWIyVkN3ckYyWEFsUlJsaVV6d2QycVpWWFEyMTdSUWh1V3ROenBHT1VuTnhTdkZMS3FnR09acGhUeFNYejBoSTVlcFhmbFpwOHR3TWRwalhZMkRpbHFLbDdQSUE5ZlE?oc=5"" target=""_blank"">India's Supreme Court weighs new offense for digital arrest scams</a>&nbsp;&nbsp;<font color=""#6f6f6f"">NewsBytes</font>",1,Digital Arrest,,News Report,English,High,Supreme Court,Unknown,https://news.google.com/rss/articles/CBMirgFBVV95cUxPNzVvYVAzbjhyR052NnNYV0tfdnQtX2FvbnpFaDhMemE1Tmt4OWtaMFgwQUQzZEQtcnU5MDNhY2JEd01lWDJ3dklFSlFQVlF0RWIyVkN3ckYyWEFsUlJsaVV6d2QycVpWWFEyMTdSUWh1V3ROenBHT1VuTnhTdkZMS3FnR09acGhUeFNYejBoSTVlcFhmbFpwOHR3TWRwalhZMkRpbHFLbDdQSUE5ZlE?oc=5,Google News RSS,"Tue, 28 Jul 2026 07:00:00 GMT",2026-08-14T08:56:12.088653,India,0,1
182,,"<a href=""https://news.google.com/rss/articles/CBMinwFBVV95cUxPbjFXVGRNWUNYZTBQdFJ5U09FT3JoOC1rcS1BUlJmWFFub1g2bDFzc19FMmhCTlhwaUhhMl84dGU0UGduanV5LW9nV21aQWgtUnM3RzZLaFpYOGNGQzVyZ0xuQThLUGUwZlN2Wi1MVGZTV1Fka25PbW5mYkctUWQ5YlV0aFhvdGVaY1p2NzBnSGJSd3NINlZfX1FnQkVjbU0?oc=5"" target=""_blank"">Digital Arrest Scams and the Limits of Domestic Enforcement</a>&nbsp;&nbsp;<font color=""#6f6f6f"">orfonline.org</font>",1,Digital Arrest,,News Report,English,High,,Unknown,https://news.google.com/rss/articles/CBMinwFBVV95cUxPbjFXVGRNWUNYZTBQdFJ5U09FT3JoOC1rcS1BUlJmWFFub1g2bDFzc19FMmhCTlhwaUhhMl84dGU0UGduanV5LW9nV21aQWgtUnM3RzZLaFpYOGNGQzVyZ0xuQThLUGUwZlN2Wi1MVGZTV1Fka25PbW5mYkctUWQ5YlV0aFhvdGVaY1p2NzBnSGJSd3NINlZfX1FnQkVjbU0?oc=5,Google News RSS,"Sat, 18 Jul 2026 07:00:00 GMT",2026-08-14T08:56:17.658783,India,0,1
183,,"<a href=""https://news.google.com/rss/articles/CBMiygFBVV95cUxNSHlhSVhwOVl1TkRTQXJKblhEMnp3SnJvUlhncWZNbGg3QmRFUXNxRXRubVdNNmpabmhHeW1HcEdZOWR5ZDlYNUdrX2ZrUzlfSW1hdmRtNE41Vk80TnVHbjNGWXNob2ZWb1ZoZGVtYjBGSHJMcVk2ak1KbkRUNS1pbldJeHN0SkhxSDhkYWhuWFFkb3A1dWdGbnlMV3VyLVZlVVNxMmNDX1RQamZlVWpQM2s1dHd1QTE0MVhURWY3TFRjcVVCMl9BMl9R0gHQAUFVX3lxTE93NDV5dXJNUExGMWlUTzJrUFBFY3k4ZW03ZHBkRW40anVSMU9ibEw4a0ZGTUFqV3YzYml5cG9ZbFRVejZsQUdZTHIyTnNVS0pISkF5S3E1YzdwTElXM1JpdV9QZ2s1d0w0c284ek8yeTM3Z3RTUXc0cVE1b0FEWnNuOThBMURzd0ZKSmw0VUZvNEx6YWhvVzNLOXdsQ2lMSThoeUFTNWFjdkdtb2xBblJ1LWFxOTdPbjJuYWVjMGpjMV9FckhtZTRDd0duTUJ2bUU?oc=5"" target=""_blank"">Two people lose nearly ₹1 crore in ‘digital arrest’ cyber frauds</a>&nbsp;&nbsp;<font color=""#6f6f6f"">The Hindu</font>",1,Digital Arrest,,News Report,English,Critical,,Unknown,https://news.google.com/rss/articles/CBMiygFBVV95cUxNSHlhSVhwOVl1TkRTQXJKblhEMnp3SnJvUlhncWZNbGg3QmRFUXNxRXRubVdNNmpabmhHeW1HcEdZOWR5ZDlYNUdrX2ZrUzlfSW1hdmRtNE41Vk80TnVHbjNGWXNob2ZWb1ZoZGVtYjBGSHJMcVk2ak1KbkRUNS1pbldJeHN0SkhxSDhkYWhuWFFkb3A1dWdGbnlMV3VyLVZlVVNxMmNDX1RQamZlVWpQM2s1dHd1QTE0MVhURWY3TFRjcVVCMl9BMl9R0gHQAUFVX3lxTE93NDV5dXJNUExGMWlUTzJrUFBFY3k4ZW03ZHBkRW40anVSMU9ibEw4a0ZGTUFqV3YzYml5cG9ZbFRVejZsQUdZTHIyTnNVS0pISkF5S3E1YzdwTElXM1JpdV9QZ2s1d0w0c284ek8yeTM3Z3RTUXc0cVE1b0FEWnNuOThBMURzd0ZKSmw0VUZvNEx6YWhvVzNLOXdsQ2lMSThoeUFTNWFjdkdtb2xBblJ1LWFxOTdPbjJuYWVjMGpjMV9FckhtZTRDd0duTUJ2bUU?oc=5,Google News RSS,"Mon, 20 Jul 2026 07:00:00 GMT",2026-08-14T08:56:19.429562,India,0,1
184,,"<a href=""https://news.google.com/rss/articles/CBMiygFBVV95cUxPQl8zZElIRmZwVnB4eGs2RnBqcG42S0ZESm5CaUNmWW5BZllabE5LSS1TaTF5SGdRUG1ydmNUWERmM2FJY19ranJ4NkpzcWdJelRrMklLNzQ0QVR2Z0FvdlFmVk1La1ZhNXdPMFpJdW5fcFlqTkl3UHlCTDlkeFZaWEl1eFFKR3d3M1cxOEpfb015d0FmaFhLVHhWVjU5QlN5VzZfMjhuRXp6dmpNVUdBZkpQWlZ1NEttcW9hSnVjUzBsb05TNXRLR3p30gHQAUFVX3lxTE1GUUZ3RnU5ZkFRWDZET2t5ZWhmY3YzSWZMQXFTR0gwcFdZRk5nbHg2LW5lOGZneFVTU2FQY2FLbmlfeWFKbklUVEU5N0I3OXQ0TWUwM1ZUQWdKS2ZNNlFtdF9IZFFpOGQ4Y05NZF8zSG05RkZRY0p5UUtUcll1dXZwaGpRX2I3Nzk5MWdrS2FBVHFSLTRkZHRsbURLY1QzdTJGVGR4X2Y5NHVzaXZUdjVocFZQZldZc0tRUWpzN21IU19YTnlQT0w3OURVZUxJOE4?oc=5"" target=""_blank"">Chittoor police warn public against ‘digital arrest’ scams</a>&nbsp;&nbsp;<font color=""#6f6f6f"">The Hindu</font>",1,Digital Arrest,,News Report,English,High,Police,Unknown,https://news.google.com/rss/articles/CBMiygFBVV95cUxPQl8zZElIRmZwVnB4eGs2RnBqcG42S0ZESm5CaUNmWW5BZllabE5LSS1TaTF5SGdRUG1ydmNUWERmM2FJY19ranJ4NkpzcWdJelRrMklLNzQ0QVR2Z0FvdlFmVk1La1ZhNXdPMFpJdW5fcFlqTkl3UHlCTDlkeFZaWEl1eFFKR3d3M1cxOEpfb015d0FmaFhLVHhWVjU5QlN5VzZfMjhuRXp6dmpNVUdBZkpQWlZ1NEttcW9hSnVjUzBsb05TNXRLR3p30gHQAUFVX3lxTE1GUUZ3RnU5ZkFRWDZET2t5ZWhmY3YzSWZMQXFTR0gwcFdZRk5nbHg2LW5lOGZneFVTU2FQY2FLbmlfeWFKbklUVEU5N0I3OXQ0TWUwM1ZUQWdKS2ZNNlFtdF9IZFFpOGQ4Y05NZF8zSG05RkZRY0p5UUtUcll1dXZwaGpRX2I3Nzk5MWdrS2FBVHFSLTRkZHRsbURLY1QzdTJGVGR4X2Y5NHVzaXZUdjVocFZQZldZc0tRUWpzN21IU19YTnlQT0w3OURVZUxJOE4?oc=5,Google News RSS,"Mon, 20 Jul 2026 07:00:00 GMT",2026-08-14T08:56:21.261430,India,0,1
185,,"<a href=""https://news.google.com/rss/articles/CBMixAFBVV95cUxQaVlNNlg0SmZEZTNxVEh3ZnJHa2NLTmRiNjJCQ0RWTGdsZEMxUXNXMFB3MDFweUhQcklVVXlERGNyRmc1ZFphcnEwNXNIWVZ0NUd1UWxWZFItTl95MEtyTEl2OW5xSHdJblFPZFFNQnlyVzlCRVlSNkV1MW1OMS1LNnIySjdEekdMNTJDVzdPc2RlSnJETHE4QXNXVG9lWE1ZdC1GSGtsVmVrMDFhbUZhdWYzVnF5SDF1Rnp4UlFqcmZHcGVx?oc=5"" target=""_blank"">Elderly man from Udupi loses Rs 9.29 lakh to digital arrest scam</a>&nbsp;&nbsp;<font color=""#6f6f6f"">Deccan Herald</font>",1,Digital Arrest,,News Report,English,Critical,,Unknown,https://news.google.com/rss/articles/CBMixAFBVV95cUxQaVlNNlg0SmZEZTNxVEh3ZnJHa2NLTmRiNjJCQ0RWTGdsZEMxUXNXMFB3MDFweUhQcklVVXlERGNyRmc1ZFphcnEwNXNIWVZ0NUd1UWxWZFItTl95MEtyTEl2OW5xSHdJblFPZFFNQnlyVzlCRVlSNkV1MW1OMS1LNnIySjdEekdMNTJDVzdPc2RlSnJETHE4QXNXVG9lWE1ZdC1GSGtsVmVrMDFhbUZhdWYzVnF5SDF1Rnp4UlFqcmZHcGVx?oc=5,Google News RSS,"Sun, 19 Jul 2026 07:00:00 GMT",2026-08-14T08:56:23.094763,India,0,1
186,,"<a href=""https://news.google.com/rss/articles/CBMi0AFBVV95cUxNRFpRdTlwOUZCMWdPOXhtTWVJcmVQYWVlY3RrZXpVR2pYaHZQZzE1Yk9ySU50R2FraGd4ekdXQ2lNazZpV0wyNWtpbHdzQXBJQVlNM1RQUGZsbzF3ME1BVzVWaU5YSWltaWxBby1EVGhEd0FSLXNMQXN2VmI1YlZtT09TRWs4ZU5DUWtyWk1ySUNRWld5aHNYVTJtb1FOVE53RklGRElwWDZLLVJhbGo5aDVqbTQ5dmxyZGdWN2JfS0VqVTA5MnVJaTZnWTdVbUFt0gHWAUFVX3lxTE1jYjBlX2ZnQjRHNlFCMHV5NTR4OVRaTFBNYW5ILTdtdlliR1VWWkRqNnJrN1VqbmxfSkJIbGlJVTh2eGs1RkRFV2dNNkhmT2M1aGk4V1dDSW1tRTdqWDNVZk42aEFxZjVPclBqSHBwU0RMTThaUVJvbDJ5c3VIYml0UDl4Mkg1OG1ZUVJWQkNfaDdGZEQ0WEZadmJzYjg2cGozQWExTk9YYU1QeG1KUGQtMUhOMVNwUUlMUS00b0FyLUVjeDd2MkJtRkFxOTctRm5rVjdsSXc?oc=5"" target=""_blank"">Senior citizen duped of Rs 9.2 lakh in digital arrest scam</a>&nbsp;&nbsp;<font color=""#6f6f6f"">The Times of India</font>",1,Digital Arrest,,News Report,English,Critical,,Unknown,https://news.google.com/rss/articles/CBMi0AFBVV95cUxNRFpRdTlwOUZCMWdPOXhtTWVJcmVQYWVlY3RrZXpVR2pYaHZQZzE1Yk9ySU50R2FraGd4ekdXQ2lNazZpV0wyNWtpbHdzQXBJQVlNM1RQUGZsbzF3ME1BVzVWaU5YSWltaWxBby1EVGhEd0FSLXNMQXN2VmI1YlZtT09TRWs4ZU5DUWtyWk1ySUNRWld5aHNYVTJtb1FOVE53RklGRElwWDZLLVJhbGo5aDVqbTQ5dmxyZGdWN2JfS0VqVTA5MnVJaTZnWTdVbUFt0gHWAUFVX3lxTE1jYjBlX2ZnQjRHNlFCMHV5NTR4OVRaTFBNYW5ILTdtdlliR1VWWkRqNnJrN1VqbmxfSkJIbGlJVTh2eGs1RkRFV2dNNkhmT2M1aGk4V1dDSW1tRTdqWDNVZk42aEFxZjVPclBqSHBwU0RMTThaUVJvbDJ5c3VIYml0UDl4Mkg1OG1ZUVJWQkNfaDdGZEQ0WEZadmJzYjg2cGozQWExTk9YYU1QeG1KUGQtMUhOMVNwUUlMUS00b0FyLUVjeDd2MkJtRkFxOTctRm5rVjdsSXc?oc=5,Google News RSS,"Mon, 20 Jul 2026 07:00:00 GMT",2026-08-14T08:56:26.696970,India,0,1
187,,"<a href=""https://news.google.com/rss/articles/CBMixwFBVV95cUxQX016TnJSYkVyeFc3MTJUQ1lEUG9XeHZHMFhBUmx4NlhocXJtZFJ0blJ3djZxTUE2aWpsRDh1NmR6aF9Da05pcTlyb2FkazMzSV9TRlVQdW1mUmJRX1pwb0h6Q2ZxZVB6OWhWOGZnU0otNl90cGhVWEhoZzBkMEVYRkdTdWVkWTI0QUY4TkZHd3ZCemc4Vl94aDFhcTlhaHo3V1E1S1VfTFBiaWhqQ2VtYWtweC1TWkZQaTBmSk1LTmxHUTlyRjIw0gHMAUFVX3lxTFBlWHJWWlZWc0VLZ2RaaWktcXlDcmsxTjExVDJUYWJWSGdKMURDbFhGbFdaU0d2eUc4R3dJV0NLc2pDQ25RdmlJR3Zvd2xuYjJLM3dJMEg1NDYzcndpaUY4WkFLUThyRmlsbmJIVTVZN1ljUGZvN1JnbEpCTGg4S2h6c1B1UGd1dnl6REhVVUozcDRDUWJsMGxHeHlpd3RKOXE2bnRHUzVzTm5wQUhLQ3IzUElYV3pKYjBHQmVrc0ExTHk5azJyVWdtVkNGRg?oc=5"" target=""_blank"">Think you're under 'digital arrest'? It's probably a scam</a>&nbsp;&nbsp;<font color=""#6f6f6f"">Moneycontrol.com</font>",1,Digital Arrest,,News Report,English,High,,Unknown,https://news.google.com/rss/articles/CBMixwFBVV95cUxQX016TnJSYkVyeFc3MTJUQ1lEUG9XeHZHMFhBUmx4NlhocXJtZFJ0blJ3djZxTUE2aWpsRDh1NmR6aF9Da05pcTlyb2FkazMzSV9TRlVQdW1mUmJRX1pwb0h6Q2ZxZVB6OWhWOGZnU0otNl90cGhVWEhoZzBkMEVYRkdTdWVkWTI0QUY4TkZHd3ZCemc4Vl94aDFhcTlhaHo3V1E1S1VfTFBiaWhqQ2VtYWtweC1TWkZQaTBmSk1LTmxHUTlyRjIw0gHMAUFVX3lxTFBlWHJWWlZWc0VLZ2RaaWktcXlDcmsxTjExVDJUYWJWSGdKMURDbFhGbFdaU0d2eUc4R3dJV0NLc2pDQ25RdmlJR3Zvd2xuYjJLM3dJMEg1NDYzcndpaUY4WkFLUThyRmlsbmJIVTVZN1ljUGZvN1JnbEpCTGg4S2h6c1B1UGd1dnl6REhVVUozcDRDUWJsMGxHeHlpd3RKOXE2bnRHUzVzTm5wQUhLQ3IzUElYV3pKYjBHQmVrc0ExTHk5azJyVWdtVkNGRg?oc=5,Google News RSS,"Tue, 21 Jul 2026 07:00:00 GMT",2026-08-14T08:56:32.401064,India,0,1
188,,"<a href=""https://news.google.com/rss/articles/CBMiygFBVV95cUxNUWhMbVFiMkR4ZU1ZX2RELU1SU1hpMi1nby14QVk3ZGZCdzdGWl9sMHh0VURZYWkzLTQxdkhYdEw0dmh3cF91RjYxc0cyTkFIcXhibkx2a2dVNnJ0NVJmVEdwOHNJaHpDQTVqMnI2dHFOaG11UHFCUzFVNXBWaFM0eUJhNVR3a0oxM0RTeS1vZUc3ckRnUktZNGRkd0VNVW44OFRJRGlPMzVYMTM1SUZNRk5HRkplYUY5NExsUmlKZkR4UmRHVS11cW9n?oc=5"" target=""_blank"">Mangaluru: Elderly man falls prey to digital arrest, loses Rs 31 lakh</a>&nbsp;&nbsp;<font color=""#6f6f6f"">Deccan Herald</font>",1,Digital Arrest,,News Report,English,Critical,,Unknown,https://news.google.com/rss/articles/CBMiygFBVV95cUxNUWhMbVFiMkR4ZU1ZX2RELU1SU1hpMi1nby14QVk3ZGZCdzdGWl9sMHh0VURZYWkzLTQxdkhYdEw0dmh3cF91RjYxc0cyTkFIcXhibkx2a2dVNnJ0NVJmVEdwOHNJaHpDQTVqMnI2dHFOaG11UHFCUzFVNXBWaFM0eUJhNVR3a0oxM0RTeS1vZUc3ckRnUktZNGRkd0VNVW44OFRJRGlPMzVYMTM1SUZNRk5HRkplYUY5NExsUmlKZkR4UmRHVS11cW9n?oc=5,Google News RSS,"Thu, 23 Jul 2026 07:00:00 GMT",2026-08-14T08:56:39.972775,India,0,1
189,,"<a href=""https://news.google.com/rss/articles/CBMizAFBVV95cUxPcUZyckUyYjNGZXVROEQyU1BLSnVwN1FCcmJuSU5vYlA0STZuMUdxLTRBOGFNTkQyazA2RXROUV9ZTW0xMkdUcy1fb3I0ay1fVERwMko1eXNoZUtIbW9kR29raE1zdEt0UmhpY0VrRTZfVzdUNDU4c2d4RHBMVHdvMnQwbWp5V21NOGxfbUNQelJGUktZanhrbnNoN2g4VFZTc1V2Q3FBS2k3M2dPWkVEd2x5Y0c0TU1tSUk3aTg1X2NZR0ZtM19FbFF3RFLSAdIBQVVfeXFMTnU5aFRTa0RCbjM0YjlOOHdDMDEtYThSVmRqSTZpZmdIekhZemZpaFpuQWRxWmdfSVJJZXhBWHBhM0F0aV9TUkY5WWh0Vm1XN3FhczBBVUo5b3Y3dmhYM2NDOXQyREtodzVyYnRZeHhXckVtaWVycTlwQVZTUW5nOVpDbUJ6dG9SeHBfeXF4YnFPZmNOc2hJWFZMRURwRDlseGVFMEp3by1fRUJ2dEhoSEF1MnNRYVlpSFNhWkNQVjVtbGVQY0R5Z0doNnE0SC1SR0pn?oc=5"" target=""_blank"">ED raids multiple cities, seizes assets in digital arrest case</a>&nbsp;&nbsp;<font color=""#6f6f6f"">The Times of India</font>",1,Digital Arrest,,News Report,English,High,ED,Unknown,https://news.google.com/rss/articles/CBMizAFBVV95cUxPcUZyckUyYjNGZXVROEQyU1BLSnVwN1FCcmJuSU5vYlA0STZuMUdxLTRBOGFNTkQyazA2RXROUV9ZTW0xMkdUcy1fb3I0ay1fVERwMko1eXNoZUtIbW9kR29raE1zdEt0UmhpY0VrRTZfVzdUNDU4c2d4RHBMVHdvMnQwbWp5V21NOGxfbUNQelJGUktZanhrbnNoN2g4VFZTc1V2Q3FBS2k3M2dPWkVEd2x5Y0c0TU1tSUk3aTg1X2NZR0ZtM19FbFF3RFLSAdIBQVVfeXFMTnU5aFRTa0RCbjM0YjlOOHdDMDEtYThSVmRqSTZpZmdIekhZemZpaFpuQWRxWmdfSVJJZXhBWHBhM0F0aV9TUkY5WWh0Vm1XN3FhczBBVUo5b3Y3dmhYM2NDOXQyREtodzVyYnRZeHhXckVtaWVycTlwQVZTUW5nOVpDbUJ6dG9SeHBfeXF4YnFPZmNOc2hJWFZMRURwRDlseGVFMEp3by1fRUJ2dEhoSEF1MnNRYVlpSFNhWkNQVjVtbGVQY0R5Z0doNnE0SC1SR0pn?oc=5,Google News RSS,"Sat, 18 Jul 2026 07:00:00 GMT",2026-08-14T08:56:41.828280,India,0,1
190,,"<a href=""https://news.google.com/rss/articles/CBMixAFBVV95cUxOdXlUdjMxeWx0bU53YlNvTGVlM3RpZi01NVR3Q0psNWZpU18tc1dXMkxqYUZyeHdGSTJwMXkwbG5wM1FMWGFYaWlHWGs2V3ZkSVMzZHlDTWY3YjhPWWhNZUFTOEZRZi1iUHlHTzAybzI4R3ZkMEZ2SkwtbEJ1aUE1ZHVjMXNRZm5YOGhNbUtkMXNpN0VneHhaNXFrX3p4YzlFNmpYNWVuUjliMUE4ZTgzQWZJVXh3SnNHalFGVmlibWgtNGg00gHKAUFVX3lxTE53TENRa1NueDNLaXo4MF91N2RtYkhudnJlYTMzYndRZUd1WEMwRnVWWEhPXzhOem5iaDFLbFdqRHRyblFHTEFrRlV5WmlkOV9aalM0dTZqT0pNMU5lS0N5bUlWc2xTdzZkVGNGc1lZVWY3WnROZlBUUnJxeDZ5VHk3S2U5czlDT2Z6blNGTmVLNUxKOEllbUNWbHVPV0x2WFRXVVlDSnQwZlJKSHRzaXNDbEZJanRTSnd6QjZnc09OQ0dHTVdTX01BQ2c?oc=5"" target=""_blank"">Bathinda man loses Rs 35L in ‘digital arrest’ scam</a>&nbsp;&nbsp;<font color=""#6f6f6f"">The Times of India</font>",1,Digital Arrest,,News Report,English,High,,Unknown,https://news.google.com/rss/articles/CBMixAFBVV95cUxOdXlUdjMxeWx0bU53YlNvTGVlM3RpZi01NVR3Q0psNWZpU18tc1dXMkxqYUZyeHdGSTJwMXkwbG5wM1FMWGFYaWlHWGs2V3ZkSVMzZHlDTWY3YjhPWWhNZUFTOEZRZi1iUHlHTzAybzI4R3ZkMEZ2SkwtbEJ1aUE1ZHVjMXNRZm5YOGhNbUtkMXNpN0VneHhaNXFrX3p4YzlFNmpYNWVuUjliMUE4ZTgzQWZJVXh3SnNHalFGVmlibWgtNGg00gHKAUFVX3lxTE53TENRa1NueDNLaXo4MF91N2RtYkhudnJlYTMzYndRZUd1WEMwRnVWWEhPXzhOem5iaDFLbFdqRHRyblFHTEFrRlV5WmlkOV9aalM0dTZqT0pNMU5lS0N5bUlWc2xTdzZkVGNGc1lZVWY3WnROZlBUUnJxeDZ5VHk3S2U5czlDT2Z6blNGTmVLNUxKOEllbUNWbHVPV0x2WFRXVVlDSnQwZlJKSHRzaXNDbEZJanRTSnd6QjZnc09OQ0dHTVdTX01BQ2c?oc=5,Google News RSS,"Sat, 18 Jul 2026 07:00:00 GMT",2026-08-14T08:56:45.379172,India,0,1
191,,"<a href=""https://news.google.com/rss/articles/CBMi4gFBVV95cUxPWVQyNHZrX1htZ2FCRG5OMldFbTg3cVhNOEx6Rmp2eGtZdEdJbkdITzlfVUh3czMxQ2xmM3NMOEIwTS1kZkFjRzljRDdxWTFkRTRjUEdWZ1Utc085aTFJcUxtMHhLNWVnYjlTdUlva2FlVUxtc1FaU0lja3NXb0pTeVFMeFVGTk9VOGQzaXJlTTJxRUNDelp4T0VxVENkWVczekVJTE9iWHNQWFZfQzhXOUVXX3hsTS1GQ2FkWHNQV2c0a2FlRXBpcF9qLUdNN2RPcUZvYzdRVHVyenlOWEpuS2RB0gHnAUFVX3lxTE9GSDI5ZWlEMVZDZmRFakZ4cjRadXNfMjV6RTRRVS1GbjdHaXJ6OEhEX1lGSFRuQnVXR01HRzAzNTY2anJRcTdQWm1LRHJETWZVLXV1Qmo1X1JZNmJXbkE3UlFacGJ1bDhZMUVjVFhjODZSc3JIcl9DWnQydURITm00T3NzLVBaLVEwUTc1bEg3dDZPanU2TTBHZmU2aVA3WDVpLWMyZUpycmhncmpxUjJaMS1MaWVORTNFemttdFowT0IyS01CRGxzejZpSEs2djJzUUdQYmt3dmNjeGUwRGZqNzl6bkJzTQ?oc=5"" target=""_blank"">73-year-old retired Air Force employee loses over ₹33L in digital arrest</a>&nbsp;&nbsp;<font color=""#6f6f6f"">The Times of India</font>",1,Digital Arrest,,News Report,English,High,,Unknown,https://news.google.com/rss/articles/CBMi4gFBVV95cUxPWVQyNHZrX1htZ2FCRG5OMldFbTg3cVhNOEx6Rmp2eGtZdEdJbkdITzlfVUh3czMxQ2xmM3NMOEIwTS1kZkFjRzljRDdxWTFkRTRjUEdWZ1Utc085aTFJcUxtMHhLNWVnYjlTdUlva2FlVUxtc1FaU0lja3NXb0pTeVFMeFVGTk9VOGQzaXJlTTJxRUNDelp4T0VxVENkWVczekVJTE9iWHNQWFZfQzhXOUVXX3hsTS1GQ2FkWHNQV2c0a2FlRXBpcF9qLUdNN2RPcUZvYzdRVHVyenlOWEpuS2RB0gHnAUFVX3lxTE9GSDI5ZWlEMVZDZmRFakZ4cjRadXNfMjV6RTRRVS1GbjdHaXJ6OEhEX1lGSFRuQnVXR01HRzAzNTY2anJRcTdQWm1LRHJETWZVLXV1Qmo1X1JZNmJXbkE3UlFacGJ1bDhZMUVjVFhjODZSc3JIcl9DWnQydURITm00T3NzLVBaLVEwUTc1bEg3dDZPanU2TTBHZmU2aVA3WDVpLWMyZUpycmhncmpxUjJaMS1MaWVORTNFemttdFowT0IyS01CRGxzejZpSEs2djJzUUdQYmt3dmNjeGUwRGZqNzl6bkJzTQ?oc=5,Google News RSS,"Sat, 18 Jul 2026 07:00:00 GMT",2026-08-14T08:56:49.220884,India,0,1
192,,"<a href=""https://news.google.com/rss/articles/CBMi8gFBVV95cUxPc2szMlZ2ZURRWV9NWFVaYTNCblpkNVRUWG5fNjNOYnFzWGE4OTI1eFAzWkROOWpOdnAtZFhzQWsxcG1GME1TZ3gyNVNidHFZclpqYi1VZm1JZkFRUWtCTlhCT3UtbFJ1M3BoUDNqeHJLUU8yUmdFNXpVeS1rM1FxLVhReDJBSF8yNjZkcXUzZ3Z1RnJrUjU3V0J0VmZwQlhjNmUtY2g3dllZczBGcGpwbWJZX0NzV0F5c0RadVk0d1pfN0t6NHRtZkMyM0J4UE5EZ2NDcTR4c0NBRmpVb0FtUGQzU2ZDSHNCdUw4enI3dS1vQdIB9wFBVV95cUxPUkhaZXJORnpJelZzc2cxcGhFWTdmZDNJLWlxNHJXLTNjVXFYNzlxaDhNcjh1ZWhvUkdlLWgtMDNhemRCa0VTUXVBaXpHdzJzSlB6dTN2UW1RM1JtQV9MSVpsR0RKYVR5cTJ1VnpNNEVndXhkc0ttT1hXN2szWWJ5NlRvMnRPZktNMnhqanhPZlBXaFk2OWg5SWhCNlA5QlpXeTdCb3hXRHh5TzJIN0g5djRyVER2Si1wMzByUW9ZVno1WldxcU9RVG9MNDZPWUpQTk1oY1d6WlNNN2R1TUZ1YkJGMVJlSVhHcHN1TkFfS3J4dC1KaGhr?oc=5"" target=""_blank"">Solapur to Ahmedabad: Two-year run ends for accused in Rs 27 lakh ‘digital arrest’ con</a>&nbsp;&nbsp;<font color=""#6f6f6f"">The Times of India</font>",1,Digital Arrest,,News Report,English,Critical,,Unknown,https://news.google.com/rss/articles/CBMi8gFBVV95cUxPc2szMlZ2ZURRWV9NWFVaYTNCblpkNVRUWG5fNjNOYnFzWGE4OTI1eFAzWkROOWpOdnAtZFhzQWsxcG1GME1TZ3gyNVNidHFZclpqYi1VZm1JZkFRUWtCTlhCT3UtbFJ1M3BoUDNqeHJLUU8yUmdFNXpVeS1rM1FxLVhReDJBSF8yNjZkcXUzZ3Z1RnJrUjU3V0J0VmZwQlhjNmUtY2g3dllZczBGcGpwbWJZX0NzV0F5c0RadVk0d1pfN0t6NHRtZkMyM0J4UE5EZ2NDcTR4c0NBRmpVb0FtUGQzU2ZDSHNCdUw4enI3dS1vQdIB9wFBVV95cUxPUkhaZXJORnpJelZzc2cxcGhFWTdmZDNJLWlxNHJXLTNjVXFYNzlxaDhNcjh1ZWhvUkdlLWgtMDNhemRCa0VTUXVBaXpHdzJzSlB6dTN2UW1RM1JtQV9MSVpsR0RKYVR5cTJ1VnpNNEVndXhkc0ttT1hXN2szWWJ5NlRvMnRPZktNMnhqanhPZlBXaFk2OWg5SWhCNlA5QlpXeTdCb3hXRHh5TzJIN0g5djRyVER2Si1wMzByUW9ZVno1WldxcU9RVG9MNDZPWUpQTk1oY1d6WlNNN2R1TUZ1YkJGMVJlSVhHcHN1TkFfS3J4dC1KaGhr?oc=5,Google News RSS,"Thu, 23 Jul 2026 07:00:00 GMT",2026-08-14T08:56:53.814040,India,0,1
193,,"<a href=""https://news.google.com/rss/articles/CBMi0gFBVV95cUxOTzg4YlhiajByU1lwelJkZFpFWUFpUEdIVmVqZUVfWV9nd3ZKTmlfNl9WYUxMaFpHcHJXV2NDVHJrMFQ3V291N1BaaXlFQ0twTFBSMy1Db0hVbE1QcHowUjlCUXhybmtvQlZPWDBWeFREODBjaVF1bktudEtOelNESy1pMlBnVkxibnJhWUI5Z3JSVEhObXA0R0M3RHBkdDV3QUtEWXVHZndOdlhLcDhxbnJ6ckdtUi1iTEpPcVJHeEZLYk9xbXpGRkp4RzRhM3VleXc?oc=5"" target=""_blank"">Digital Arrest scams: One of India’s most alarming and sophisticated cybercrime threats</a>&nbsp;&nbsp;<font color=""#6f6f6f"">Express Computer</font>",1,Digital Arrest,,News Report,English,High,,Unknown,https://news.google.com/rss/articles/CBMi0gFBVV95cUxOTzg4YlhiajByU1lwelJkZFpFWUFpUEdIVmVqZUVfWV9nd3ZKTmlfNl9WYUxMaFpHcHJXV2NDVHJrMFQ3V291N1BaaXlFQ0twTFBSMy1Db0hVbE1QcHowUjlCUXhybmtvQlZPWDBWeFREODBjaVF1bktudEtOelNESy1pMlBnVkxibnJhWUI5Z3JSVEhObXA0R0M3RHBkdDV3QUtEWXVHZndOdlhLcDhxbnJ6ckdtUi1iTEpPcVJHeEZLYk9xbXpGRkp4RzRhM3VleXc?oc=5,Google News RSS,"Sat, 11 Jul 2026 07:00:00 GMT",2026-08-14T08:58:57.556959,India,0,1
194,,"<a href=""https://news.google.com/rss/articles/CBMijAFBVV95cUxQZHFJOEx0MkZpM2lJX1RTNXVDeDFLcjAtSE1JM2JtV1h3a2o0Uy12dmJRWEZ0UUxmZUVZUmRJc1Q3VTJkMkFJcUducTZvdVpkVmJmeWd1ejYxaU9RRmVJMXFTVV9hWnY5NVFMMVFiRGdTcnVDY3VHLUY3Ulg2UVd1b040TGlzeWZxVzBSMg?oc=5"" target=""_blank"">Gujarat man arrested in Rs 1.55 crore digital arrest scam</a>&nbsp;&nbsp;<font color=""#6f6f6f"">Telangana Today</font>",1,Digital Arrest,,News Report,English,Critical,,Unknown,https://news.google.com/rss/articles/CBMijAFBVV95cUxQZHFJOEx0MkZpM2lJX1RTNXVDeDFLcjAtSE1JM2JtV1h3a2o0Uy12dmJRWEZ0UUxmZUVZUmRJc1Q3VTJkMkFJcUducTZvdVpkVmJmeWd1ejYxaU9RRmVJMXFTVV9hWnY5NVFMMVFiRGdTcnVDY3VHLUY3Ulg2UVd1b040TGlzeWZxVzBSMg?oc=5,Google News RSS,"Fri, 10 Jul 2026 07:00:00 GMT",2026-08-14T08:58:59.485875,India,0,1
195,,"<a href=""https://news.google.com/rss/articles/CBMib0FVX3lxTE1hUS1LZ2lMTVhVbWpOTUp2alVvMjgwR0NoLUh5eHpuREpRODM4SmY3NGRXOGM3NVk0RTlFSHBrbTlkeGRUOG5KcXhyNm1NMHFBc0E2QWdlclNEQ2JabjZMODJzWUFHMTJQSjY4eHV3NA?oc=5"" target=""_blank"">Eight Arrested in ₹1.04 Crore Digital Arrest Scam in Bilaspur</a>&nbsp;&nbsp;<font color=""#6f6f6f"">The420.in</font>",1,Digital Arrest,,News Report,English,Critical,,Unknown,https://news.google.com/rss/articles/CBMib0FVX3lxTE1hUS1LZ2lMTVhVbWpOTUp2alVvMjgwR0NoLUh5eHpuREpRODM4SmY3NGRXOGM3NVk0RTlFSHBrbTlkeGRUOG5KcXhyNm1NMHFBc0E2QWdlclNEQ2JabjZMODJzWUFHMTJQSjY4eHV3NA?oc=5,Google News RSS,"Sat, 11 Jul 2026 07:00:00 GMT",2026-08-14T08:59:03.400857,India,0,1
196,,"<a href=""https://news.google.com/rss/articles/CBMiqgFBVV95cUxPVi1PbExEdkk5dHhRdDBSMjZlelRJT2RVV2pDdXdQWFJUbm11dk03THB5T2lUUVl2N082V3dRWVV3eFZBazhxbHZocm1DQS1xeURSN1lDZ21IcWtIbGo3VzFaUVZ0eDdTNEZlTC1aSGhkcmJGSGsxN2h4amZXc2NNcTU4OWJ5STQycGVXVVNZQy13ajloT3RxczFTU2FKd09FaENvSnh5VkZSd9IBrgFBVV95cUxOVHBHMmRNUVM2R0JOOC1uTjZ4Y1FZbmdYMnFMQ2ZfaTNxSWR6dU9rZjRQVHlteW00YV8xYnVBM2VTU1dPRzJrak9sVnozbFhmZXVoaTVlVkQ2SlVndXVrQTJMb0JCVmlxMVJlVnQ5dlZ6YnhIUWNKT0h3WjNpYUZjQkREVk5Fb2V3UDFTcnhiX0dpYXlFM3htbFNXN085b0ZKbmhnMl9JUGtnb0ZKUFE?oc=5"" target=""_blank"">Ludhiana police arrest man for Rs 20-lakh digital arrest fraud</a>&nbsp;&nbsp;<font color=""#6f6f6f"">The Tribune</font>",1,Digital Arrest,,News Report,English,Critical,Police,Unknown,https://news.google.com/rss/articles/CBMiqgFBVV95cUxPVi1PbExEdkk5dHhRdDBSMjZlelRJT2RVV2pDdXdQWFJUbm11dk03THB5T2lUUVl2N082V3dRWVV3eFZBazhxbHZocm1DQS1xeURSN1lDZ21IcWtIbGo3VzFaUVZ0eDdTNEZlTC1aSGhkcmJGSGsxN2h4amZXc2NNcTU4OWJ5STQycGVXVVNZQy13ajloT3RxczFTU2FKd09FaENvSnh5VkZSd9IBrgFBVV95cUxOVHBHMmRNUVM2R0JOOC1uTjZ4Y1FZbmdYMnFMQ2ZfaTNxSWR6dU9rZjRQVHlteW00YV8xYnVBM2VTU1dPRzJrak9sVnozbFhmZXVoaTVlVkQ2SlVndXVrQTJMb0JCVmlxMVJlVnQ5dlZ6YnhIUWNKT0h3WjNpYUZjQkREVk5Fb2V3UDFTcnhiX0dpYXlFM3htbFNXN085b0ZKbmhnMl9JUGtnb0ZKUFE?oc=5,Google News RSS,"Sat, 11 Jul 2026 21:48:07 GMT",2026-08-14T08:59:10.782738,India,0,1
197,,"<a href=""https://news.google.com/rss/articles/CBMibkFVX3lxTE9idVcxNzFYTVc3VFhBdTVhb1htWnFiYkNDZHVvV1prNGxHeXZMalFVVmFqTDdZWVNwd0c1aTJHY25wVU1GaTRpNWEzeGMxUDVrT2J5SE1qV19fN290ZGtubzNwVzEycG4yOXVIR0VB?oc=5"" target=""_blank"">Indian Embassy Warns of Fraud Calls Threatening ‘Digital Arrest’ in US</a>&nbsp;&nbsp;<font color=""#6f6f6f"">The420.in</font>",1,Digital Arrest,,News Report,English,High,,Unknown,https://news.google.com/rss/articles/CBMibkFVX3lxTE9idVcxNzFYTVc3VFhBdTVhb1htWnFiYkNDZHVvV1prNGxHeXZMalFVVmFqTDdZWVNwd0c1aTJHY25wVU1GaTRpNWEzeGMxUDVrT2J5SE1qV19fN290ZGtubzNwVzEycG4yOXVIR0VB?oc=5,Google News RSS,"Fri, 10 Jul 2026 07:00:00 GMT",2026-08-14T08:59:22.039135,India,0,1
198,,"<a href=""https://news.google.com/rss/articles/CBMipwFBVV95cUxPSExVTHIwd1JTSXBOSXFadTBNR1RuUXVJR0hQM2I5RTNrRlYtVHc3M2JZSU1Nc2JpOTR3V0JiV3YxYWdvTUNQb3owSkRNbko2MGZhRE9RaFNROFQ0a1llVTRlZFd1ZFR2dC1jOFNSSHBkSzI3clNYM3g4OFNfX2NrMXF4c0xBQ0lUTVdKekttcWxGRVRkYzc4Ylo2R2x2elVpM29udXhRQdIBrAFBVV95cUxQbTVhV3luMnRrMWE5djJaak9tdmZJRG12WFFScHpqTGFXN0l5LVNmak43cW51U2FpdVF2bDdtTkFsSjRGTHd4anZBaXhDdXlrdkc2SVp6ZnZLdS13N3NHMGFTYTF0Q0otQXlrWk1ISm1XVnRHYk5UX3FnakVnZFhxQTB4UkxpRUFuRS1FTkYxNTBFM0hvTGNlOGZkZmN2cHpSMWFzYmlCZnljSl9t?oc=5"" target=""_blank"">No Such Thing As 'Digital Arrest', Clarifies CBI As Jharkhand Battles Cyber Crime</a>&nbsp;&nbsp;<font color=""#6f6f6f"">ETV Bharat</font>",1,Digital Arrest,,News Report,English,High,CBI,Unknown,https://news.google.com/rss/articles/CBMipwFBVV95cUxPSExVTHIwd1JTSXBOSXFadTBNR1RuUXVJR0hQM2I5RTNrRlYtVHc3M2JZSU1Nc2JpOTR3V0JiV3YxYWdvTUNQb3owSkRNbko2MGZhRE9RaFNROFQ0a1llVTRlZFd1ZFR2dC1jOFNSSHBkSzI3clNYM3g4OFNfX2NrMXF4c0xBQ0lUTVdKekttcWxGRVRkYzc4Ylo2R2x2elVpM29udXhRQdIBrAFBVV95cUxQbTVhV3luMnRrMWE5djJaak9tdmZJRG12WFFScHpqTGFXN0l5LVNmak43cW51U2FpdVF2bDdtTkFsSjRGTHd4anZBaXhDdXlrdkc2SVp6ZnZLdS13N3NHMGFTYTF0Q0otQXlrWk1ISm1XVnRHYk5UX3FnakVnZFhxQTB4UkxpRUFuRS1FTkYxNTBFM0hvTGNlOGZkZmN2cHpSMWFzYmlCZnljSl9t?oc=5,Google News RSS,"Sun, 12 Jul 2026 07:00:00 GMT",2026-08-14T08:59:27.514582,India,0,1
199,,"<a href=""https://news.google.com/rss/articles/CBMi0wFBVV95cUxOYkJSWTJ6dlVyVFlBalZVb2pQbWJ0Vi1mbzIzRG9ZU3BqUjF6aFUwUVVUaVNEUVM0c0FtU1duS3djQWF1MDhrMktGY0dMMllJdzJ2US0wUzlfUVlwaFI1RFRwWGlhbTF1RHZSNmExS3ZGRV9YUl9WdTFUWmY0N3JIbElSTndQUkNtNHpiZHpKeFEwQl9KdVBwU2lUd1YydEh5NWJ0WVcxTlRpOVZIUlJRRVZJUjl6c1ZxN0U1cTNuS3VWeDRaWWY0V2tna05XTEhHOWRB0gHaAUFVX3lxTE5VcHJiekowcmZVcUgwcjllajFfTURzNFRMLXBmWG44WXU3am1tWXRhVEU0Q21zenJQVDNLR2NIU3JDWDc0dXlYT2pCSXFFZGMydEVKdHhlOHJEbmhNX2J6ZnlqUHliWFFjaTZvTzc3WE9pbzh2UUhOc2RIei1zSHJNaHVYZTJuTHpWRklGbGUyVTZvMV9LYndQc2RRcTNKWDBJNk1HSDhjV3pJTE9QTGFuVkxZRUFrUTNCWjZhTTJ6NWdiS3hwdzVVaDdhUzZxbmxLRU5ValJhY3Z3?oc=5"" target=""_blank"">Digital arrest scam: CBI arrests three accused after searches in Odisha and Rajasthan</a>&nbsp;&nbsp;<font color=""#6f6f6f"">The Hindu</font>",1,Digital Arrest,,News Report,English,High,CBI,Unknown,https://news.google.com/rss/articles/CBMi0wFBVV95cUxOYkJSWTJ6dlVyVFlBalZVb2pQbWJ0Vi1mbzIzRG9ZU3BqUjF6aFUwUVVUaVNEUVM0c0FtU1duS3djQWF1MDhrMktGY0dMMllJdzJ2US0wUzlfUVlwaFI1RFRwWGlhbTF1RHZSNmExS3ZGRV9YUl9WdTFUWmY0N3JIbElSTndQUkNtNHpiZHpKeFEwQl9KdVBwU2lUd1YydEh5NWJ0WVcxTlRpOVZIUlJRRVZJUjl6c1ZxN0U1cTNuS3VWeDRaWWY0V2tna05XTEhHOWRB0gHaAUFVX3lxTE5VcHJiekowcmZVcUgwcjllajFfTURzNFRMLXBmWG44WXU3am1tWXRhVEU0Q21zenJQVDNLR2NIU3JDWDc0dXlYT2pCSXFFZGMydEVKdHhlOHJEbmhNX2J6ZnlqUHliWFFjaTZvTzc3WE9pbzh2UUhOc2RIei1zSHJNaHVYZTJuTHpWRklGbGUyVTZvMV9LYndQc2RRcTNKWDBJNk1HSDhjV3pJTE9QTGFuVkxZRUFrUTNCWjZhTTJ6NWdiS3hwdzVVaDdhUzZxbmxLRU5ValJhY3Z3?oc=5,Google News RSS,"Fri, 03 Jul 2026 07:00:00 GMT",2026-08-14T09:01:16.282822,India,0,1
200,,"<a href=""https://news.google.com/rss/articles/CBMi9AFBVV95cUxOeFJsMk5qMzlSZHhRMDR4UzZsV0dZb1Nta3dvX3JDNHZXbmlXQ0JmNllXZXY2MkxSc3kydVZwc2tPWGw0N2YzdGF2NzhtelJzMFFNcXEyb0Fib0g0ZmN3LUxDVmU4WjVnalY5T2FLcmt5V2FSVnVmSHhJMDdaTHNpUXdhdEc5bjh6ZFhRUWttbGFiVW5Nd1VOdng2RThyWmZETEhDOEFuSnp0THJJQjZ3dF9NQTdWR0ljTXAyQzNWaEFPR2s3d2wwWGROYkRzclBPLVd4ek9vYl90S2hlaGVUc0lCMTltNEFkMUZPQUJFNlVRZDZ40gH6AUFVX3lxTE5BNkVRR18xZGtwM0NmSGFrTnQyV0prdDFialpBTEs0dktKa2Y2c2dvU3o4NnV4djZab0YxTjI0UkFhRk85dTVsMS0zU3FfemRxZHZZWDBiMXd2Tkx4UWZVbFhUaE1qNVY3a0VSYXpjZ0QwTi1HVS1qODNuWDl5bmdOa05keGNhOS1ldjRTcHNxX3lYSGp2Ry1aaGdKMF9icU1nQlZ6YzhJRHhnV2xWRENGZE5rV0dxWnVuOXFScDNTTXZXUnZlMkhob3dxNVhFSUdUb0EyeWVYMGZGNE5JMWZ2NFJJX19ndk1uS1g0SURPY0FHRktGamF4YkE?oc=5"" target=""_blank"">Digital arrest scams cost Indians ₹4,000 crore since 2022: How fraud works and ways to stay safe</a>&nbsp;&nbsp;<font color=""#6f6f6f"">livemint.com</font>",1,Digital Arrest,,News Report,English,Critical,,Unknown,https://news.google.com/rss/articles/CBMi9AFBVV95cUxOeFJsMk5qMzlSZHhRMDR4UzZsV0dZb1Nta3dvX3JDNHZXbmlXQ0JmNllXZXY2MkxSc3kydVZwc2tPWGw0N2YzdGF2NzhtelJzMFFNcXEyb0Fib0g0ZmN3LUxDVmU4WjVnalY5T2FLcmt5V2FSVnVmSHhJMDdaTHNpUXdhdEc5bjh6ZFhRUWttbGFiVW5Nd1VOdng2RThyWmZETEhDOEFuSnp0THJJQjZ3dF9NQTdWR0ljTXAyQzNWaEFPR2s3d2wwWGROYkRzclBPLVd4ek9vYl90S2hlaGVUc0lCMTltNEFkMUZPQUJFNlVRZDZ40gH6AUFVX3lxTE5BNkVRR18xZGtwM0NmSGFrTnQyV0prdDFialpBTEs0dktKa2Y2c2dvU3o4NnV4djZab0YxTjI0UkFhRk85dTVsMS0zU3FfemRxZHZZWDBiMXd2Tkx4UWZVbFhUaE1qNVY3a0VSYXpjZ0QwTi1HVS1qODNuWDl5bmdOa05keGNhOS1ldjRTcHNxX3lYSGp2Ry1aaGdKMF9icU1nQlZ6YzhJRHhnV2xWRENGZE5rV0dxWnVuOXFScDNTTXZXUnZlMkhob3dxNVhFSUdUb0EyeWVYMGZGNE5JMWZ2NFJJX19ndk1uS1g0SURPY0FHRktGamF4YkE?oc=5,Google News RSS,"Tue, 07 Jul 2026 07:00:00 GMT",2026-08-14T09:01:18.155926,India,0,1
201,,"<a href=""https://news.google.com/rss/articles/CBMixwFBVV95cUxOamxtYVV6aUo0Wm5tNmJjZVZjb2RVX0tGdkNZSEdYRXo2QlM0eEFmR2xfWUdTS0FBMVVlVUhuX3ZwZlA2bndDS0N4UVVtZjBvT2tBb1R3M0MzSGk5OXRlWUtHVmdNenRSMzEtc1llRkZMUkZIRk9qSk1HX1A4OXh5R3M5SjBJcHR2Si1fRXRka0VoRG5JNGw3NFRKZ1NtbkFfSXJTQlJEYmp4YXQ3aTVJQ2pIVnVMX1NmZ3FNVW9BNFRwVGVhTHhN0gHMAUFVX3lxTFBaZnl2VGlWOFhST25VSklJYzhWQmZFSm9hQUZFZWZTbU9WMlNHQXo2VU5CeWVhY0pnZUgybEQ4dGFYZVBMTHFRZlZqbFhub2tDNy1yZFhHYU1ZN3hVVEpOd0JfZmdzV3FnaTNqYVBEaE9oRnREM21oQ0JPS0pQVFRQczZWRE9qNHJKTV82QzI5X1Z0eGpkcm8telkwZEpoWndWUTFzVDI5YkhwUm1LNjEzMnAtNV9hOGVDYWg3eW9jSVhZcU9abTRVRnVReg?oc=5"" target=""_blank"">Retired Bank Employee Duped Of Rs 55 Lakh In Digital Arrest Fraud In Rajasthan</a>&nbsp;&nbsp;<font color=""#6f6f6f"">ETV Bharat</font>",1,Digital Arrest,,News Report,English,Critical,,Unknown,https://news.google.com/rss/articles/CBMixwFBVV95cUxOamxtYVV6aUo0Wm5tNmJjZVZjb2RVX0tGdkNZSEdYRXo2QlM0eEFmR2xfWUdTS0FBMVVlVUhuX3ZwZlA2bndDS0N4UVVtZjBvT2tBb1R3M0MzSGk5OXRlWUtHVmdNenRSMzEtc1llRkZMUkZIRk9qSk1HX1A4OXh5R3M5SjBJcHR2Si1fRXRka0VoRG5JNGw3NFRKZ1NtbkFfSXJTQlJEYmp4YXQ3aTVJQ2pIVnVMX1NmZ3FNVW9BNFRwVGVhTHhN0gHMAUFVX3lxTFBaZnl2VGlWOFhST25VSklJYzhWQmZFSm9hQUZFZWZTbU9WMlNHQXo2VU5CeWVhY0pnZUgybEQ4dGFYZVBMTHFRZlZqbFhub2tDNy1yZFhHYU1ZN3hVVEpOd0JfZmdzV3FnaTNqYVBEaE9oRnREM21oQ0JPS0pQVFRQczZWRE9qNHJKTV82QzI5X1Z0eGpkcm8telkwZEpoWndWUTFzVDI5YkhwUm1LNjEzMnAtNV9hOGVDYWg3eW9jSVhZcU9abTRVRnVReg?oc=5,Google News RSS,"Mon, 06 Jul 2026 07:00:00 GMT",2026-08-14T09:01:19.986027,India,0,1
202,,"<a href=""https://news.google.com/rss/articles/CBMiygFBVV95cUxQN01pckFaQlNHSEIwLTNCMlJWVWRsSEZnM1lHR2VhQzhtaGlRckRadGMzb3l2dWRxYU9yVnhCVTA2RDlodzRudGZ1NG9RTk1aak84ZEhSUmpDTnV5TTBMaWszVlB3OWxYeG1DYnYwUTNfLTJUYmltZlNlVzVSX2pUMTdjNy13SWtGSjE4WS1MV29kejluUFlpRmtXSTMtXy0zZEpzYXVXdjdaTldVMFp1c3pudzdSUGI5RC1wQ2VTTUl1dnFmRWU0b0lR0gHPAUFVX3lxTE9uOWdFa2NZcU1rSDNidnNJcDZHQmRJREhZRWg5V0xzak1tVWR1amVuZk5OdkJNWkt5TEh4NHZhUTZ3X0JEVXpvakhQU0Nvc3VaTThLU0lpaC1XaTk3QV9DZTVSYlR2Q3dKandCcDMxemZJQkRsc3lkU0tYa05Ba2NqUHRxNU5zU2k4X1V4X0NRU3BINjFPUXpzSWNwYjF2ZGFiVnp3N182eDdZdzlVdGkxcGpCSGtmN2ZMZUtrdFQ5TnZ3anNSd0VfUXZvTmtLWQ?oc=5"" target=""_blank"">'Digital arrest' scams cost Indians Rs 4,057.7 cr since 2022, government data shows</a>&nbsp;&nbsp;<font color=""#6f6f6f"">Firstpost</font>",1,Digital Arrest,,News Report,English,High,,Unknown,https://news.google.com/rss/articles/CBMiygFBVV95cUxQN01pckFaQlNHSEIwLTNCMlJWVWRsSEZnM1lHR2VhQzhtaGlRckRadGMzb3l2dWRxYU9yVnhCVTA2RDlodzRudGZ1NG9RTk1aak84ZEhSUmpDTnV5TTBMaWszVlB3OWxYeG1DYnYwUTNfLTJUYmltZlNlVzVSX2pUMTdjNy13SWtGSjE4WS1MV29kejluUFlpRmtXSTMtXy0zZEpzYXVXdjdaTldVMFp1c3pudzdSUGI5RC1wQ2VTTUl1dnFmRWU0b0lR0gHPAUFVX3lxTE9uOWdFa2NZcU1rSDNidnNJcDZHQmRJREhZRWg5V0xzak1tVWR1amVuZk5OdkJNWkt5TEh4NHZhUTZ3X0JEVXpvakhQU0Nvc3VaTThLU0lpaC1XaTk3QV9DZTVSYlR2Q3dKandCcDMxemZJQkRsc3lkU0tYa05Ba2NqUHRxNU5zU2k4X1V4X0NRU3BINjFPUXpzSWNwYjF2ZGFiVnp3N182eDdZdzlVdGkxcGpCSGtmN2ZMZUtrdFQ5TnZ3anNSd0VfUXZvTmtLWQ?oc=5,Google News RSS,"Mon, 06 Jul 2026 07:00:00 GMT",2026-08-14T09:01:23.803980,India,0,1
203,,"<a href=""https://news.google.com/rss/articles/CBMiuAFBVV95cUxPbElxOWVqbUpMVXJ5a1czTmgwSnJjR1VWZ1Roc3ltQmJSNkZsSUJ0eHl0NHlJLUJWcU9vd3JiVVczdWFuQVoxN2ViT0E2NmMxd2I5Sy1fNWkyZXNGajVlbTMtQUg0NmlvNFNZN241OGViM1R0WW5CXzh6M3Izbk91RlQzeHp2akpJMHhmMGhQRzdseHZUSWROUzhjUi1oeGU1TTdFYlY2bHBiLThVRDZReE12YjFWMzFm0gG-AUFVX3lxTE9LcG5TRGlLNFluSUhJUnRMaWpVZGZlcUNWSFlyQjdDc1poRXo3Vkc2UDRTUk1fbGlGYVRiNkYxTXpJWmFxSEU1U0tVckN6TnUyUWdaNjc0dmlDV29FelBBYW03ZDdya3Ffa3gwajZ2Tmc4QmxJT09WVUtFdU44TnF0dy1vQmMzTGhraFdhYVVHYUhYNTRDNi1Ec3ZVNWRjdm5DMWU3RS1wcnhTZDc1VVVxZFFha2tUbWlnZjRSbnc?oc=5"" target=""_blank"">3 held for Rs 2.07-crore digital arrest fraud targeting retiree</a>&nbsp;&nbsp;<font color=""#6f6f6f"">Telegraph India</font>",1,Digital Arrest,,News Report,English,Critical,,Unknown,https://news.google.com/rss/articles/CBMiuAFBVV95cUxPbElxOWVqbUpMVXJ5a1czTmgwSnJjR1VWZ1Roc3ltQmJSNkZsSUJ0eHl0NHlJLUJWcU9vd3JiVVczdWFuQVoxN2ViT0E2NmMxd2I5Sy1fNWkyZXNGajVlbTMtQUg0NmlvNFNZN241OGViM1R0WW5CXzh6M3Izbk91RlQzeHp2akpJMHhmMGhQRzdseHZUSWROUzhjUi1oeGU1TTdFYlY2bHBiLThVRDZReE12YjFWMzFm0gG-AUFVX3lxTE9LcG5TRGlLNFluSUhJUnRMaWpVZGZlcUNWSFlyQjdDc1poRXo3Vkc2UDRTUk1fbGlGYVRiNkYxTXpJWmFxSEU1U0tVckN6TnUyUWdaNjc0dmlDV29FelBBYW03ZDdya3Ffa3gwajZ2Tmc4QmxJT09WVUtFdU44TnF0dy1vQmMzTGhraFdhYVVHYUhYNTRDNi1Ec3ZVNWRjdm5DMWU3RS1wcnhTZDc1VVVxZFFha2tUbWlnZjRSbnc?oc=5,Google News RSS,"Sat, 04 Jul 2026 07:00:00 GMT",2026-08-14T09:01:25.645077,India,0,1
204,,"<a href=""https://news.google.com/rss/articles/CBMizgFBVV95cUxQNG1ZTkFueEEyT2F5aHhVbHVramZVcDZjSmlqdEVOdXUyUFZKeGo5MUdBNFFVQ2dHelkyTERMSWk1UGtSQnhwRG9famlrdDY2ejFJTXJsRC1OcUpoTGM1ZTdMLUg0Y2VubzRySmFHS0xidk5RN2Ryc3hqT2k1bEVIbll5Vkd6c29ORndpSjdYVDhUb0xwSERCbnNxNjZlRTZvcGFqUFR6YzlKUndyUEowN0lMNmtvcUduSGlvNUFFU1E0bHZCdGZiX2dwZndIQdIB0wFBVV95cUxQZEdSVEpBRWt3RlZzWjdtRmZiV2pWRXgzVjQ2WlFnd2FRcVBNMjR5cklVOVlvZHJyRUhzZ3JjOURGVmhjaWVpanRxbXEtNWxRZWpsME9SYVZFWGU4RUZueXI2Q0xObjBENWVqNHBYUGFVRkJyOF84Qjl4dC1CLTJiSXltZVBNMk5HY0RFT1VXSFFTYlBCMzZQR3JDU3BHWW9GSksxUDBZeld6ZjhUY25fT01fVDE4bTRzTTQxNElrWVZiVllpUHZ6dzk0Y2tLQkdUMXBR?oc=5"" target=""_blank"">Kothrud senior citizen loses Rs74 lakh in digital arrest scam</a>&nbsp;&nbsp;<font color=""#6f6f6f"">The Times of India</font>",1,Digital Arrest,,News Report,English,Critical,,Unknown,https://news.google.com/rss/articles/CBMizgFBVV95cUxQNG1ZTkFueEEyT2F5aHhVbHVramZVcDZjSmlqdEVOdXUyUFZKeGo5MUdBNFFVQ2dHelkyTERMSWk1UGtSQnhwRG9famlrdDY2ejFJTXJsRC1OcUpoTGM1ZTdMLUg0Y2VubzRySmFHS0xidk5RN2Ryc3hqT2k1bEVIbll5Vkd6c29ORndpSjdYVDhUb0xwSERCbnNxNjZlRTZvcGFqUFR6YzlKUndyUEowN0lMNmtvcUduSGlvNUFFU1E0bHZCdGZiX2dwZndIQdIB0wFBVV95cUxQZEdSVEpBRWt3RlZzWjdtRmZiV2pWRXgzVjQ2WlFnd2FRcVBNMjR5cklVOVlvZHJyRUhzZ3JjOURGVmhjaWVpanRxbXEtNWxRZWpsME9SYVZFWGU4RUZueXI2Q0xObjBENWVqNHBYUGFVRkJyOF84Qjl4dC1CLTJiSXltZVBNMk5HY0RFT1VXSFFTYlBCMzZQR3JDU3BHWW9GSksxUDBZeld6ZjhUY25fT01fVDE4bTRzTTQxNElrWVZiVllpUHZ6dzk0Y2tLQkdUMXBR?oc=5,Google News RSS,"Sat, 04 Jul 2026 07:00:00 GMT",2026-08-14T09:01:27.581890,India,0,1
205,,"<a href=""https://news.google.com/rss/articles/CBMiywFBVV95cUxNQzdfVXFPRTJSTm1KRFZGUGczdU9rRWU1QTRMZXN2bVAxXzZfTTBQVzlIM3JRV0ZRRW01clVkU042QTRpMFk0aGV5bHZFS0RsX0FaNjJKWjA5TVJscWlmOW9WSV9LLUZXUV9PNDlTamEzUnVjN01ua0t3c2hzN0dmcDMzZTQ2QjRvMWlEdUF1bWdlVzFPR1FQMmJQVTNUVzFQcng3NEFzd2lOMW9sNWU3X1dQbGlqV0hsaVl2dENWRzUydGI3WFloUmJTdw?oc=5"" target=""_blank"">'Digital arrest' fraud: CBI arrests 3 for duping Rs 2.07 crore from retired govt employee</a>&nbsp;&nbsp;<font color=""#6f6f6f"">Deccan Herald</font>",1,Digital Arrest,,News Report,English,Critical,CBI,Unknown,https://news.google.com/rss/articles/CBMiywFBVV95cUxNQzdfVXFPRTJSTm1KRFZGUGczdU9rRWU1QTRMZXN2bVAxXzZfTTBQVzlIM3JRV0ZRRW01clVkU042QTRpMFk0aGV5bHZFS0RsX0FaNjJKWjA5TVJscWlmOW9WSV9LLUZXUV9PNDlTamEzUnVjN01ua0t3c2hzN0dmcDMzZTQ2QjRvMWlEdUF1bWdlVzFPR1FQMmJQVTNUVzFQcng3NEFzd2lOMW9sNWU3X1dQbGlqV0hsaVl2dENWRzUydGI3WFloUmJTdw?oc=5,Google News RSS,"Fri, 03 Jul 2026 07:00:00 GMT",2026-08-14T09:01:29.416137,India,0,1
206,,"<a href=""https://news.google.com/rss/articles/CBMi0AFBVV95cUxPY0drWElLTXBvTTJLN2VkQ2VyaWdITUMwazNwMjlJbnBGMUxIcGtxWWFKNXg5RHJ4aVA4MVhzX0M3LVFjUjF1ZmJZUGNrY21wTENXczRjZVBOSzlNVnFSejJtVHktNkJERS1VV0x1NG45d1JoUkdxajE3cnk3QkFYeW9kcndiNk54VzBVTXY1LWRkcDBLc1NOTXJJUGpYUEZCTnJOU01kdDNPRzdNdWtIRDdMR0ZSeTNxNVh2dk1XUnlVbFQ4SGQ1aVp0Y0NuWXVL0gHWAUFVX3lxTE5FN3UyMndhSWw2TTNiY1IwczlnSU5qYkwyMDZHd1VLd2RSNXVnQ0NnTU5JUEJlVmdRbHBmQ0o4bU5XQjZ6cFNQRkZ3UG51anJTUnVzZnMwd1lVZjh0UlRaa2RPRmk4RWdWUFNUaVdQenNGSXN6cU9odGFpTmFzQ0NjcjBpYTlzWkhNYVFTOWU3OF9wNUJNNjJxRXRUcUI3Q1hEMGtlVlYybzN4VjNVZDBHRUxLalQwT2lwTTJJUnlCNUxIeXZOSWNMZzZSRFJaT094NnhJUUE?oc=5"" target=""_blank"">'Digital Arrest' Scam Duped Nearly 3 Lakh Indians, Cost Rs 4,057 Crore Since 2022 | Exclusive</a>&nbsp;&nbsp;<font color=""#6f6f6f"">News18</font>",1,Digital Arrest,,News Report,English,Critical,,Unknown,https://news.google.com/rss/articles/CBMi0AFBVV95cUxPY0drWElLTXBvTTJLN2VkQ2VyaWdITUMwazNwMjlJbnBGMUxIcGtxWWFKNXg5RHJ4aVA4MVhzX0M3LVFjUjF1ZmJZUGNrY21wTENXczRjZVBOSzlNVnFSejJtVHktNkJERS1VV0x1NG45d1JoUkdxajE3cnk3QkFYeW9kcndiNk54VzBVTXY1LWRkcDBLc1NOTXJJUGpYUEZCTnJOU01kdDNPRzdNdWtIRDdMR0ZSeTNxNVh2dk1XUnlVbFQ4SGQ1aVp0Y0NuWXVL0gHWAUFVX3lxTE5FN3UyMndhSWw2TTNiY1IwczlnSU5qYkwyMDZHd1VLd2RSNXVnQ0NnTU5JUEJlVmdRbHBmQ0o4bU5XQjZ6cFNQRkZ3UG51anJTUnVzZnMwd1lVZjh0UlRaa2RPRmk4RWdWUFNUaVdQenNGSXN6cU9odGFpTmFzQ0NjcjBpYTlzWkhNYVFTOWU3OF9wNUJNNjJxRXRUcUI3Q1hEMGtlVlYybzN4VjNVZDBHRUxLalQwT2lwTTJJUnlCNUxIeXZOSWNMZzZSRFJaT094NnhJUUE?oc=5,Google News RSS,"Mon, 06 Jul 2026 07:00:00 GMT",2026-08-14T09:01:31.288890,India,0,1
207,,"<a href=""https://news.google.com/rss/articles/CBMiYkFVX3lxTFBHQXhHTTdXR3d6amlFdUQ4cnJaZFNQdThwLVUtaUp4eHNnV2hoZEFNVU5wd1ZDQjJjM3VwdklIVlJNLXI2cktsRmxqZUN1aTYtZHd3QlM2OURNNXRObEtDcmFn?oc=5"" target=""_blank"">Digital Arrest Cyber Scams Cost Indians ₹4,057 Crore in Four Years</a>&nbsp;&nbsp;<font color=""#6f6f6f"">The420.in</font>",1,Digital Arrest,,News Report,English,Critical,,Unknown,https://news.google.com/rss/articles/CBMiYkFVX3lxTFBHQXhHTTdXR3d6amlFdUQ4cnJaZFNQdThwLVUtaUp4eHNnV2hoZEFNVU5wd1ZDQjJjM3VwdklIVlJNLXI2cktsRmxqZUN1aTYtZHd3QlM2OURNNXRObEtDcmFn?oc=5,Google News RSS,"Tue, 07 Jul 2026 07:00:00 GMT",2026-08-14T09:01:33.262023,India,0,1
208,,"<a href=""https://news.google.com/rss/articles/CBMiugFBVV95cUxQaVh1MHZPeGtWdDVOZ0lxNFdYbVBqRmRTek81UElyYkludEFvaUY4RFdWRU9tVmVoSWo5RzBlaWZHNG4zS1lubTB4alFxeUljc0xPNXQ1QkUydGlkU2Y5dUlyRXhveUVKdzNsekVsNV9YeHVOMVNNc1FwdXRITl8zczMtQkxjTVkyRFVqd0pIQ3k2TVJ0WWhMTElrUGhEcGlOMzQwMzhNVktqalR2U3dMOWFfTFFSN0RYcmc?oc=5"" target=""_blank"">Jammu and Kashmir to Launch Digital Arrest Prevention Mechanism to Tackle Cyber Frauds</a>&nbsp;&nbsp;<font color=""#6f6f6f"">Kashmir Life</font>",1,Digital Arrest,,News Report,English,High,,Unknown,https://news.google.com/rss/articles/CBMiugFBVV95cUxQaVh1MHZPeGtWdDVOZ0lxNFdYbVBqRmRTek81UElyYkludEFvaUY4RFdWRU9tVmVoSWo5RzBlaWZHNG4zS1lubTB4alFxeUljc0xPNXQ1QkUydGlkU2Y5dUlyRXhveUVKdzNsekVsNV9YeHVOMVNNc1FwdXRITl8zczMtQkxjTVkyRFVqd0pIQ3k2TVJ0WWhMTElrUGhEcGlOMzQwMzhNVktqalR2U3dMOWFfTFFSN0RYcmc?oc=5,Google News RSS,"Mon, 06 Jul 2026 07:00:00 GMT",2026-08-14T09:01:35.159453,India,0,1
209,,"<a href=""https://news.google.com/rss/articles/CBMiuAFBVV95cUxNMlgydmdPajcyWnNxOF9RN1lGNng2MmRBRVJWV2N6WE1ISVpDMFpmZE05R3UtMzRZeG5DOXVBRW1EelVsUUp0TS13YW56OC1odDh2TUZMQlk1OG1GcmN0SEM1SE9STlBhdHYyMGtaVWN1TEwzVGMxV3h4SGxVLTRvYW9HcS1LVjZ1SDkyN3J3c2NpQkFUMzVfRldPNGdSV0QzQy1fTlFlTkF3STEzVmZPU3FmdHdnN0d20gG-AUFVX3lxTE1pdkZ2Z1RKbDdSamNkdkx3YjdPZlhfdDN0MXRaQmI5X2l6d3lxaWJqNFpXcEpIMkZaeE1ONUpUdUc4MENXRWhRcUpFRWVtOE0wSEwxaHlSODVXYW93X2V3MlllRmlTR01oaXpjLURvSkppRXJFZEY3RTZyV3R0SThfWVBmazIyU182UUpTam9UUzZhUHVBaHJFbXo2QWFGX1ZPbnhxZUE2UThFNHBvUkFhX2xVWGVEM0RKWkhFeFE?oc=5"" target=""_blank"">CBI nabs three people in ₹2.07 cr digital arrest scam</a>&nbsp;&nbsp;<font color=""#6f6f6f"">The Economic Times</font>",1,Digital Arrest,,News Report,English,High,CBI,Unknown,https://news.google.com/rss/articles/CBMiuAFBVV95cUxNMlgydmdPajcyWnNxOF9RN1lGNng2MmRBRVJWV2N6WE1ISVpDMFpmZE05R3UtMzRZeG5DOXVBRW1EelVsUUp0TS13YW56OC1odDh2TUZMQlk1OG1GcmN0SEM1SE9STlBhdHYyMGtaVWN1TEwzVGMxV3h4SGxVLTRvYW9HcS1LVjZ1SDkyN3J3c2NpQkFUMzVfRldPNGdSV0QzQy1fTlFlTkF3STEzVmZPU3FmdHdnN0d20gG-AUFVX3lxTE1pdkZ2Z1RKbDdSamNkdkx3YjdPZlhfdDN0MXRaQmI5X2l6d3lxaWJqNFpXcEpIMkZaeE1ONUpUdUc4MENXRWhRcUpFRWVtOE0wSEwxaHlSODVXYW93X2V3MlllRmlTR01oaXpjLURvSkppRXJFZEY3RTZyV3R0SThfWVBmazIyU182UUpTam9UUzZhUHVBaHJFbXo2QWFGX1ZPbnhxZUE2UThFNHBvUkFhX2xVWGVEM0RKWkhFeFE?oc=5,Google News RSS,"Fri, 03 Jul 2026 07:00:00 GMT",2026-08-14T09:01:38.864926,India,0,1
210,,"<a href=""https://news.google.com/rss/articles/CBMiwgFBVV95cUxQcHJEMmVqeVVtang0TUYtSm1PcWdNOE5nYldfeV95UWdQVWZZSnRBb3poa0ZWZ0NwYkJlczA3UDhMN1pyYTk5cGNVLVc0NnNadWtiTENpTTNhU1RRZ2RMNGFXM1FSckJMY3FmWVR4Y1lfc01hQ2lmcHdYTjkwNktuc29qQXFwSnVpcS1KcFp3WEZhREkxRXV0ME1kd3dqcnlqdUNxRWRpOTJIX2h0V3BmY1U5Q1U1cTBpdFd4QTkwQTdTZw?oc=5"" target=""_blank"">CBI CONDUCTS SEARCHES IN ODISHA AND RAJASTHAN IN DIGITAL ARREST SCAM CASE; THREE ACCUSED ARRESTED</a>&nbsp;&nbsp;<font color=""#6f6f6f"">Face2News</font>",1,Digital Arrest,,News Report,English,High,CBI,Unknown,https://news.google.com/rss/articles/CBMiwgFBVV95cUxQcHJEMmVqeVVtang0TUYtSm1PcWdNOE5nYldfeV95UWdQVWZZSnRBb3poa0ZWZ0NwYkJlczA3UDhMN1pyYTk5cGNVLVc0NnNadWtiTENpTTNhU1RRZ2RMNGFXM1FSckJMY3FmWVR4Y1lfc01hQ2lmcHdYTjkwNktuc29qQXFwSnVpcS1KcFp3WEZhREkxRXV0ME1kd3dqcnlqdUNxRWRpOTJIX2h0V3BmY1U5Q1U1cTBpdFd4QTkwQTdTZw?oc=5,Google News RSS,"Sat, 04 Jul 2026 07:00:00 GMT",2026-08-14T09:01:40.710724,India,0,1
211,,"<a href=""https://news.google.com/rss/articles/CBMi1wFBVV95cUxOTWIwMlBkLVNlcmN5bjE3anJWdGtmQUl1cHc0SXdiUXotekx4QVRnTnhzY3N1cHNtdE9BLWtXTENzdFIydnRnc3NWT1BfaXhMaXNOdUV5TlFBY2w2cjNIYmpjYTBwNGhHWG5UdlpCZGJyRVZJV1ZVX1R0T3dWVjlvYjM1TWF6d3UzTDNIQ1pHbldTeHBkNTI1dFVERjNyWXozbm9JT0s2TlhHOW81WlNRa1lzcE5GbWdKOGtSVzFyYVBiOFJ5a1p3NjVDaDJXeGZLVnFCMk9RRdIB3AFBVV95cUxNeUp6TDREWkljM3FhN1RESXo4MVFvWXU5YTI3QnhnM0Z6b1k1cXgxbTNsM0ZRV2VsU3g3SG5NeWJFU2tBZXNYMGp4MXN3bC1LR1VrTUFwMk9Hb3JTdUFaVHBZNXRvejB5dGdaR21qakltRVNGZ3hyUl9UMlBDaG5hZkFXaTZJbnh5UlVTX3dIS1ZQTC1jd3NQeHlPd0dfeWIyZU5GV3pTc3h3NFhjRlpaTGdnR3JpeHR1alUzYjRJUWUxemFpWWtYa2NTeUFzc0VvU0hIN1JQWjFiMHZl?oc=5"" target=""_blank"">Retired Patna Professor Duped Of Rs 82.53 Lakh In Eight-Day 'Digital Arrest' Cyber Fraud</a>&nbsp;&nbsp;<font color=""#6f6f6f"">ETV Bharat</font>",1,Digital Arrest,,News Report,English,Critical,,Unknown,https://news.google.com/rss/articles/CBMi1wFBVV95cUxOTWIwMlBkLVNlcmN5bjE3anJWdGtmQUl1cHc0SXdiUXotekx4QVRnTnhzY3N1cHNtdE9BLWtXTENzdFIydnRnc3NWT1BfaXhMaXNOdUV5TlFBY2w2cjNIYmpjYTBwNGhHWG5UdlpCZGJyRVZJV1ZVX1R0T3dWVjlvYjM1TWF6d3UzTDNIQ1pHbldTeHBkNTI1dFVERjNyWXozbm9JT0s2TlhHOW81WlNRa1lzcE5GbWdKOGtSVzFyYVBiOFJ5a1p3NjVDaDJXeGZLVnFCMk9RRdIB3AFBVV95cUxNeUp6TDREWkljM3FhN1RESXo4MVFvWXU5YTI3QnhnM0Z6b1k1cXgxbTNsM0ZRV2VsU3g3SG5NeWJFU2tBZXNYMGp4MXN3bC1LR1VrTUFwMk9Hb3JTdUFaVHBZNXRvejB5dGdaR21qakltRVNGZ3hyUl9UMlBDaG5hZkFXaTZJbnh5UlVTX3dIS1ZQTC1jd3NQeHlPd0dfeWIyZU5GV3pTc3h3NFhjRlpaTGdnR3JpeHR1alUzYjRJUWUxemFpWWtYa2NTeUFzc0VvU0hIN1JQWjFiMHZl?oc=5,Google News RSS,"Sat, 04 Jul 2026 07:00:00 GMT",2026-08-14T09:01:44.641890,India,0,1
212,,"<a href=""https://news.google.com/rss/articles/CBMimAFBVV95cUxNX3dfVlBvbFJYdDFlc2FTcEFSamlHalFkMTJKTjJubVB0UldtOWNFdkZkc0NhMEFyTmNuWVZkV2hjZmhoX0pFUkZSLU5zLUFWSDExb1VIeF91bzl6VDFCSlpoZUtNYTUwUkc1REZKS3lGNC1HblBIdGdCdVRfX3JPX2tVRkhPOTJPcnJEd0VvZUpOSngyZkJFVA?oc=5"" target=""_blank"">CBI arrests three in Rs 2.07-Crore ‘digital arrest’ cyber fraud case</a>&nbsp;&nbsp;<font color=""#6f6f6f"">Telangana Today</font>",1,Digital Arrest,,News Report,English,Critical,CBI,Unknown,https://news.google.com/rss/articles/CBMimAFBVV95cUxNX3dfVlBvbFJYdDFlc2FTcEFSamlHalFkMTJKTjJubVB0UldtOWNFdkZkc0NhMEFyTmNuWVZkV2hjZmhoX0pFUkZSLU5zLUFWSDExb1VIeF91bzl6VDFCSlpoZUtNYTUwUkc1REZKS3lGNC1HblBIdGdCdVRfX3JPX2tVRkhPOTJPcnJEd0VvZUpOSngyZkJFVA?oc=5,Google News RSS,"Fri, 03 Jul 2026 07:00:00 GMT",2026-08-14T09:01:46.547106,India,0,1
213,,"<a href=""https://news.google.com/rss/articles/CBMi1wFBVV95cUxQRGVSRDhzRmNkQ2M4OUVWVEJqN0NNWlJkaTBydmpnQjlDeWJIU0RQRzBSWS04aVV2anVOLTNhb1VSYWFuY3ZPeGQzMDB6Zkt5Qmp2aWkxZE9PNGliMDNKdWJSM3BoblZHam8wZU4wR2dMRS0xbF9IYjBGZUJmdDV0ajJnVmtNTHlUSkpNZzFxWjhtMkJVcXNLZDlOWnlZeG82S3d1N09haWRYR243cG1WTGhfblNGVWVfcUNtZF93eHl6UEJWU1k2T3pURm10MHFiVGtQTTV5SdIB3AFBVV95cUxPdVVZRHZHOXJpdDFpaTU1emtGYzJoQUp0Zk9CRGE2MTlTdWpmSXVNT0lpemRxLWItUzdxai1FQkRiRU55YzBmWjh3RW5yNDZIRlBmbDlzQlZuMzF1R1pVVTBTc0NISHQ5bjd6VUJrRWVUVzE4VHdKLXN6NmYzS2FuSk5CSzVtWGo1X3NiVHZpT2g5ckJyU1h3LS1HU0l2S1p2bURYWXVDMmxUU2I1QzNkRzM0dXNOcmJpYmJuT2NpRFM2dlRrLUt4LW95ZUtReDR0eDhybUQxME1CV0gy?oc=5"" target=""_blank"">Six citizens scammed in online, digital arrest frauds over last 3 days</a>&nbsp;&nbsp;<font color=""#6f6f6f"">The Times of India</font>",1,Digital Arrest,,News Report,English,High,,Unknown,https://news.google.com/rss/articles/CBMi1wFBVV95cUxQRGVSRDhzRmNkQ2M4OUVWVEJqN0NNWlJkaTBydmpnQjlDeWJIU0RQRzBSWS04aVV2anVOLTNhb1VSYWFuY3ZPeGQzMDB6Zkt5Qmp2aWkxZE9PNGliMDNKdWJSM3BoblZHam8wZU4wR2dMRS0xbF9IYjBGZUJmdDV0ajJnVmtNTHlUSkpNZzFxWjhtMkJVcXNLZDlOWnlZeG82S3d1N09haWRYR243cG1WTGhfblNGVWVfcUNtZF93eHl6UEJWU1k2T3pURm10MHFiVGtQTTV5SdIB3AFBVV95cUxPdVVZRHZHOXJpdDFpaTU1emtGYzJoQUp0Zk9CRGE2MTlTdWpmSXVNT0lpemRxLWItUzdxai1FQkRiRU55YzBmWjh3RW5yNDZIRlBmbDlzQlZuMzF1R1pVVTBTc0NISHQ5bjd6VUJrRWVUVzE4VHdKLXN6NmYzS2FuSk5CSzVtWGo1X3NiVHZpT2g5ckJyU1h3LS1HU0l2S1p2bURYWXVDMmxUU2I1QzNkRzM0dXNOcmJpYmJuT2NpRFM2dlRrLUt4LW95ZUtReDR0eDhybUQxME1CV0gy?oc=5,Google News RSS,"Mon, 06 Jul 2026 07:00:00 GMT",2026-08-14T09:01:48.400817,India,0,1
214,,"<a href=""https://news.google.com/rss/articles/CBMiyAFBVV95cUxQR2NkbW5zTGpKRFEwN2tIdHRQbWhRSUU5OGMwaHUtZHBqa3J4WVNEYWh1TXJab3hrbi1zOWxpLVkxZl9wSFB1ZnhvNVpaQ1oyTVB5aXloYUE5ZDV4NldaUkpQZ2lPc0IzZ3VUSk55cXhVR016ZHlpbVNjNk40aGR3TVI5TWJDTmM5S1BqdkZLdDhwVFZYakthd3AteDN0V0ZrLVVLT1BVQ1AwX0IwRFZxTFZHVG44TEd1ZFVPeV95cU5fMkdfSGFUZ9IBzgFBVV95cUxPYklDX21KZzZmSGpac2NxYktIRE9VRUhDak1NOHVKRWJoSWR5bVpQZUNPelplVTFxZVpVQXVwWVYzLVREZkVBdXNZSjNYOGFUeHpOYVFNb2Z6TlYwS2pPYUNUUXdNajB5MlhCOFRrZVk5VWZ3dkVBQmxpOTJlNjJ4MDdwLVhQUEJwaENiYlljSWdibEcyVTA4VFFwSnZBeVhhLS1BOTJUNUpnRExURVZVUGM1X0JCdVpGcWVkbkxHcElTRFFnb21nbTNsRG1RQQ?oc=5"" target=""_blank"">Digital Arrest: Retd railway officer duped of Rs 45 lakh</a>&nbsp;&nbsp;<font color=""#6f6f6f"">The Times of India</font>",1,Digital Arrest,,News Report,English,Critical,,Unknown,https://news.google.com/rss/articles/CBMiyAFBVV95cUxQR2NkbW5zTGpKRFEwN2tIdHRQbWhRSUU5OGMwaHUtZHBqa3J4WVNEYWh1TXJab3hrbi1zOWxpLVkxZl9wSFB1ZnhvNVpaQ1oyTVB5aXloYUE5ZDV4NldaUkpQZ2lPc0IzZ3VUSk55cXhVR016ZHlpbVNjNk40aGR3TVI5TWJDTmM5S1BqdkZLdDhwVFZYakthd3AteDN0V0ZrLVVLT1BVQ1AwX0IwRFZxTFZHVG44TEd1ZFVPeV95cU5fMkdfSGFUZ9IBzgFBVV95cUxPYklDX21KZzZmSGpac2NxYktIRE9VRUhDak1NOHVKRWJoSWR5bVpQZUNPelplVTFxZVpVQXVwWVYzLVREZkVBdXNZSjNYOGFUeHpOYVFNb2Z6TlYwS2pPYUNUUXdNajB5MlhCOFRrZVk5VWZ3dkVBQmxpOTJlNjJ4MDdwLVhQUEJwaENiYlljSWdibEcyVTA4VFFwSnZBeVhhLS1BOTJUNUpnRExURVZVUGM1X0JCdVpGcWVkbkxHcElTRFFnb21nbTNsRG1RQQ?oc=5,Google News RSS,"Thu, 09 Jul 2026 07:00:00 GMT",2026-08-14T09:01:50.323189,India,0,1
215,,"<a href=""https://news.google.com/rss/articles/CBMi7AFBVV95cUxONDZJMTYwR1JVc1JYQUJJRHJRb3pYYUllSVp1ZVRVZjhFME9IT2I1SFZUVl9aaWpTWWNQN1E0OFozWjJ1TUs0bW9CYkhsY1pNLVdhcEI1Q05uZEVFcV9XOERHRlMwQVVjbEw4VVF2QUtGOE4xUGRxZXZYZ2drc2dyNDJFVlJXdkQ1dWlYcHd4bFNMU3hMc1hBUXdYWUZ5LTB6SzhodFdFdlZZMVAxOU5DRUp0d2ZNYUM5SUpEOHdPNUJzS1F2WGE4TnRST0xxbmh5ellKRUQ4U3IxUTlZcjFGVjB0MmtmZEl5UzNXedIB8gFBVV95cUxNWnRFOHdya3ZkRjBtbHJmOEtlWDN3VUVPSmJEUGg3T2RFZUFuc2xQdUgwbTljbEpWQ183R0tvV3VqWnhIc0RCUUROcTZfV0FtLVozMVROWmNPeHRGQkZhVmpEU0xYLVZhYmlkR3paY2tTQjJXZ1RfRDZubE90cjlOb0N2X05xcXZCS2dNT25uZWFZdks3al8yVTMxVmsta012cjJDLUI0LWcyZXUzckpZWVlQemwyeXlacE9JSTd0U2k3cXBVMndnZ1ppQmlVU0xlU19sTjl3Ykc1RkcyWkFzd2tpdUNCME43aEEyeXMtLUY5QQ?oc=5"" target=""_blank"">Cyberfrauds keep ex-Army man from Patna under 10-day ‘digital arrest’, dupes Rs 3 lakh</a>&nbsp;&nbsp;<font color=""#6f6f6f"">The Times of India</font>",1,Digital Arrest,,News Report,English,Critical,,Unknown,https://news.google.com/rss/articles/CBMi7AFBVV95cUxONDZJMTYwR1JVc1JYQUJJRHJRb3pYYUllSVp1ZVRVZjhFME9IT2I1SFZUVl9aaWpTWWNQN1E0OFozWjJ1TUs0bW9CYkhsY1pNLVdhcEI1Q05uZEVFcV9XOERHRlMwQVVjbEw4VVF2QUtGOE4xUGRxZXZYZ2drc2dyNDJFVlJXdkQ1dWlYcHd4bFNMU3hMc1hBUXdYWUZ5LTB6SzhodFdFdlZZMVAxOU5DRUp0d2ZNYUM5SUpEOHdPNUJzS1F2WGE4TnRST0xxbmh5ellKRUQ4U3IxUTlZcjFGVjB0MmtmZEl5UzNXedIB8gFBVV95cUxNWnRFOHdya3ZkRjBtbHJmOEtlWDN3VUVPSmJEUGg3T2RFZUFuc2xQdUgwbTljbEpWQ183R0tvV3VqWnhIc0RCUUROcTZfV0FtLVozMVROWmNPeHRGQkZhVmpEU0xYLVZhYmlkR3paY2tTQjJXZ1RfRDZubE90cjlOb0N2X05xcXZCS2dNT25uZWFZdks3al8yVTMxVmsta012cjJDLUI0LWcyZXUzckpZWVlQemwyeXlacE9JSTd0U2k3cXBVMndnZ1ppQmlVU0xlU19sTjl3Ykc1RkcyWkFzd2tpdUNCME43aEEyeXMtLUY5QQ?oc=5,Google News RSS,"Thu, 09 Jul 2026 07:00:00 GMT",2026-08-14T09:01:52.173905,India,0,1
216,,"<a href=""https://news.google.com/rss/articles/CBMigAJBVV95cUxPZTNGM0o0cDJnemVBSEd4SkE4WjJBQS1HSVRjWW5EYUloV19ZWDlQSFJoZE1wbUVjQ2otRmZVWXdsdXB4d1V4Wl9aS3hkNmFKTjFzZk5FRlRVTlNuNzlLb0YzQjY3ZEYzMmZRaTFsWjdjU082Um1jSVZMdmthcmtfUHlHZnVGcEl6bUo1YWpVWGR2WTlhelo1NDlmNi16bnpWTWd2QjBySmlFMUg0UjllNFJGVl9UdVdDYm9JTzdBU1d2MVpfWGdyZ2R2X3V6VEZBNy1ZLThnOEtlSFJmV2RxU3ZlLXJ0ZG9iVERscHF2UEg2VXBIZEVQaGMtUGtpYm1l0gGGAkFVX3lxTFBRdmo1RFJuY2R4QUVXZzVfc2dxRU4xSmFlaUdsYXotcFY1ZDVOa0tpMzZ1NEczelZSWjZibGtaX2k4MkxCdC0zWUg3UWlWYnBFT3hsbGFNdUFjWElFakFBOWQ1R2dMcmtyZThRYm1VSVhCMEViWXpzSk1ScGtNVkFCWC1SWmNHUGQtZVdxRVJySk83T3huU1AwT0Npd1BZSVpIWUg1Q3V3V2dFLU0zUlhZVFBEcnRsVi01cTNuRXU4bEFRcUZHSFd2RV9tUUlrSlQ4YnpHbUw3enZzQW9vckxfMGNEamplYjRjUzFVWk5UbjAwX3FERWN2MkpqU3hzUmQ3VWJDVmc?oc=5"" target=""_blank"">Digital arrest case: 3, including 2 from Odisha, held for duping retd Punjab official of Rs 2cr</a>&nbsp;&nbsp;<font color=""#6f6f6f"">The Times of India</font>",1,Digital Arrest,,News Report,English,High,,Unknown,https://news.google.com/rss/articles/CBMigAJBVV95cUxPZTNGM0o0cDJnemVBSEd4SkE4WjJBQS1HSVRjWW5EYUloV19ZWDlQSFJoZE1wbUVjQ2otRmZVWXdsdXB4d1V4Wl9aS3hkNmFKTjFzZk5FRlRVTlNuNzlLb0YzQjY3ZEYzMmZRaTFsWjdjU082Um1jSVZMdmthcmtfUHlHZnVGcEl6bUo1YWpVWGR2WTlhelo1NDlmNi16bnpWTWd2QjBySmlFMUg0UjllNFJGVl9UdVdDYm9JTzdBU1d2MVpfWGdyZ2R2X3V6VEZBNy1ZLThnOEtlSFJmV2RxU3ZlLXJ0ZG9iVERscHF2UEg2VXBIZEVQaGMtUGtpYm1l0gGGAkFVX3lxTFBRdmo1RFJuY2R4QUVXZzVfc2dxRU4xSmFlaUdsYXotcFY1ZDVOa0tpMzZ1NEczelZSWjZibGtaX2k4MkxCdC0zWUg3UWlWYnBFT3hsbGFNdUFjWElFakFBOWQ1R2dMcmtyZThRYm1VSVhCMEViWXpzSk1ScGtNVkFCWC1SWmNHUGQtZVdxRVJySk83T3huU1AwT0Npd1BZSVpIWUg1Q3V3V2dFLU0zUlhZVFBEcnRsVi01cTNuRXU4bEFRcUZHSFd2RV9tUUlrSlQ4YnpHbUw3enZzQW9vckxfMGNEamplYjRjUzFVWk5UbjAwX3FERWN2MkpqU3hzUmQ3VWJDVmc?oc=5,Google News RSS,"Fri, 03 Jul 2026 07:00:00 GMT",2026-08-14T09:01:54.020115,India,0,1
217,,"<a href=""https://news.google.com/rss/articles/CBMi0gFBVV95cUxQNFhYMnFYNUJmUmtXRlRvVGJZcnRzT0FJdk9iS0w0d2REeDJjeXJ6UjVkZFN6XzYwREhNMTRDSkkxQm14Zlkwb2Eyd2RBdjlvWmNjamtpeDRQQ2ZYa2ZqNm1oQTVFT2VZb3V0OW5PYUtKQzZHM0d2dnRrZVJONXA3d0RWQUpzaklKNTBVNXhfXzJEem9wM0htRnNJaDhJMFZzRFczOTRYQkhIVTNPM0N6V0pvMHhOcHlEVklxWkloNXhPNWNvWFRpN2ZnWmc3LUxjbVHSAdcBQVVfeXFMTVl0eGNteUxmWGtXWHFlOHpZM0dXV2habVRpR3lOWFlVdnlOM0s5S0U0UmsxLTR1RXR4U1JHMHc0X2g4djJnYUlNUExqUFhaVGliYnY2ak04V05lMnRXU2hjVFNEZWVOS0RIeGR1ckJHamZSYUExbHQwRzA3UGd4Mkxoc1RVLWVGX2hUR0RLc2JaQVFBQlNQQVU2SWp5S0tCTl9veGgzNkRUV0d0ekpaN2w1YmFndU5KZFFkVWhBeGh1RGtQVjd6a3ZLd1JiV1kzRTVVeFJZUUU?oc=5"" target=""_blank"">2 held for ₹16L ‘digital arrest’ scam targeting elderly woman</a>&nbsp;&nbsp;<font color=""#6f6f6f"">The Times of India</font>",1,Digital Arrest,,News Report,English,High,,Unknown,https://news.google.com/rss/articles/CBMi0gFBVV95cUxQNFhYMnFYNUJmUmtXRlRvVGJZcnRzT0FJdk9iS0w0d2REeDJjeXJ6UjVkZFN6XzYwREhNMTRDSkkxQm14Zlkwb2Eyd2RBdjlvWmNjamtpeDRQQ2ZYa2ZqNm1oQTVFT2VZb3V0OW5PYUtKQzZHM0d2dnRrZVJONXA3d0RWQUpzaklKNTBVNXhfXzJEem9wM0htRnNJaDhJMFZzRFczOTRYQkhIVTNPM0N6V0pvMHhOcHlEVklxWkloNXhPNWNvWFRpN2ZnWmc3LUxjbVHSAdcBQVVfeXFMTVl0eGNteUxmWGtXWHFlOHpZM0dXV2habVRpR3lOWFlVdnlOM0s5S0U0UmsxLTR1RXR4U1JHMHc0X2g4djJnYUlNUExqUFhaVGliYnY2ak04V05lMnRXU2hjVFNEZWVOS0RIeGR1ckJHamZSYUExbHQwRzA3UGd4Mkxoc1RVLWVGX2hUR0RLc2JaQVFBQlNQQVU2SWp5S0tCTl9veGgzNkRUV0d0ekpaN2w1YmFndU5KZFFkVWhBeGh1RGtQVjd6a3ZLd1JiV1kzRTVVeFJZUUU?oc=5,Google News RSS,"Sun, 05 Jul 2026 07:00:00 GMT",2026-08-14T09:01:55.900306,India,0,1
218,,"<a href=""https://news.google.com/rss/articles/CBMihAFBVV95cUxPSkxWSC02ZEM5bEg2djhqRDFsODNlZ1pxZGswTVoza01sS0FOQVFFbTNEeHlCVGJXbWJUREhiY21TeTdzakpNcDVZX1ZkOUVjWFZnQkRzMVZ0RFRNWkFQSmJuLVV4bGpxaTcybC1RQzl3NHgxengtTTY5RUhxVXB1V3gyd1A?oc=5"" target=""_blank"">Retired Patna Professor Loses ₹82.53 Lakh in Alleged Digital Arrest Scam</a>&nbsp;&nbsp;<font color=""#6f6f6f"">The420.in</font>",1,Digital Arrest,,News Report,English,Critical,,Unknown,https://news.google.com/rss/articles/CBMihAFBVV95cUxPSkxWSC02ZEM5bEg2djhqRDFsODNlZ1pxZGswTVoza01sS0FOQVFFbTNEeHlCVGJXbWJUREhiY21TeTdzakpNcDVZX1ZkOUVjWFZnQkRzMVZ0RFRNWkFQSmJuLVV4bGpxaTcybC1RQzl3NHgxengtTTY5RUhxVXB1V3gyd1A?oc=5,Google News RSS,"Sat, 04 Jul 2026 13:28:53 GMT",2026-08-14T09:01:57.669600,India,0,1
219,,"<a href=""https://news.google.com/rss/articles/CBMihAFBVV95cUxORzFtTTJMeExUczdHdm9pQ3NLZFFNdnJmVHc4M2RuQXZBUnFDYTA0dWhicERCSGpTcTAxekJYcW9zMGVOWGVEZWZyRGJqamJZaWNZSXkxSVg1VnhKaVpxaU5iSDZRYS1VSDhVbEVqTnozRy1qcUV2UDZoeU5XTklhcG93cEw?oc=5"" target=""_blank"">Pune Senior Citizen Cleaned Out Of Millions In ‘Digital Arrest’ Hoax</a>&nbsp;&nbsp;<font color=""#6f6f6f"">The420.in</font>",1,Digital Arrest,,News Report,English,High,,Unknown,https://news.google.com/rss/articles/CBMihAFBVV95cUxORzFtTTJMeExUczdHdm9pQ3NLZFFNdnJmVHc4M2RuQXZBUnFDYTA0dWhicERCSGpTcTAxekJYcW9zMGVOWGVEZWZyRGJqamJZaWNZSXkxSVg1VnhKaVpxaU5iSDZRYS1VSDhVbEVqTnozRy1qcUV2UDZoeU5XTklhcG93cEw?oc=5,Google News RSS,"Sat, 04 Jul 2026 07:00:00 GMT",2026-08-14T09:01:59.571721,India,0,1
220,,"<a href=""https://news.google.com/rss/articles/CBMicEFVX3lxTE1QeDQ5YVpKbERlZ3Nlbk5wX3ZOTXlaNTJ6azBnZGxLYVpmb2wzLTdrSHR2OUlEVU5yNXFvQ0cxdEhPNG42WTlXWXo4WFhvd0dTNHB2WTN6dnlyY01jY3RxSXh2TG0xemM2ZVB6am9LSFU?oc=5"" target=""_blank"">‘Digital Arrest’ Scam: Retired Engineer Duped of ₹33 Crores Over 20-Days</a>&nbsp;&nbsp;<font color=""#6f6f6f"">The420.in</font>",1,Digital Arrest,,News Report,English,Critical,,Unknown,https://news.google.com/rss/articles/CBMicEFVX3lxTE1QeDQ5YVpKbERlZ3Nlbk5wX3ZOTXlaNTJ6azBnZGxLYVpmb2wzLTdrSHR2OUlEVU5yNXFvQ0cxdEhPNG42WTlXWXo4WFhvd0dTNHB2WTN6dnlyY01jY3RxSXh2TG0xemM2ZVB6am9LSFU?oc=5,Google News RSS,"Tue, 07 Jul 2026 07:00:00 GMT",2026-08-14T09:02:03.325692,India,0,1
221,,"<a href=""https://news.google.com/rss/articles/CBMiwwFBVV95cUxOVXB3R2tEX0JGc2FTOWVGWHppSnRGS1pkX2U4dmFtUDhPRWdfNENiYTN3WFM3VnZGWU1EUThBS1BkX282Sk5nWEJ3RW9UWlBvU3R5QlZsMnhhdVlRMF94TUx3dmJqRUR1NjNqekY2WTZJbWJEUndsSEpRUUJHV1lhekxZNWhRNENOaHZ6V1ppOWg2UXJkenhIdVJOLVJWa19HNkVQZFdYRndVUDdJTU9VOUMzT1lxcFBMVWo1bU8yQmJ5YlnSAcgBQVVfeXFMTTQwZzZteUR3NnZFNUlXRFZwSTIyN2tfOXZpWnBEUG5XV3BvZDhROXhJMTRDSWROV044NXJ2LTVDbUNaU2xIOVJrSHR0cGxrRjFISG5rOV9MdnZNdnpPRlNOZXlBLTNyT1hjRXdTdnM2ZDVBRmFhcVdrRm02ak8ycmE4dHVFS1lNWTYzNHY5eXppLTg5Q0N0anRJeWhjLW1HbWNXNWd1Y3ItbnBXem1TczNLTEg1VHRUWGx6amZuV1NibVJtcWVQbWQ?oc=5"" target=""_blank"">Bhaskar exposes digital arrest industry: 55-day undercover probe reveals scam network in Cambodia and Malay...</a>&nbsp;&nbsp;<font color=""#6f6f6f"">Bhaskar English</font>",1,Digital Arrest,,News Report,English,High,,Unknown,https://news.google.com/rss/articles/CBMiwwFBVV95cUxOVXB3R2tEX0JGc2FTOWVGWHppSnRGS1pkX2U4dmFtUDhPRWdfNENiYTN3WFM3VnZGWU1EUThBS1BkX282Sk5nWEJ3RW9UWlBvU3R5QlZsMnhhdVlRMF94TUx3dmJqRUR1NjNqekY2WTZJbWJEUndsSEpRUUJHV1lhekxZNWhRNENOaHZ6V1ppOWg2UXJkenhIdVJOLVJWa19HNkVQZFdYRndVUDdJTU9VOUMzT1lxcFBMVWo1bU8yQmJ5YlnSAcgBQVVfeXFMTTQwZzZteUR3NnZFNUlXRFZwSTIyN2tfOXZpWnBEUG5XV3BvZDhROXhJMTRDSWROV044NXJ2LTVDbUNaU2xIOVJrSHR0cGxrRjFISG5rOV9MdnZNdnpPRlNOZXlBLTNyT1hjRXdTdnM2ZDVBRmFhcVdrRm02ak8ycmE4dHVFS1lNWTYzNHY5eXppLTg5Q0N0anRJeWhjLW1HbWNXNWd1Y3ItbnBXem1TczNLTEg1VHRUWGx6amZuV1NibVJtcWVQbWQ?oc=5,Google News RSS,"Thu, 09 Jul 2026 07:00:00 GMT",2026-08-14T09:02:05.329678,India,0,1
222,,"<a href=""https://news.google.com/rss/articles/CBMihgFBVV95cUxON3djVGVoNEhhYUpNMWtEUC1nRUxTbDBYckdETjVvRjliRjE0SFlaY2JkYzFBRUJxUGw4TkZkYUdOYWhlaWRZRjRaY2ZSYlN0cFdGLU51OGtmNlM5eUtuX0xBd1kybXQzR1RsTWwyalhTQUQzN0VTZXlRNkpLUFd1bkRqVEh4dw?oc=5"" target=""_blank"">J&amp;K Steps Up Fight Against Digital Arrest Scams With New Prevention Plan</a>&nbsp;&nbsp;<font color=""#6f6f6f"">The420.in</font>",1,Digital Arrest,,News Report,English,High,,Unknown,https://news.google.com/rss/articles/CBMihgFBVV95cUxON3djVGVoNEhhYUpNMWtEUC1nRUxTbDBYckdETjVvRjliRjE0SFlaY2JkYzFBRUJxUGw4TkZkYUdOYWhlaWRZRjRaY2ZSYlN0cFdGLU51OGtmNlM5eUtuX0xBd1kybXQzR1RsTWwyalhTQUQzN0VTZXlRNkpLUFd1bkRqVEh4dw?oc=5,Google News RSS,"Wed, 08 Jul 2026 07:00:00 GMT",2026-08-14T09:02:07.474519,India,0,1
223,,"<a href=""https://news.google.com/rss/articles/CBMi0wFBVV95cUxOSHA5WEtmVmY4SXFLQmNMdkV6OUNTSWZpbm11aDdCN010NGNaSktZYktQOFNJNGN5UmZmRU5kRGN6S2dTU1N3RnR4MHpkMnV6NGpwXzRBMnhmNVJWOEdTY3Z3S25DMG9ZMVQ2SjRVWTlGaGhwMnRsRkI5cURqMUdTVTdYNm4xZmFDXy14aWdlNkVLV0I1Wkl1VkhIbzRUYXFQVjZMbWtHMHFfRUtUOGw2eDViaHh4Qm8yczZjLV9PN3daR2RUbzBVSG94VXllTEhwQ3FZ0gHYAUFVX3lxTE5ST1BUc1lIVHVLV0hzZHh2c2NWWTNQcmg3eF92THBkeUJzZUNuVWRTelNDNEJOOHJwVktKclBRWG5uaURoOTF5YzhLVzAzS1ZBWFhBT2ZoS3pDM2tBSVkzbV9jU295dVR0N0FoV3JnMVh2cS1HcG9SVnZINURHeXI4UzFjSE5oV2trLTRpZUtGQzk2ekxQN1lNdm1mZkdzNVV6VGpZV0JZb3VfQkthWnBUci0yTE4wbTFETjdPVlhTSUMyZDRBVDJOdGlsWXJZVC1zSVhRdnVGNw?oc=5"" target=""_blank"">Retd teacher put under ‘digital arrest’ for 5 days, duped of Rs25L</a>&nbsp;&nbsp;<font color=""#6f6f6f"">The Times of India</font>",1,Digital Arrest,,News Report,English,High,,Unknown,https://news.google.com/rss/articles/CBMi0wFBVV95cUxOSHA5WEtmVmY4SXFLQmNMdkV6OUNTSWZpbm11aDdCN010NGNaSktZYktQOFNJNGN5UmZmRU5kRGN6S2dTU1N3RnR4MHpkMnV6NGpwXzRBMnhmNVJWOEdTY3Z3S25DMG9ZMVQ2SjRVWTlGaGhwMnRsRkI5cURqMUdTVTdYNm4xZmFDXy14aWdlNkVLV0I1Wkl1VkhIbzRUYXFQVjZMbWtHMHFfRUtUOGw2eDViaHh4Qm8yczZjLV9PN3daR2RUbzBVSG94VXllTEhwQ3FZ0gHYAUFVX3lxTE5ST1BUc1lIVHVLV0hzZHh2c2NWWTNQcmg3eF92THBkeUJzZUNuVWRTelNDNEJOOHJwVktKclBRWG5uaURoOTF5YzhLVzAzS1ZBWFhBT2ZoS3pDM2tBSVkzbV9jU295dVR0N0FoV3JnMVh2cS1HcG9SVnZINURHeXI4UzFjSE5oV2trLTRpZUtGQzk2ekxQN1lNdm1mZkdzNVV6VGpZV0JZb3VfQkthWnBUci0yTE4wbTFETjdPVlhTSUMyZDRBVDJOdGlsWXJZVC1zSVhRdnVGNw?oc=5,Google News RSS,"Wed, 08 Jul 2026 07:00:00 GMT",2026-08-14T09:02:13.459792,India,0,1
224,,"<a href=""https://news.google.com/rss/articles/CBMiV0FVX3lxTFByWEs1YUlQWGhETTJsVEF5OEcyZHRtbEVpWDhjTGVsUGl4MWpNWHNpSVdpR0FhZkc5VFdTbXRMYjNHLVpUa0ROenVOMzhXamxMOEV6TThiWQ?oc=5"" target=""_blank"">Retired Bank Employee Loses ₹55 Lakh in Digital Arrest Scam in Rajasthan</a>&nbsp;&nbsp;<font color=""#6f6f6f"">The420.in</font>",1,Digital Arrest,,News Report,English,Critical,,Unknown,https://news.google.com/rss/articles/CBMiV0FVX3lxTFByWEs1YUlQWGhETTJsVEF5OEcyZHRtbEVpWDhjTGVsUGl4MWpNWHNpSVdpR0FhZkc5VFdTbXRMYjNHLVpUa0ROenVOMzhXamxMOEV6TThiWQ?oc=5,Google News RSS,"Mon, 06 Jul 2026 07:00:00 GMT",2026-08-14T09:02:22.661055,India,0,1
225,,"<a href=""https://news.google.com/rss/articles/CBMidEFVX3lxTFB1di1EcGdGWTRYOHRzOTZkRUtWZXIwY201V1ZqSnJlRjNDNDZnS054RHlrT0NUdkRhLVFZN2RESk5kZFBySy1GWEpsUXZGV2VnMkRfUElMY1pjVmVfN0loSTRLcUdVOGxfeXNheVBnVEV2OTFR?oc=5"" target=""_blank"">Woman Duped of ₹15 Lakh in Marriage Promise and Digital Arrest Scam</a>&nbsp;&nbsp;<font color=""#6f6f6f"">The420.in</font>",1,Digital Arrest,,News Report,English,Critical,,Unknown,https://news.google.com/rss/articles/CBMidEFVX3lxTFB1di1EcGdGWTRYOHRzOTZkRUtWZXIwY201V1ZqSnJlRjNDNDZnS054RHlrT0NUdkRhLVFZN2RESk5kZFBySy1GWEpsUXZGV2VnMkRfUElMY1pjVmVfN0loSTRLcUdVOGxfeXNheVBnVEV2OTFR?oc=5,Google News RSS,"Wed, 08 Jul 2026 15:50:00 GMT",2026-08-14T09:02:24.534947,India,0,1
226,,"<a href=""https://news.google.com/rss/articles/CBMiowFBVV95cUxNZzVSZ2FtQ3BnUkJLbnNZb3JHY3pMNEcwRWw1LWZ6RXV2djFnaktwMGwydFZ6MDA0VWR6ZktDS2xKYWUyRHlrTmhzdTlyYWtUaTZuZkpjVGN3Um1waG5taklZMzhRXzhUb0pid2p5VVpmdGt5T3FBSVY3MGZCUktiTkdPQ3VOdklwa20xRXdjUkxQX05PYURJak8zQl9qYkpqdGdR?oc=5"" target=""_blank"">CBI Busts Multi-State ‘Digital Arrest’ Scam: Three Arrested in Odisha and Rajasthan</a>&nbsp;&nbsp;<font color=""#6f6f6f"">Pragativadi</font>",1,Digital Arrest,,News Report,English,High,CBI,Unknown,https://news.google.com/rss/articles/CBMiowFBVV95cUxNZzVSZ2FtQ3BnUkJLbnNZb3JHY3pMNEcwRWw1LWZ6RXV2djFnaktwMGwydFZ6MDA0VWR6ZktDS2xKYWUyRHlrTmhzdTlyYWtUaTZuZkpjVGN3Um1waG5taklZMzhRXzhUb0pid2p5VVpmdGt5T3FBSVY3MGZCUktiTkdPQ3VOdklwa20xRXdjUkxQX05PYURJak8zQl9qYkpqdGdR?oc=5,Google News RSS,"Fri, 03 Jul 2026 07:00:00 GMT",2026-08-14T09:02:28.321452,India,0,1
227,,"<a href=""https://news.google.com/rss/articles/CBMizAFBVV95cUxNXzFuS3JwdmZ6Tk1yb0N3R09tYzJVNkpBbm5ETkYzWW56ZmNoNHNhdTgxeEJIanpsbmhyc2tSbWJPMWo0VVF3VTZxZERKRi1mWXpWUE9FRndJNUYyYTdCR2VfaElqV0d5UWwzN0kzaVBuXzZoZHFlZG00M3pyVlRTNzhHUU0zWl9CbjRySnJmMDNIbHpHVUEzSldnTTNKSkNGcUlkWEZ0aHBQUWg5NERSaXZBTmFQTGJ0ZTNTVXdYakZhTDNLOUs1YUJELVjSAdABQVVfeXFMT3BOcEtwNkNjZGU0RE1KZm1CWXhXRjBrTk0yY2tNRWxzeUlYRlhrTzUzUEdLZUFWREg5VEFRTDY0VHY4c1RGZEVkVWkzOW1URGVBelpUVnJVNFlMdnpiMmxOV29oaHl3YjRvNkhJWHhDM3hyeXAtMnRQUnp0cHlqYUhPX19TN1FNMkhlUzZodmpFcGZJNVNvWC1falVsR1RqMFk1UW55QTRhU09uNUUzTXd5cFJCdjlYZ2RweW1VNkw4RzJVaDRINzZNaV9Qa0FUTQ?oc=5"" target=""_blank"">Rs 46-lakh digital arrest scam: Chandigarh Police file chargesheet against Gujarat trio</a>&nbsp;&nbsp;<font color=""#6f6f6f"">The Tribune</font>",1,Digital Arrest,,News Report,English,Critical,Police,Unknown,https://news.google.com/rss/articles/CBMizAFBVV95cUxNXzFuS3JwdmZ6Tk1yb0N3R09tYzJVNkpBbm5ETkYzWW56ZmNoNHNhdTgxeEJIanpsbmhyc2tSbWJPMWo0VVF3VTZxZERKRi1mWXpWUE9FRndJNUYyYTdCR2VfaElqV0d5UWwzN0kzaVBuXzZoZHFlZG00M3pyVlRTNzhHUU0zWl9CbjRySnJmMDNIbHpHVUEzSldnTTNKSkNGcUlkWEZ0aHBQUWg5NERSaXZBTmFQTGJ0ZTNTVXdYakZhTDNLOUs1YUJELVjSAdABQVVfeXFMT3BOcEtwNkNjZGU0RE1KZm1CWXhXRjBrTk0yY2tNRWxzeUlYRlhrTzUzUEdLZUFWREg5VEFRTDY0VHY4c1RGZEVkVWkzOW1URGVBelpUVnJVNFlMdnpiMmxOV29oaHl3YjRvNkhJWHhDM3hyeXAtMnRQUnp0cHlqYUhPX19TN1FNMkhlUzZodmpFcGZJNVNvWC1falVsR1RqMFk1UW55QTRhU09uNUUzTXd5cFJCdjlYZ2RweW1VNkw4RzJVaDRINzZNaV9Qa0FUTQ?oc=5,Google News RSS,"Wed, 08 Jul 2026 07:00:00 GMT",2026-08-14T09:02:32.341598,India,0,1
228,,"<a href=""https://news.google.com/rss/articles/CBMiowFBVV95cUxPcFltaUUzOUhrWEQyZlJLWTlDeVVPWXpJTEJjQ0hNSFNSOWl2eHhrbDltdTEzY1ZUVXNkYk1WYWJMbWpoV3ZyVVRLVmdxd0R6cmtkaWVnTUxuYlFBY1ltS2FrQU5YbV9lekhHWUpqZWdzZ0NQVDRqUmtXanlzQUxvQUUxM1B6djBNLUVaVi1wcWtWTnQyWGV1cVBDZFZhNkxiM0Nr0gGoAUFVX3lxTE83THlHdVJrcXpEWFNFbzJNZU1uY1dvYlFqcHA1R3lUeVlFdnJyanZGTy1wQS1Udmt2NHhwd2J5RXMtUnRPdUMyZFI3aHZuNkVTMVNMT2Z6VkZESTRaZU9oeGZMY3R0NGdtUHBkYkhsMS1BTEh5V3Bic095ajZ4UGRhRV9CQ2xDZU1TVVI2cmhpT3dZZW5sQU9QeHRkRXF5aFY1a1pQTDliag?oc=5"" target=""_blank"">Rs 2 Crore ‘Digital Arrest’ Scam: CBI Arrests 3 After Raids In Odisha, Rajasthan</a>&nbsp;&nbsp;<font color=""#6f6f6f"">odishabytes.com</font>",1,Digital Arrest,,News Report,English,Critical,CBI,Unknown,https://news.google.com/rss/articles/CBMiowFBVV95cUxPcFltaUUzOUhrWEQyZlJLWTlDeVVPWXpJTEJjQ0hNSFNSOWl2eHhrbDltdTEzY1ZUVXNkYk1WYWJMbWpoV3ZyVVRLVmdxd0R6cmtkaWVnTUxuYlFBY1ltS2FrQU5YbV9lekhHWUpqZWdzZ0NQVDRqUmtXanlzQUxvQUUxM1B6djBNLUVaVi1wcWtWTnQyWGV1cVBDZFZhNkxiM0Nr0gGoAUFVX3lxTE83THlHdVJrcXpEWFNFbzJNZU1uY1dvYlFqcHA1R3lUeVlFdnJyanZGTy1wQS1Udmt2NHhwd2J5RXMtUnRPdUMyZFI3aHZuNkVTMVNMT2Z6VkZESTRaZU9oeGZMY3R0NGdtUHBkYkhsMS1BTEh5V3Bic095ajZ4UGRhRV9CQ2xDZU1TVVI2cmhpT3dZZW5sQU9QeHRkRXF5aFY1a1pQTDliag?oc=5,Google News RSS,"Fri, 03 Jul 2026 07:00:00 GMT",2026-08-14T09:03:31.282854,India,0,1
229,,"<a href=""https://news.google.com/rss/articles/CBMipgFBVV95cUxOMHZuZ21MYmRZZmNYaUduTi1pUk95elRjZnVYUEh3RU51OVliODhHbWNzRUFKNFd1YUw3UF9NZWZRSUFXRWpuek9uamh5M0E2VUlLMFIzZmU5UURHSjdnaG8wRjBGenNpbEVGSjZzUUxDMXkyZVByQTlmN2FISFJTNW1zWjVrYklCMmM0VVgxN2FlTWVqeVhyNS0zQllSOEpPc0xxMXRR?oc=5"" target=""_blank"">Digital Arrest Scams: How Cybercriminals Use Fear and How to Stay Safe</a>&nbsp;&nbsp;<font color=""#6f6f6f"">technologyforyou.org</font>",1,Digital Arrest,,News Report,English,High,,Unknown,https://news.google.com/rss/articles/CBMipgFBVV95cUxOMHZuZ21MYmRZZmNYaUduTi1pUk95elRjZnVYUEh3RU51OVliODhHbWNzRUFKNFd1YUw3UF9NZWZRSUFXRWpuek9uamh5M0E2VUlLMFIzZmU5UURHSjdnaG8wRjBGenNpbEVGSjZzUUxDMXkyZVByQTlmN2FISFJTNW1zWjVrYklCMmM0VVgxN2FlTWVqeVhyNS0zQllSOEpPc0xxMXRR?oc=5,Google News RSS,"Mon, 06 Jul 2026 07:00:00 GMT",2026-08-14T09:03:35.117260,India,0,1
230,,"<a href=""https://news.google.com/rss/articles/CBMirAFBVV95cUxNV0R1T1NKOHl5SE5FU0NJMGpaVkg5WnhJd0NsZGtySG9PaVVPTWREYjVlbEZKQ2l1S29YQUh2NzRMRHRGM0JDWnpCcHd1bVhrQ3Zyc1k0cms2eEVBLWFlcXhrdzFneWRvaG9wUDk5U0N5cDQwVFhOTkptME5PRHdNTTgydnZkNy05cHY1aTZFT18zakRLQm51ZnBKZXNaYTdnTnZoMThVNEpiWmF5?oc=5"" target=""_blank"">'Digital arrest' scam: Over ₹4,000cr lost in last 3 years</a>&nbsp;&nbsp;<font color=""#6f6f6f"">NewsBytes</font>",1,Digital Arrest,,News Report,English,High,,Unknown,https://news.google.com/rss/articles/CBMirAFBVV95cUxNV0R1T1NKOHl5SE5FU0NJMGpaVkg5WnhJd0NsZGtySG9PaVVPTWREYjVlbEZKQ2l1S29YQUh2NzRMRHRGM0JDWnpCcHd1bVhrQ3Zyc1k0cms2eEVBLWFlcXhrdzFneWRvaG9wUDk5U0N5cDQwVFhOTkptME5PRHdNTTgydnZkNy05cHY1aTZFT18zakRLQm51ZnBKZXNaYTdnTnZoMThVNEpiWmF5?oc=5,Google News RSS,"Mon, 06 Jul 2026 07:00:00 GMT",2026-08-14T09:03:39.048674,India,0,1
231,,"<a href=""https://news.google.com/rss/articles/CBMipwFBVV95cUxQN2ExZnJsbWR1VVp2eUFNVHhOLWhZZmIxTkdDSlBVZXpMYzJfQ3g0My1nQXdCQnM2LVVPcnk3REd2S3Nvd2xrZFRZWE50R2lfVGNPa3NzaHpMTkRZUnc3cnBMejBXcVRyZGl4Q2htWkVpQUMyd0tvbThNOTJLQmY4M09nVEFKSGJsVmZzRXZnQWp2RWtrUjBKdktHSThob09oS0dXeFNpa9IBrwFBVV95cUxQRlBjLWdyYTM3bkV0VTZEMG8tUFNZRFczdmNBZnRKOXdOWE1EeXBUVkJsQVRMOFl6cmUzUFFRVkZ3UndORlZaY1loUFd0VlFWd0hqcEYtR001VHhuQlZjYkJpbXNlSnBSSlVLYzBkZ25VSi01QXg5MFdlSU9UQ19Camp4SUY4NGNqTUdzVHBUcVNqWlRtaFNta0VWZEVZbnZiVi1YZlhGQjJmR3FqWW1B?oc=5"" target=""_blank"">Delhi Police Busts 'Digital Arrest' Cyber Fraud Racket, 3 Arrested</a>&nbsp;&nbsp;<font color=""#6f6f6f"">NDTV</font>",1,Digital Arrest,,News Report,English,High,Delhi Police,Unknown,https://news.google.com/rss/articles/CBMipwFBVV95cUxQN2ExZnJsbWR1VVp2eUFNVHhOLWhZZmIxTkdDSlBVZXpMYzJfQ3g0My1nQXdCQnM2LVVPcnk3REd2S3Nvd2xrZFRZWE50R2lfVGNPa3NzaHpMTkRZUnc3cnBMejBXcVRyZGl4Q2htWkVpQUMyd0tvbThNOTJLQmY4M09nVEFKSGJsVmZzRXZnQWp2RWtrUjBKdktHSThob09oS0dXeFNpa9IBrwFBVV95cUxQRlBjLWdyYTM3bkV0VTZEMG8tUFNZRFczdmNBZnRKOXdOWE1EeXBUVkJsQVRMOFl6cmUzUFFRVkZ3UndORlZaY1loUFd0VlFWd0hqcEYtR001VHhuQlZjYkJpbXNlSnBSSlVLYzBkZ25VSi01QXg5MFdlSU9UQ19Camp4SUY4NGNqTUdzVHBUcVNqWlRtaFNta0VWZEVZbnZiVi1YZlhGQjJmR3FqWW1B?oc=5,Google News RSS,"Wed, 01 Jul 2026 07:00:00 GMT",2026-08-14T09:03:46.479131,India,0,1
232,,"<a href=""https://news.google.com/rss/articles/CBMiygFBVV95cUxQRlFxSFV5cDluY2ROMmctby14TkUtT0h6OGNEQk5wY3hCenc3Z3ZfQnZfYXFCLW5GUzNUSDBsVnBxZllVMm9GcWRaNFl5cWhoSGZXdTg1T3ljOFdHVTlFLTRFcjdudUZ3V29FSVQ4c0VMY3pYc3JMOWdfS2ZxRVYtSGpGZGMtWjJ1VDRWUEg2TTZHOThJdFQ1bktYb1MtMWZVX1VLTkVTZ3BKSmlORk1EWEFrXzZfaTJDQkY2b1BGM2RmaU9md001YjhB0gHPAUFVX3lxTE1pTmUzQlE4SDVuWVhuQW5oTkNXS0s3U05TRXFmc25UVnROSUJ4SUJsVFZrQ09xalZFS1FxZXZodDNMakFsQno1eE9NQVd3RXBvZ25oZFFya190dFJONWhxQVc5QURhLW0wQXJ2dHlSaWtSNkZORF9MV0lFcUpudlA1MHBmUFhWQ3J5OTg2akpsR0xUa0s2Z2F6MlJpYXJPbFRDOGlVWjF2UVRUR0tuT0RIX042bmlNZnZzWmYyMmZ2Z3dhbHVMUlVuZjVBT1NHbw?oc=5"" target=""_blank"">2 men from Mumbai arrested for digital arrest fraud</a>&nbsp;&nbsp;<font color=""#6f6f6f"">The Times of India</font>",1,Digital Arrest,,News Report,English,High,,Unknown,https://news.google.com/rss/articles/CBMiygFBVV95cUxQRlFxSFV5cDluY2ROMmctby14TkUtT0h6OGNEQk5wY3hCenc3Z3ZfQnZfYXFCLW5GUzNUSDBsVnBxZllVMm9GcWRaNFl5cWhoSGZXdTg1T3ljOFdHVTlFLTRFcjdudUZ3V29FSVQ4c0VMY3pYc3JMOWdfS2ZxRVYtSGpGZGMtWjJ1VDRWUEg2TTZHOThJdFQ1bktYb1MtMWZVX1VLTkVTZ3BKSmlORk1EWEFrXzZfaTJDQkY2b1BGM2RmaU9md001YjhB0gHPAUFVX3lxTE1pTmUzQlE4SDVuWVhuQW5oTkNXS0s3U05TRXFmc25UVnROSUJ4SUJsVFZrQ09xalZFS1FxZXZodDNMakFsQno1eE9NQVd3RXBvZ25oZFFya190dFJONWhxQVc5QURhLW0wQXJ2dHlSaWtSNkZORF9MV0lFcUpudlA1MHBmUFhWQ3J5OTg2akpsR0xUa0s2Z2F6MlJpYXJPbFRDOGlVWjF2UVRUR0tuT0RIX042bmlNZnZzWmYyMmZ2Z3dhbHVMUlVuZjVBT1NHbw?oc=5,Google News RSS,"Tue, 30 Jun 2026 07:00:00 GMT",2026-08-14T09:03:48.327601,India,0,1
233,,"<a href=""https://news.google.com/rss/articles/CBMi2AFBVV95cUxQRmU3MGM5c083NmpmeXNLUENwWjV2dUlINWlNeTdKTFNNYmdjZHVWSWYxTkp2blZ4aFFjMGFZOFRPdTV5S0R1c0NmS1hUbzE4bmViUnNUWVI5a1pDYm4yS1U1UnR2cG5LcElVc2ZNaHBUaW1pMjJzZ0pZeFcwaHh0czVyb1JZUGV1YUt4SURaUEdPMGRCNWpsdzFoRE1XM0ZDYl8xMXNnTG5vbEE0VWNiaU9EdnA1M3RQUHRtSnQzZWJmWVVKdG5jUkN1cFNsN2xZT3hhc3hvdjPSAeYBQVVfeXFMTWZ1TXFqcU5DVGlaWHVvblJGR2tObXhHZ21BWVZWcS1jTklGOWZiQnkwTDhONzI5allFTUpxS0g3bUI1eDZkb1d5X0RJdkpHNUNvaXVBMkQ4T2p5bllCaWRKZ1VXbmF6bGpZdm01aDVUZkFtOEYwV1pGSXVYcHJySUJzWjI1V3JtVFBsRE9QQng3NGlaTFYzU1d3SXk2dnB2TmdGT2dIN1AwUGltSzJaU09iM2lzZXBEUTI2VzBEbmo3eEYtVFZXelRxcnpzSVBiUGo4LXV2ZzJVMW5WbEtMWERral9Nc0E?oc=5"" target=""_blank"">CBI raids 80 locations, busts digital arrest fraud network using fake Supreme Court website</a>&nbsp;&nbsp;<font color=""#6f6f6f"">The New Indian Express</font>",1,Digital Arrest,,News Report,English,High,CBI,Unknown,https://news.google.com/rss/articles/CBMi2AFBVV95cUxQRmU3MGM5c083NmpmeXNLUENwWjV2dUlINWlNeTdKTFNNYmdjZHVWSWYxTkp2blZ4aFFjMGFZOFRPdTV5S0R1c0NmS1hUbzE4bmViUnNUWVI5a1pDYm4yS1U1UnR2cG5LcElVc2ZNaHBUaW1pMjJzZ0pZeFcwaHh0czVyb1JZUGV1YUt4SURaUEdPMGRCNWpsdzFoRE1XM0ZDYl8xMXNnTG5vbEE0VWNiaU9EdnA1M3RQUHRtSnQzZWJmWVVKdG5jUkN1cFNsN2xZT3hhc3hvdjPSAeYBQVVfeXFMTWZ1TXFqcU5DVGlaWHVvblJGR2tObXhHZ21BWVZWcS1jTklGOWZiQnkwTDhONzI5allFTUpxS0g3bUI1eDZkb1d5X0RJdkpHNUNvaXVBMkQ4T2p5bllCaWRKZ1VXbmF6bGpZdm01aDVUZkFtOEYwV1pGSXVYcHJySUJzWjI1V3JtVFBsRE9QQng3NGlaTFYzU1d3SXk2dnB2TmdGT2dIN1AwUGltSzJaU09iM2lzZXBEUTI2VzBEbmo3eEYtVFZXelRxcnpzSVBiUGo4LXV2ZzJVMW5WbEtMWERral9Nc0E?oc=5,Google News RSS,"Fri, 26 Jun 2026 07:00:00 GMT",2026-08-14T09:03:50.139761,India,0,1
234,,"<a href=""https://news.google.com/rss/articles/CBMi2AFBVV95cUxPdExONXE4cXhVY3R0anVBSWcteHpXSDVxRlU3dWVMUXhHdXNwSXp5Y1E1MlFodExaUl82ZVFrZWpnSGJ2cXIxcWJRQlZzTmxlQzZOSDM3SGs3S1RPY3VSS0pVZ3phd2UwQ0tFbjhwZmNEbHdiZllqdEg1RzlacnJCcDBldTZlV0Q5YnI3NmVrNmVISF90RnRqeXVPTkhMX19sNFFGV2R2emNPdk41TjhCQ0UwMXN6Wll3QmxybzlxakJYbXRteFppX3k0QzZ6Tzl5UDlWZEJRc0_SAd4BQVVfeXFMTWVtZTFTcmVpdjVkT2RuZGg0a1AtNTZSQlAxLW5EM003bk5YVGNkckI0RlhDa0FJQk55ckdBbjZZak52d2FLZlpGUHhScXRjdzVQNHJ1clFVMFYzWE1vSFpkUnotWUJ0OUdneFJZZld4U1NMeERuX1lWaHRCR2pVN1cxeFlfZlFUem5kaUtYQmZDWlFjY19qdEF2Q1hWTXdXQ0htalNlamI3d2QzMHJiS0N4Q0NzSU96QTlqTmg3bzlJeVktLWZtSHdoVGpPSXlnNTVtSHlHLUNhMHRlZDNR?oc=5"" target=""_blank"">How to spot a digital arrest scam before you lose money, 5 red flags you cannot miss | WION Decodes</a>&nbsp;&nbsp;<font color=""#6f6f6f"">WION</font>",1,Digital Arrest,,News Report,English,High,,Unknown,https://news.google.com/rss/articles/CBMi2AFBVV95cUxPdExONXE4cXhVY3R0anVBSWcteHpXSDVxRlU3dWVMUXhHdXNwSXp5Y1E1MlFodExaUl82ZVFrZWpnSGJ2cXIxcWJRQlZzTmxlQzZOSDM3SGs3S1RPY3VSS0pVZ3phd2UwQ0tFbjhwZmNEbHdiZllqdEg1RzlacnJCcDBldTZlV0Q5YnI3NmVrNmVISF90RnRqeXVPTkhMX19sNFFGV2R2emNPdk41TjhCQ0UwMXN6Wll3QmxybzlxakJYbXRteFppX3k0QzZ6Tzl5UDlWZEJRc0_SAd4BQVVfeXFMTWVtZTFTcmVpdjVkT2RuZGg0a1AtNTZSQlAxLW5EM003bk5YVGNkckI0RlhDa0FJQk55ckdBbjZZak52d2FLZlpGUHhScXRjdzVQNHJ1clFVMFYzWE1vSFpkUnotWUJ0OUdneFJZZld4U1NMeERuX1lWaHRCR2pVN1cxeFlfZlFUem5kaUtYQmZDWlFjY19qdEF2Q1hWTXdXQ0htalNlamI3d2QzMHJiS0N4Q0NzSU96QTlqTmg3bzlJeVktLWZtSHdoVGpPSXlnNTVtSHlHLUNhMHRlZDNR?oc=5,Google News RSS,"Fri, 26 Jun 2026 07:00:00 GMT",2026-08-14T09:03:52.171485,India,0,1
235,,"<a href=""https://news.google.com/rss/articles/CBMi1AFBVV95cUxPNjE4WmQxSjZKRkhKVTJCclRPNkxDQW01S05TeDZIQ0l6bm9ZRmwydkFyU2VfdTF4NkxyUkNxdWtaVFZQN210cndlYVo5S3RINm1UaE8tU2paQjY1THBLMG5lc1lvQ1VSYU1sY3FWd1hYRS1kVTJ3RWNfLTdrTUYtZktwZEVkWXB1Zk9mNWtBT0JhUmlKS1RnLXAzWVVDLV8xR3VMLTZrYUtPQjlpbzFVRlVuODNVRWhiQURkR19IcmNGcGdtMzZqNzdKclpEbzJCdGNmUtIB2gFBVV95cUxNckRRR3BFeVNCVHI1ZEphMVg5c3VUS2JrdDhmcFhFNjlqQzRxVFVVcVZzd2FTT0oxUHlZLXR1cEM1M2wtWVZlOVk2UHlxNGNGdUN3eVl4VW5OX2FVZXZNVi0wRkMwSEtvUGhzeE1CeFBqdF81cVVSY2J3V3kyTmZuWWxsUXdmN21JdkF0SVFKMzJkSnhBZWF2Q010X1hjZmY2VGdMVEpNejZhNGZKcFJHSTRMdFpNcGxhOGgyTHF2Z1Baa1M0VUJQb3djWkY0Z3Z4VVdaU3pVS2Zhdw?oc=5"" target=""_blank"">Two held in multi-crore digital arrest scam as CBI raids 80 locations nationwide</a>&nbsp;&nbsp;<font color=""#6f6f6f"">Telegraph India</font>",1,Digital Arrest,,News Report,English,Critical,CBI,Unknown,https://news.google.com/rss/articles/CBMi1AFBVV95cUxPNjE4WmQxSjZKRkhKVTJCclRPNkxDQW01S05TeDZIQ0l6bm9ZRmwydkFyU2VfdTF4NkxyUkNxdWtaVFZQN210cndlYVo5S3RINm1UaE8tU2paQjY1THBLMG5lc1lvQ1VSYU1sY3FWd1hYRS1kVTJ3RWNfLTdrTUYtZktwZEVkWXB1Zk9mNWtBT0JhUmlKS1RnLXAzWVVDLV8xR3VMLTZrYUtPQjlpbzFVRlVuODNVRWhiQURkR19IcmNGcGdtMzZqNzdKclpEbzJCdGNmUtIB2gFBVV95cUxNckRRR3BFeVNCVHI1ZEphMVg5c3VUS2JrdDhmcFhFNjlqQzRxVFVVcVZzd2FTT0oxUHlZLXR1cEM1M2wtWVZlOVk2UHlxNGNGdUN3eVl4VW5OX2FVZXZNVi0wRkMwSEtvUGhzeE1CeFBqdF81cVVSY2J3V3kyTmZuWWxsUXdmN21JdkF0SVFKMzJkSnhBZWF2Q010X1hjZmY2VGdMVEpNejZhNGZKcFJHSTRMdFpNcGxhOGgyTHF2Z1Baa1M0VUJQb3djWkY0Z3Z4VVdaU3pVS2Zhdw?oc=5,Google News RSS,"Fri, 26 Jun 2026 07:00:00 GMT",2026-08-14T09:03:54.074140,India,0,1
236,,"<a href=""https://news.google.com/rss/articles/CBMiuAFBVV95cUxNTkdXaFMtM3NhMjJGTUV2VE5KeDUxQmZuRmFlaldXN0NWSFR4WWl5TnkwM2JubWo1UjgzSXp3b09wR0Q3UVZ0WHFkdmxfX291di1qTVdxcTFUWGNMZTRCdFB5TzZkNHlnbDlmeVdWQ1FoS0hUUnNaeUZvZG0xRHJzQlUtdlFoTWFiVXlBdUhSU3BMTXNtaThVeEt6X2xhSlNmdEdsUVdxdWVPb1pRYUV0QzlhYkNCNTZL?oc=5"" target=""_blank"">Odisha Bishop Defrauded of ₹14.36 Lakh in ‘Digital Arrest’ Scam; Two Mumbai Men Arrested</a>&nbsp;&nbsp;<font color=""#6f6f6f"">Catholic Connect</font>",1,Digital Arrest,,News Report,English,Critical,,Unknown,https://news.google.com/rss/articles/CBMiuAFBVV95cUxNTkdXaFMtM3NhMjJGTUV2VE5KeDUxQmZuRmFlaldXN0NWSFR4WWl5TnkwM2JubWo1UjgzSXp3b09wR0Q3UVZ0WHFkdmxfX291di1qTVdxcTFUWGNMZTRCdFB5TzZkNHlnbDlmeVdWQ1FoS0hUUnNaeUZvZG0xRHJzQlUtdlFoTWFiVXlBdUhSU3BMTXNtaThVeEt6X2xhSlNmdEdsUVdxdWVPb1pRYUV0QzlhYkNCNTZL?oc=5,Google News RSS,"Wed, 01 Jul 2026 07:00:00 GMT",2026-08-14T09:03:57.876515,India,0,1
237,,"<a href=""https://news.google.com/rss/articles/CBMizgFBVV95cUxOR3hSZV9URzhrRjhYYXBCRmszamhOYlAxNU1MQUE1MVNqdXFJX09Sa21yaUtrelhRMkhnTGtzTzJXMFM4N3Z3MkItZTIxNkxKS1RESl9rYzZsTUNCT3RNNjk4eUdyZ1ozNm55S29JZHgzVE44SGs3ZFJNRUNJa3hSU1liU1VfZTNSbWNxRlZRek5SWTMzdlU3S3NaNTBwbDBZMG1BRGo5Uy1QZHJQUXBCMWRpaG5NQXRTdGM2SldxSXlaZk5BdnE2cU1BRHRuZ9IB0wFBVV95cUxPc0xiU2RWRHZnNDlxZnJLWUhnXzhmYUp6Njl3d3ZhUkpaNjY1RGdqNGRVNU1KVjBCMkNaU3lLeHJIZkV2NTMzQnk4TGF1VlN1em5UVGNUV0hBSU5MMWp6c28tOWx0bUpLSFFpejBvVy1vcXVhUmNMVnNnZVE4SzRYQ1JEVWV4RndYLS00Z3RwT2Q2ejRLcW1zNWhrYzIzREZGM1hFSmRuTGlFN2V2V0JiNXBwNURjOWd0d2g1T2FNQVV1akpmUTJJUWh2WUNyLVdjbTNv?oc=5"" target=""_blank"">Retired banker put under 'digital arrest' for 12 days, looted of Rs 2.2 crore</a>&nbsp;&nbsp;<font color=""#6f6f6f"">India Today</font>",1,Digital Arrest,,News Report,English,Critical,,Unknown,https://news.google.com/rss/articles/CBMizgFBVV95cUxOR3hSZV9URzhrRjhYYXBCRmszamhOYlAxNU1MQUE1MVNqdXFJX09Sa21yaUtrelhRMkhnTGtzTzJXMFM4N3Z3MkItZTIxNkxKS1RESl9rYzZsTUNCT3RNNjk4eUdyZ1ozNm55S29JZHgzVE44SGs3ZFJNRUNJa3hSU1liU1VfZTNSbWNxRlZRek5SWTMzdlU3S3NaNTBwbDBZMG1BRGo5Uy1QZHJQUXBCMWRpaG5NQXRTdGM2SldxSXlaZk5BdnE2cU1BRHRuZ9IB0wFBVV95cUxPc0xiU2RWRHZnNDlxZnJLWUhnXzhmYUp6Njl3d3ZhUkpaNjY1RGdqNGRVNU1KVjBCMkNaU3lLeHJIZkV2NTMzQnk4TGF1VlN1em5UVGNUV0hBSU5MMWp6c28tOWx0bUpLSFFpejBvVy1vcXVhUmNMVnNnZVE4SzRYQ1JEVWV4RndYLS00Z3RwT2Q2ejRLcW1zNWhrYzIzREZGM1hFSmRuTGlFN2V2V0JiNXBwNURjOWd0d2g1T2FNQVV1akpmUTJJUWh2WUNyLVdjbTNv?oc=5,Google News RSS,"Fri, 26 Jun 2026 07:00:00 GMT",2026-08-14T09:03:59.810992,India,0,1
238,,"<a href=""https://news.google.com/rss/articles/CBMi3gFBVV95cUxNVW96S1M2MmhSTHpoTm03RGJMb2pMWGxKSDlMWmpEdWNxUkplZ05JTkFrbGpWTzZKWVVNYkM5bE9KZ2MyZVhaYmo1SHkyZk5xSVhfdmg0N0hvN0dmQ0NZRERQQTM3a2J1dFVxMDdqQ1RDeGdRTl9FaDFSTmstZ1ZOcGdTQ2RTckEwSUMyZ2J4TzBuejBoTzhjcXRpQ29rdG5TMklQVkV4Z0R3RzhnYTAzblZySzNkUF9KNjZ2RUlRZ2VBRC1OcGJzTEJMR0JDQ19ZTUUzVFRXYzZmWm1DR0HSAeQBQVVfeXFMTzM3YndIUmFnbDczV1N1aWtETFk5THZWY1JrQ1JiUzk0MTRxMjB5R1l3Y1NjZHhqS19rVl9wQ3lzeVFSZy1LUmdwUlZrckhUMk1CQlBqNHJGN0FvTGNNbGZMU0doa0tuMVBEdVl4amFEUlpPMENjUXNYeE9HcGRIVE1YZjJKMFhfZXVFUFh4b2NmQkhKSDRmSnFPMDZza2lKQm4weENOUHlTaDlTNHRaVHQ1QTl6SXNjOVZnRFVTUDFqaFpFT2xON2ZuSG5TV1ZaQ2JPb0FIUmdNNUFNWkVxZ2NJMzQ2?oc=5"" target=""_blank"">Elderly couple in Bengaluru duped of ₹3.17 crore in ‘digital arrest’ cyber fraud</a>&nbsp;&nbsp;<font color=""#6f6f6f"">The Hindu</font>",1,Digital Arrest,,News Report,English,Critical,,Unknown,https://news.google.com/rss/articles/CBMi3gFBVV95cUxNVW96S1M2MmhSTHpoTm03RGJMb2pMWGxKSDlMWmpEdWNxUkplZ05JTkFrbGpWTzZKWVVNYkM5bE9KZ2MyZVhaYmo1SHkyZk5xSVhfdmg0N0hvN0dmQ0NZRERQQTM3a2J1dFVxMDdqQ1RDeGdRTl9FaDFSTmstZ1ZOcGdTQ2RTckEwSUMyZ2J4TzBuejBoTzhjcXRpQ29rdG5TMklQVkV4Z0R3RzhnYTAzblZySzNkUF9KNjZ2RUlRZ2VBRC1OcGJzTEJMR0JDQ19ZTUUzVFRXYzZmWm1DR0HSAeQBQVVfeXFMTzM3YndIUmFnbDczV1N1aWtETFk5THZWY1JrQ1JiUzk0MTRxMjB5R1l3Y1NjZHhqS19rVl9wQ3lzeVFSZy1LUmdwUlZrckhUMk1CQlBqNHJGN0FvTGNNbGZMU0doa0tuMVBEdVl4amFEUlpPMENjUXNYeE9HcGRIVE1YZjJKMFhfZXVFUFh4b2NmQkhKSDRmSnFPMDZza2lKQm4weENOUHlTaDlTNHRaVHQ1QTl6SXNjOVZnRFVTUDFqaFpFT2xON2ZuSG5TV1ZaQ2JPb0FIUmdNNUFNWkVxZ2NJMzQ2?oc=5,Google News RSS,"Thu, 02 Jul 2026 07:00:00 GMT",2026-08-14T09:04:03.548010,India,0,1
239,,"<a href=""https://news.google.com/rss/articles/CBMicEFVX3lxTFAya2FhNTlRcWtCcGJFNjJtQlYwWEVjVzVDSzRYeEUzUkZBSU9EUDlmdjdTNjV3bHAzbXpvTU5SVE1lWS11aE1ScktnSmxFR2k2LTExOE9WLVNTZ1BIRUNkX2ZRc0FPRjJNeVRhV052UTI?oc=5"" target=""_blank"">Elderly Ghaziabad Couple Loses ₹2.2 Crore in 12-Day Digital Arrest Scam</a>&nbsp;&nbsp;<font color=""#6f6f6f"">The420.in</font>",1,Digital Arrest,,News Report,English,Critical,,Unknown,https://news.google.com/rss/articles/CBMicEFVX3lxTFAya2FhNTlRcWtCcGJFNjJtQlYwWEVjVzVDSzRYeEUzUkZBSU9EUDlmdjdTNjV3bHAzbXpvTU5SVE1lWS11aE1ScktnSmxFR2k2LTExOE9WLVNTZ1BIRUNkX2ZRc0FPRjJNeVRhV052UTI?oc=5,Google News RSS,"Fri, 26 Jun 2026 07:00:00 GMT",2026-08-14T09:04:07.226375,India,0,1
240,,"<a href=""https://news.google.com/rss/articles/CBMixAFBVV95cUxQbzAzNFM5ZTdESkVTTjl4MTNGRG9fWXJDaXhGZk5NY1B4Zk5sZzM5VDV0RmJPR1Y3dHEzQUstTXp6UG96Xy1lTGpzNTBocWdkUFpwWFpCSFNFZjVBNS00RUFPSVNVbTJVR1BJYWRFRVVCLWpjRDE5MlRsVXVyWVVocUdJajJ5dG1CVGQwMi1Sb2VVTHBvdFBqMGF0b0VuWGpicDN0UC1ZMWY5ZWR6S042LXl2TkNoQ1Zfek1HTThZb3lFbzgx0gHMAUFVX3lxTE9Cd3Uwc0hKUUFOTjhmSFpXQ2RkZmFxeWZrbU5PVlotUzRFaUJXN1E0anBqU21BMVZPY0J6YjQxTmRrX05NV3FqQ1FaZUQ3NFgwaFRRSVZnX3BmSEp3WnRtMmRxTmEzUWQzLXNVUUhPTDE5VnJHZ29TU2hBcW1HdVhtOTBEdVYzUmRmcVhJMEFOYWN2VVYyUjRhcDBCdjV2X2ZMUS16U1J2Qk14ZTMzcG5uVk5tMWcxVUJXMTlpNkExNHBMRXY0TldaVC1sOQ?oc=5"" target=""_blank"">Govt Writes To WhatsApp: New 'Username' Feature May Spike Phishing, Digital Arrest Scams</a>&nbsp;&nbsp;<font color=""#6f6f6f"">NDTV Profit</font>",1,Digital Arrest,,News Report,English,High,,WhatsApp,https://news.google.com/rss/articles/CBMixAFBVV95cUxQbzAzNFM5ZTdESkVTTjl4MTNGRG9fWXJDaXhGZk5NY1B4Zk5sZzM5VDV0RmJPR1Y3dHEzQUstTXp6UG96Xy1lTGpzNTBocWdkUFpwWFpCSFNFZjVBNS00RUFPSVNVbTJVR1BJYWRFRVVCLWpjRDE5MlRsVXVyWVVocUdJajJ5dG1CVGQwMi1Sb2VVTHBvdFBqMGF0b0VuWGpicDN0UC1ZMWY5ZWR6S042LXl2TkNoQ1Zfek1HTThZb3lFbzgx0gHMAUFVX3lxTE9Cd3Uwc0hKUUFOTjhmSFpXQ2RkZmFxeWZrbU5PVlotUzRFaUJXN1E0anBqU21BMVZPY0J6YjQxTmRrX05NV3FqQ1FaZUQ3NFgwaFRRSVZnX3BmSEp3WnRtMmRxTmEzUWQzLXNVUUhPTDE5VnJHZ29TU2hBcW1HdVhtOTBEdVYzUmRmcVhJMEFOYWN2VVYyUjRhcDBCdjV2X2ZMUS16U1J2Qk14ZTMzcG5uVk5tMWcxVUJXMTlpNkExNHBMRXY0TldaVC1sOQ?oc=5,Google News RSS,"Wed, 01 Jul 2026 07:00:00 GMT",2026-08-14T09:04:09.084382,India,0,1
241,,"<a href=""https://news.google.com/rss/articles/CBMitAFBVV95cUxNS2ZYYW1IUkVHNGNHRFJqNUFMcHAtb3JQb1doVWdLRmNoc0VhYXZUSS1FSHczVFVUeVhEbGFkdkwtT1QwS2tKVmZqWXZqM1NnMzN1bnJhMkEzN21Kck43WUtXVk1KY2JldHd3eEM4dXBBa21XWDJJNHlhQWdZdGRqUkZoc0hxS3R0Q0hoWkw4b0JhVkNLbEtNMjlmdXRyVHl2a3RlUm1MS1FmbmpZMnRoX1JHM2rSAbwBQVVfeXFMUE1kZDAxQmNDSlNTZ3lKdUlNMWxwb1NzNmJEd1VfUlN4dk1oS2d0MGUwMndxbFlQMUg4TVczU2tnX3NrNFpHMWZnamZXMDBvUUtGcjVndHlucWtMU3NrX3BVX1NEZTA3c29Xd2FlX1JSUmxDeV8tUkpFWlhHcWlnSEhqaXIxbC1qaFRhNG9IemtUdGxpV3l2MFJocHl6RDdWMFZ0RVUtb2l0NEtnX2RjdU0wWDFWTURrQkpua1c?oc=5"" target=""_blank"">Ex-Bank Manager Duped Of Rs 2.2 Crore In Ghaziabad In Digital Arrest Scam</a>&nbsp;&nbsp;<font color=""#6f6f6f"">NDTV</font>",1,Digital Arrest,,News Report,English,Critical,,Unknown,https://news.google.com/rss/articles/CBMitAFBVV95cUxNS2ZYYW1IUkVHNGNHRFJqNUFMcHAtb3JQb1doVWdLRmNoc0VhYXZUSS1FSHczVFVUeVhEbGFkdkwtT1QwS2tKVmZqWXZqM1NnMzN1bnJhMkEzN21Kck43WUtXVk1KY2JldHd3eEM4dXBBa21XWDJJNHlhQWdZdGRqUkZoc0hxS3R0Q0hoWkw4b0JhVkNLbEtNMjlmdXRyVHl2a3RlUm1MS1FmbmpZMnRoX1JHM2rSAbwBQVVfeXFMUE1kZDAxQmNDSlNTZ3lKdUlNMWxwb1NzNmJEd1VfUlN4dk1oS2d0MGUwMndxbFlQMUg4TVczU2tnX3NrNFpHMWZnamZXMDBvUUtGcjVndHlucWtMU3NrX3BVX1NEZTA3c29Xd2FlX1JSUmxDeV8tUkpFWlhHcWlnSEhqaXIxbC1qaFRhNG9IemtUdGxpV3l2MFJocHl6RDdWMFZ0RVUtb2l0NEtnX2RjdU0wWDFWTURrQkpua1c?oc=5,Google News RSS,"Fri, 26 Jun 2026 07:00:00 GMT",2026-08-14T09:04:10.945993,India,0,1
242,,"<a href=""https://news.google.com/rss/articles/CBMi6gFBVV95cUxQU1hlNGRxV2ZjbGFzSF9zcHliQkxtbmVlbWhhWTJwUkh0Z00tNkN6WUFOeTE5SW12bF9XbHlGTFBLOXhIMEV5eFdUSkdzLXNFMnY3d2ZMMDRickJHSm5MaDF4UmhEM010cDlpT29nbVNubi1vYTVSQy11WFh2UGlMeXhYZmIyTnJXZEdGeTNicl9GdklQRlRBNFRUeGI4ejlLazJpRTEwbUtKZVdyX1JOMGtpa2p5VV9IUzVSQlhGRUdSdXRUZWFPcW1oZVJZeWVjVnUzWXZKS1ZsU3JUdjJkR2N2NndNa25seXfSAe8BQVVfeXFMUGxXc3ZDektSazVaS19HZHdBUm1udHFTVnlxQTBvQVVtWFAyYWdWVmhERVJZRGFIdm1UUG9HMlZXUFN5R0Y4bzc2VnE5RjlhZjNObWVGQ3c4MmVjbnlidmZISGRjWFZhNmd1ZmhDZ2YxSDV2ZlJWNjd2RlhSeWQ1b3UwRUZRbDRiNGV0SEhucm1HdVZWZHlzaHBYT29ic2hDTF9tNy1zb0dmcHRtNUFnbXFyVWhxU1VrUUdDSjg2dkZ6YlZwRkJUTS1KdlZPNEtIeTAxLVRpbVRiNUtkSDZ0U1BScU1vak5QN2tLSjgtdkk?oc=5"" target=""_blank"">Digital arrest scam: Doctors, engineers, CEOs - Why smart Indians keep getting trapped by the fraud | WION Decodes</a>&nbsp;&nbsp;<font color=""#6f6f6f"">WION</font>",1,Digital Arrest,,News Report,English,High,,Unknown,https://news.google.com/rss/articles/CBMi6gFBVV95cUxQU1hlNGRxV2ZjbGFzSF9zcHliQkxtbmVlbWhhWTJwUkh0Z00tNkN6WUFOeTE5SW12bF9XbHlGTFBLOXhIMEV5eFdUSkdzLXNFMnY3d2ZMMDRickJHSm5MaDF4UmhEM010cDlpT29nbVNubi1vYTVSQy11WFh2UGlMeXhYZmIyTnJXZEdGeTNicl9GdklQRlRBNFRUeGI4ejlLazJpRTEwbUtKZVdyX1JOMGtpa2p5VV9IUzVSQlhGRUdSdXRUZWFPcW1oZVJZeWVjVnUzWXZKS1ZsU3JUdjJkR2N2NndNa25seXfSAe8BQVVfeXFMUGxXc3ZDektSazVaS19HZHdBUm1udHFTVnlxQTBvQVVtWFAyYWdWVmhERVJZRGFIdm1UUG9HMlZXUFN5R0Y4bzc2VnE5RjlhZjNObWVGQ3c4MmVjbnlidmZISGRjWFZhNmd1ZmhDZ2YxSDV2ZlJWNjd2RlhSeWQ1b3UwRUZRbDRiNGV0SEhucm1HdVZWZHlzaHBYT29ic2hDTF9tNy1zb0dmcHRtNUFnbXFyVWhxU1VrUUdDSjg2dkZ6YlZwRkJUTS1KdlZPNEtIeTAxLVRpbVRiNUtkSDZ0U1BScU1vak5QN2tLSjgtdkk?oc=5,Google News RSS,"Fri, 26 Jun 2026 07:00:00 GMT",2026-08-14T09:04:12.831540,India,0,1
243,,"<a href=""https://news.google.com/rss/articles/CBMixgFBVV95cUxPQVVfelR3RmNQMEdRT0gtaDVnQnlVX08wNHgtYlJIQkpkMFUxaVlNVk9wZ1ctY2YwZkY4blBYNDZXMWI2M0N4LXVfRmo4TE9FNlFiX1JNdUJKMkk4VXlSOGpoVlMxZElhWFpocjQtZ21VSDNSVWFTU0R3Nm1VTHNLTF9WNnc1VEpOTEdQdU8yUkZNbDduWTU3cDdpVWk4b2xIUVZVRW5PcnVPX3B4RDBUTmc4OGE0NWJKZWdoNHhnZFc5YmdOMWfSAdMBQVVfeXFMT1NFQ2lTNEZPNnlVRmNhc1p6NlpBTUIybUpRWmZtRFRkeGtHT0JxaDhYaGxXSHpTSzYteEJSTEN3RlJRZVpOeUg3bWoxR1RYajBYdzJXR2gycS1RNWFWcWIxMGlBeXhUUklZR3RTcXN1Y05kZFMyWlkwMDgxZ1lidXM4UU9kX0xlOUgwVmRTSmRjUWtqMGNxZnY1YVFnd1NjWTlKdFZNWmJCdUx1cHM1aFdBaVRWbndjZmVJR3NxSEtmcnh2X1BiMDYxSEhZTG1HOGlFTQ?oc=5"" target=""_blank"">Rourkela Bishop loses Rs 14.36 lakh to digital arrest scam, 2 arrested</a>&nbsp;&nbsp;<font color=""#6f6f6f"">The New Indian Express</font>",1,Digital Arrest,,News Report,English,Critical,,Unknown,https://news.google.com/rss/articles/CBMixgFBVV95cUxPQVVfelR3RmNQMEdRT0gtaDVnQnlVX08wNHgtYlJIQkpkMFUxaVlNVk9wZ1ctY2YwZkY4blBYNDZXMWI2M0N4LXVfRmo4TE9FNlFiX1JNdUJKMkk4VXlSOGpoVlMxZElhWFpocjQtZ21VSDNSVWFTU0R3Nm1VTHNLTF9WNnc1VEpOTEdQdU8yUkZNbDduWTU3cDdpVWk4b2xIUVZVRW5PcnVPX3B4RDBUTmc4OGE0NWJKZWdoNHhnZFc5YmdOMWfSAdMBQVVfeXFMT1NFQ2lTNEZPNnlVRmNhc1p6NlpBTUIybUpRWmZtRFRkeGtHT0JxaDhYaGxXSHpTSzYteEJSTEN3RlJRZVpOeUg3bWoxR1RYajBYdzJXR2gycS1RNWFWcWIxMGlBeXhUUklZR3RTcXN1Y05kZFMyWlkwMDgxZ1lidXM4UU9kX0xlOUgwVmRTSmRjUWtqMGNxZnY1YVFnd1NjWTlKdFZNWmJCdUx1cHM1aFdBaVRWbndjZmVJR3NxSEtmcnh2X1BiMDYxSEhZTG1HOGlFTQ?oc=5,Google News RSS,"Wed, 01 Jul 2026 07:00:00 GMT",2026-08-14T09:04:14.789569,India,0,1
244,,"<a href=""https://news.google.com/rss/articles/CBMiowFBVV95cUxNUmpBWEZrMF9EUERqMlpfLUlsMy1iX1BocXp3ZVFHRDhHVVlHeEFPNlJEYVd4WmNselprZ1BqNUtubXRrVFV1djNZZ1FtNHNhUHNKSGdQUk5EbG04dms3LUtpTEJCOVpKcGs4Yi1ReXhreHVZVV9ObjRidEloQ0hLYlRxV1dhYU1xdWRhbVdsTDRkbWg5a0N3QWZLZ0FibUdQX2tn0gGqAUFVX3lxTE1GM1IyRzFwTXU4V0I3LUFFUkhuWTgwS3hudi1FRUNWZDR0WTVrdnJ2ZFExVDRIR19XamVrWDNjdzN1Slp4bzlwLWl6Y1BZSk1LMTBzZm1SQzF2UENHVVZ5ZmNHVTU1OXJFX3BhSmtTbnd0OHZwRjBxMkhTWGNMWHViblRseTBad2pyTC1rYXdSaTczdXhrRVpRVHNKalQ3QzcyZlRlX1d6WE9n?oc=5"" target=""_blank"">CBI arrests accused in digital arrest case</a>&nbsp;&nbsp;<font color=""#6f6f6f"">The Hindu</font>",1,Digital Arrest,,News Report,English,High,CBI,Unknown,https://news.google.com/rss/articles/CBMiowFBVV95cUxNUmpBWEZrMF9EUERqMlpfLUlsMy1iX1BocXp3ZVFHRDhHVVlHeEFPNlJEYVd4WmNselprZ1BqNUtubXRrVFV1djNZZ1FtNHNhUHNKSGdQUk5EbG04dms3LUtpTEJCOVpKcGs4Yi1ReXhreHVZVV9ObjRidEloQ0hLYlRxV1dhYU1xdWRhbVdsTDRkbWg5a0N3QWZLZ0FibUdQX2tn0gGqAUFVX3lxTE1GM1IyRzFwTXU4V0I3LUFFUkhuWTgwS3hudi1FRUNWZDR0WTVrdnJ2ZFExVDRIR19XamVrWDNjdzN1Slp4bzlwLWl6Y1BZSk1LMTBzZm1SQzF2UENHVVZ5ZmNHVTU1OXJFX3BhSmtTbnd0OHZwRjBxMkhTWGNMWHViblRseTBad2pyTC1rYXdSaTczdXhrRVpRVHNKalQ3QzcyZlRlX1d6WE9n?oc=5,Google News RSS,"Wed, 01 Jul 2026 07:00:00 GMT",2026-08-14T09:04:16.751830,India,0,1
245,,"<a href=""https://news.google.com/rss/articles/CBMilgFBVV95cUxOWkRoZV9lX3Qxc3hkWUZKaFFxX29jckwwMWh2ZDhiTHRXVTBlZUVINDd2bi1NalNOMjVhTFpWUS1TNlAydlNOSWpoZTlGb0VWR3lOaURjamU3Tkpad1kzTlBTZGRfYmd4VXFTY0tjcVJ1b1o2TVNXcjhQeUx1YlY5d3Vib3YybFB0aDRPczNDelRBeUhNblE?oc=5"" target=""_blank"">‘Digital arrest’ scams: CBI conducts raids in 16 states</a>&nbsp;&nbsp;<font color=""#6f6f6f"">navhindtimes.in</font>",1,Digital Arrest,,News Report,English,High,CBI,Unknown,https://news.google.com/rss/articles/CBMilgFBVV95cUxOWkRoZV9lX3Qxc3hkWUZKaFFxX29jckwwMWh2ZDhiTHRXVTBlZUVINDd2bi1NalNOMjVhTFpWUS1TNlAydlNOSWpoZTlGb0VWR3lOaURjamU3Tkpad1kzTlBTZGRfYmd4VXFTY0tjcVJ1b1o2TVNXcjhQeUx1YlY5d3Vib3YybFB0aDRPczNDelRBeUhNblE?oc=5,Google News RSS,"Fri, 26 Jun 2026 07:00:00 GMT",2026-08-14T09:04:22.363368,India,0,1
246,,"<a href=""https://news.google.com/rss/articles/CBMitAFBVV95cUxPb05lZGk4TGpIMXdPcUZHZnhkMEVBT21XLVZCTkFBRVJwclpiZDQzMlhMV0lwRkoxR2Z2T3RiRlR5OENRMjlfVmdSYVVSMnpxeVVVV0wxY1VWT2x4N3BHTF96LThjcENFZkF3cmxrYTNoTG1uLUV1OFF2ZTN2Q1dEWERLUzg0OGV0cXJUbVpWd2hlWkN5WTRWaXEtNE0xc2ZmQ1MybVNCMmx3MFFxTnBieUE3VzA?oc=5"" target=""_blank"">CBI arrests Haryana man from Rajkot in Rs 25.65 L digital arrest case</a>&nbsp;&nbsp;<font color=""#6f6f6f"">Ahmedabad Mirror</font>",1,Digital Arrest,,News Report,English,High,CBI,Unknown,https://news.google.com/rss/articles/CBMitAFBVV95cUxPb05lZGk4TGpIMXdPcUZHZnhkMEVBT21XLVZCTkFBRVJwclpiZDQzMlhMV0lwRkoxR2Z2T3RiRlR5OENRMjlfVmdSYVVSMnpxeVVVV0wxY1VWT2x4N3BHTF96LThjcENFZkF3cmxrYTNoTG1uLUV1OFF2ZTN2Q1dEWERLUzg0OGV0cXJUbVpWd2hlWkN5WTRWaXEtNE0xc2ZmQ1MybVNCMmx3MFFxTnBieUE3VzA?oc=5,Google News RSS,"Thu, 02 Jul 2026 07:00:00 GMT",2026-08-14T09:04:24.299480,India,0,1
